exp_a,exp_b,trial_id,Shape,Length,Direction,Position,Duration
1,4,2,0.9899844456804225,0.7958307731524348,0.9845849965507215,0.9025005829034243,0.6405775075987842
1,6,2,0.9906973188081677,0.7034898495550947,0.9877008502868322,0.8950888540845364,0.6833333333333333
1,14,2,0.9906585055302386,0.7549377570249147,0.9877395218404877,0.922029786624752,0.6804304304304305
1,15,2,0.9890856320786939,0.7053991436245712,0.9837671991156047,0.9046215815565338,0.6976744186046512
1,16,2,0.9900343414420242,0.690329687778698,0.9863500609174918,0.9140362000381954,0.6818181818181819
1,17,2,0.9895213981862099,0.6477729786769043,0.9876783227950534,0.9050315224697094,0.7083333333333334
1,18,2,0.9890495704745913,0.6942184829654809,0.9862298459025075,0.9011613069338051,0.6557112068965517
1,20,2,0.9916129873336132,0.6939862182355574,0.9890463246599551,0.8778239699103992,0.625
1,24,2,0.9918166159417213,0.7588963373260629,0.9892707718437248,0.8732478606010721,0.5945945945945945
1,25,2,0.9931378273284257,0.6667825545575525,0.9913310907733521,0.8883962456979999,0.6923076923076923
1,32,2,0.9915057756307087,0.7459874663960284,0.9887518825282371,0.9188478043511421,0.6545092838196287
1,33,2,0.9915203126230131,0.7648043335492696,0.9881424465597058,0.9251664806686882,0.6666666666666666
1,40,2,0.9868980522315836,0.7284976358361471,0.9817842758906387,0.9104135806743001,0.7029411764705882
1,42,2,0.9876279137869872,0.7025726842945049,0.9838802316641769,0.9326216595596016,0.7142857142857142
1,50,2,0.9901877775015622,0.6895640536787213,0.9868788244222243,0.8739827203570947,0.6923076923076923
1,51,2,0.9887834880337298,0.7448165448072451,0.9839066935986583,0.9090455359813957,0.6300751879699248
1,53,2,0.9875200002945734,0.761355426127289,0.9832208814349656,0.9198827211725794,0.7142857142857142
1,54,2,0.9883943892833423,0.7536545509130175,0.9848809098182404,0.890508573510102,0.588235294117647
1,55,2,0.9915676239721661,0.6630037708172218,0.9877567476860837,0.9010757935441507,0.5686274509803922
1,57,2,0.9892013635171789,0.7657553491876863,0.9843254333223164,0.911583951653935,0.7272727272727273
1,58,2,0.9901612197200214,0.7210886004476912,0.9874701344998126,0.9267263523279928,0.631578947368421
1,61,2,0.990295217454446,0.6794359672204726,0.9866308415366658,0.9418444009582091,0.6899038461538461
1,62,2,0.9903439732996082,0.7137913357397505,0.986905741798703,0.9119044818552946,0.6666666666666667
1,66,2,0.9859369956787637,0.6905850362362138,0.9781720675285078,0.8733351610079183,0.7236363636363636
1,72,2,0.9912370300675908,0.6310948473140076,0.9904698159635086,0.8994285968233824,0.736842105263158
1,73,2,0.991575121053774,0.6423999454569809,0.991526652809612,0.9450339046745837,0.7
1,75,2,0.9874189289530206,0.746781943222989,0.9817855476760691,0.8917790253228419,0.6
1,81,2,0.989460644867408,0.6744582636812003,0.9853534842272231,0.9058912490925511,0.6774193548387097
1,83,2,0.991105930538681,0.6628848955837756,0.9889243211686308,0.9214259167497305,0.7013513513513514
1,84,2,0.992886392070124,0.6482667490529128,0.991166176847921,0.9256883624429735,0.7250000000000001
1,88,2,0.9877911540399504,0.7338329252304676,0.9805093851922065,0.9109769212546868,0.7037037037037037
1,89,2,0.9924198549338824,0.6557867896500071,0.9903836228149097,0.8694736496789344,0.6363636363636364
1,91,2,0.9884864090255502,0.7811414391473737,0.9826645820092751,0.9176327249299858,0.5625
1,97,2,0.9917786683338199,0.7472960104809938,0.9889340854564913,0.9082582549485143,0.6066017316017316
1,105,2,0.9901234230047357,0.6953024346461669,0.9859429795740847,0.890388049627041,0.736842105263158
1,108,2,0.9858797451059018,0.694728464294559,0.9817855677022905,0.9356667496773613,0.7272727272727273
1,112,2,0.9918080310696702,0.6358860838537121,0.9880470180707247,0.9178192682229805,0.6923076923076923
1,115,2,0.9920431444867089,0.7448676203214126,0.9873004466193545,0.9051407066905028,0.6211556383970177
1,117,2,0.9904028502458195,0.6950110015120446,0.9874071075900649,0.9095084490196531,0.6530100334448161
1,120,2,0.9889786070055184,0.7039560419155351,0.9837029665713471,0.9278197558390918,0.7
1,125,2,0.9852242849582534,0.7739721161194287,0.9806705146172716,0.9069378204475841,0.7391304347826088
1,135,2,0.9898890961880557,0.6083159713917206,0.9862778058767517,0.9077893537373088,0.6715686274509803
1,142,2,0.9915219271707442,0.7201511322751349,0.9901351353457308,0.9194787523801835,0.6603773584905661
1,143,2,0.9875696712747065,0.8392231252410727,0.9825532974914518,0.911553926672268,0.5
1,145,2,0.9907931578550014,0.7282871549716471,0.9884551516580382,0.8893325713120828,0.7320512820512821
1,147,2,0.9922671996276371,0.6553430778114295,0.9923545155388993,0.9176812095313701,0.7619047619047619
1,151,2,0.9935918096725348,0.5798317892361915,0.9925200597383926,0.9066419365865381,0.6923076923076923
1,155,2,0.9890786636555049,0.6844247893579659,0.9837396604714327,0.9268831849279316,0.7113095238095237
1,158,2,0.9905199977102339,0.811336239047217,0.9875682854217387,0.9059640009498675,0.590727816550349
1,168,2,0.9914843678457893,0.6947273139390696,0.9876387862895409,0.8719080949005765,0.6939799331103679
1,169,2,0.9881850237361228,0.7460997018515361,0.9859159757277047,0.9413909775814437,0.6923076923076923
1,171,2,0.9902450105200449,0.6984362816278069,0.9870893020326592,0.9256474450645277,0.5681818181818182
1,185,2,0.9902234725483888,0.7398898421730878,0.9888258227718225,0.9179997371969062,0.6666666666666666
1,190,2,0.988816708190375,0.7999072243984922,0.9836249965963904,0.9079854141247264,0.6
1,191,2,0.9896704744374928,0.6824454976814813,0.9866539795865149,0.9384628183261491,0.6862745098039217
1,192,2,0.9917116991434237,0.6979449714878486,0.9888806271935244,0.9191431379153129,0.6020833333333333
1,194,2,0.9899031158307334,0.5990933814251154,0.9867293148802492,0.8913245605379108,0.7
1,197,2,0.9893752915469374,0.6802343366579555,0.9860923212132359,0.9369831988471595,0.6
1,202,2,0.987886095675467,0.5984710436655079,0.9816266851993201,0.9352033089983013,0.6273148148148149
1,203,2,0.9871143498937409,0.6614639079494986,0.9809955512995377,0.9151879975419985,0.7036585365853659
1,206,2,0.9926387167833945,0.7007572637072893,0.9908740288344583,0.9160542585828777,0.7083333333333334
1,207,2,0.9922533972879574,0.6685172839232416,0.9909581128479319,0.9325276687694372,0.6363636363636364
1,210,2,0.989298809788783,0.6570716722503229,0.9874407624733832,0.9216825879198391,0.6944444444444445
1,212,2,0.9912213945434255,0.765248211772853,0.9864647940657831,0.9232390153411706,0.7236363636363636
1,214,2,0.9900486127639246,0.6699463707293922,0.9883316957044398,0.8853192236375698,0.6835686777920411
1,215,2,0.9918857252938215,0.6792272755002962,0.9891319886737142,0.8867350027067779,0.6666666666666667
26,4,2,0.9906962678492423,0.7819097098939285,0.987994148728814,0.8788824045614505,0.6536731634182908
26,6,2,0.9915093217748033,0.6563175070420952,0.9890809114294524,0.9215968620359967,0.5714285714285714
26,14,2,0.9914061410176638,0.6674983133609746,0.9884880035114759,0.9038975121668384,0.619047619047619
26,15,2,0.990851247118604,0.7307488076910693,0.9876032536788486,0.9141630989698744,0.638888888888889
26,16,2,0.9904029493354297,0.7176429378791549,0.9859357970133301,0.9268593405426256,0.5833333333333335
26,17,2,0.9910250991331342,0.7059993284289099,0.9881794337315953,0.9018647922866951,0.6363636363636365
26,18,2,0.988986183790372,0.710748305023097,0.9858536959187826,0.903472622004395,0.653846153846154
26,20,2,0.9903202381832744,0.75664815751079,0.9871517841872556,0.8959024107973841,0.6382978723404256
26,24,2,0.9914422492295645,0.7765765029133838,0.9878427492102289,0.8663877319203674,0.6262254901960784
26,25,2,0.992545090005561,0.735292401910273,0.989587722338487,0.9138006441479598,0.619047619047619
26,32,2,0.9910996581387258,0.7425399140566861,0.987659178071019,0.9075141222365875,0.5675675675675677
26,33,2,0.9911826735001937,0.7560856049714267,0.987355982612806,0.920132674459217,0.6206896551724137
26,40,2,0.989604972801781,0.7242150332673088,0.9846334588295448,0.8968012919048384,0.5875959079283888
26,42,2,0.9893133826419156,0.7004141457410172,0.9835818476076873,0.9413597488207454,0.5741758241758241
26,50,2,0.9894427185717497,0.718213223885281,0.9850428524541598,0.8874049487488667,0.574468085106383
26,51,2,0.9901766376619799,0.7127549328309604,0.9846020105512807,0.8558573548971102,0.625
26,53,2,0.9891267777116011,0.6823588913886975,0.9859994123597102,0.8749654493726788,0.6132478632478633
26,54,2,0.9887578166383183,0.7510282006142446,0.9865638546967298,0.876157468655986,0.6739130434782609
26,55,2,0.9913040976655015,0.7449784880110146,0.9885292505199326,0.8820980413177177,0.6176470588235294
26,57,2,0.9897283803186656,0.7151214892843858,0.9843203176150045,0.9197579498108664,0.6348484848484849
26,58,2,0.9910952428268265,0.6937200491288309,0.9883080664183186,0.9058744769924947,0.6410256410256411
26,61,2,0.989889636864358,0.7843348618429864,0.9863652370475902,0.9407706182476191,0.6153846153846154
26,62,2,0.9904256289253816,0.7136319954661987,0.9863506067713946,0.9357781647587085,0.6363636363636365
26,66,2,0.9895742740175616,0.6518092432062803,0.9830058669314632,0.8741989947050594,0.5568475452196382
26,72,2,0.9908332163448177,0.6545845928421854,0.9884932315517815,0.8841245010800827,0.6414285714285713
26,73,2,0.9907554233695318,0.6537106074385924,0.9871017285540147,0.8901112975971861,0.6318840579710145
26,75,2,0.9883499546448894,0.7585554398242591,0.982464681547127,0.9206978064489411,0.6521739130434783
26,81,2,0.9898277285401771,0.7550520466855145,0.9847964987346718,0.8974841660665219,0.6220238095238095
26,83,2,0.9915830776527554,0.7412707293354537,0.9876409210121202,0.9085204226307708,0.6666666666666666
26,84,2,0.9908562328802446,0.7238479091395064,0.9891894906592352,0.8871900471124261,0.6333333333333333
26,88,2,0.9877434412122168,0.6981570760547725,0.9830584950240505,0.9123709027070513,0.5999999999999999
26,89,2,0.9919478706454471,0.7170264757616154,0.9881996392115937,0.9205689546090744,0.6666666666666666
26,91,2,0.9910603506600002,0.7846780414772784,0.9870400118011203,0.9439741853449148,0.5889649923896499
26,97,2,0.9920028662377034,0.7733206168060781,0.9889432678234413,0.9121145059845598,0.6751918158567775
26,105,2,0.9910516725623193,0.7251809808191665,0.9865874136404026,0.9127947656446651,0.6343808630393997
26,108,2,0.9884259990680264,0.6368432861170343,0.9846438441430484,0.9260137534792683,0.5455486542443064
26,112,2,0.9907387334427399,0.6908975980530655,0.9872939931195452,0.9064317747988208,0.6909814323607427
26,115,2,0.9915794366311443,0.6700009666288107,0.9867286108469052,0.9094210671487182,0.6363636363636364
26,117,2,0.9913334928226417,0.7439304677455668,0.9877626891756784,0.9260748397922823,0.6363636363636365
26,120,2,0.9901544671109662,0.7287383486986241,0.9875515971684627,0.9171876054480974,0.6363636363636365
26,125,2,0.9859297666674229,0.6599800455458656,0.980849587776008,0.8630520085998816,0.6585365853658536
26,135,2,0.9894055949979641,0.6721017514767134,0.9857486017995143,0.9186947742787201,0.584349593495935
26,142,2,0.9904345440479719,0.6542538496267225,0.9878853844364284,0.9086624043878356,0.6470588235294117
26,143,2,0.9892172664909349,0.7956850425536406,0.9843726687225453,0.9034688280588969,0.6310068649885583
26,145,2,0.9900818133715846,0.7455661891451175,0.9869840518640672,0.8659798089241507,0.5999999999999999
26,147,2,0.9927178490744034,0.7112917894223245,0.9899170958206649,0.9008214799075472,0.6086956521739131
26,151,2,0.9935299347165947,0.6854943216063407,0.9918427933772509,0.892396500189075,0.6521739130434783
26,155,2,0.9899829398066322,0.7870576487286136,0.9890230865903787,0.9483800778584042,0.5853658536585366
26,158,2,0.9914865508855228,0.7792988087556864,0.9878938795694459,0.9181230679403959,0.6226415094339623
26,168,2,0.9917078448533339,0.6365591801411801,0.9882403982790544,0.8963208945036376,0.6428571428571428
26,169,2,0.9885977934214721,0.7528798215217992,0.9851047945588488,0.9221268155260242,0.5853658536585366
26,171,2,0.9922292771852004,0.7475765850694975,0.9883053632250718,0.9017873460826399,0.6000000000000001
26,185,2,0.9917083903276487,0.7110355064930289,0.9887882402253307,0.9123381974240566,0.6170212765957447
26,190,2,0.9921169668270954,0.7241320244656018,0.988122528972022,0.8858047536283791,0.6052631578947368
26,191,2,0.9894776641817451,0.7460788120230049,0.9853664050051281,0.910676380175657,0.6341463414634145
26,192,2,0.9915632220232259,0.6817796461784353,0.989859582821965,0.8864442358767997,0.6470588235294117
26,194,2,0.9899451083045226,0.6503410150644116,0.9858179165185147,0.8909781673169016,0.6720430107526882
26,197,2,0.9895585998498874,0.726256878002893,0.98745718038736,0.903934797093545,0.6069794050343249
26,202,2,0.988084737570611,0.641107641951137,0.9804026622625197,0.8738579619743114,0.6785714285714286
26,203,2,0.9886500874843833,0.6946957958834108,0.9830956281496857,0.8870479432695468,0.6086956521739131
26,206,2,0.9915799477894804,0.6547403927961621,0.9892400268303186,0.8945490317179359,0.6052631578947368
26,207,2,0.991471835375939,0.6791179204319537,0.9886224752528989,0.9072436949048891,0.6153846153846154
26,210,2,0.990529801696012,0.7533276839980324,0.986321206421423,0.9115152230416895,0.5681818181818182
26,212,2,0.990656873448317,0.6743581311144582,0.9876072225791453,0.9235346540780854,0.6486486486486487
26,214,2,0.9903327051997864,0.6745414958780103,0.9875151165452511,0.8971694912546737,0.6419413919413919
26,215,2,0.9906874642395198,0.6765873019647117,0.9881724225005659,0.8726751478147136,0.6296296296296298
48,4,2,0.9927143314437704,0.709276458529706,0.9908491481094542,0.929666436478681,0.6742424242424243
48,6,2,0.993726897204019,0.6981144694563887,0.9902417967455687,0.8924577473944697,0.7391304347826088
48,14,2,0.9923641044388015,0.7188591697668806,0.9905043179488876,0.8794084976743816,0.657142857142857
48,15,2,0.9924170460769862,0.6685880715159411,0.9898599607959441,0.901726034882812,0.6594202898550725
48,16,2,0.9922639539340714,0.6673772026760922,0.9902506758893077,0.9032371243141595,0.7222222222222223
48,17,2,0.9932707564906891,0.7416897404433185,0.9924663017463712,0.9277590836861387,0.676470588235294
48,18,2,0.9905487128447268,0.7177139315399048,0.9882375872116139,0.9326323997322892,0.7142857142857143
48,20,2,0.9937699461521278,0.7454713168606342,0.991848159257431,0.9249349045234798,0.5999999999999999
48,24,2,0.9940981001770138,0.6825915971787518,0.9919826457067893,0.9438625051126046,0.56
48,25,2,0.9938938934766423,0.7240437954489001,0.9904488842981023,0.874577387425488,0.7
48,32,2,0.994807903068691,0.7251672797240268,0.9929469846763493,0.9230353723060708,0.6363636363636364
48,33,2,0.9933545298291544,0.7540745151230981,0.9914661223155877,0.9284498037052232,0.6428571428571428
48,40,2,0.9909132078095675,0.7933988520234314,0.9873537618982541,0.9008356221659555,0.6756756756756758
48,42,2,0.992261045828653,0.7356731743416469,0.9887904981223985,0.881301701832147,0.72
48,50,2,0.9911418482075144,0.6876792329918072,0.9881605255879223,0.8868225324464414,0.7360681114551084
48,51,2,0.994429597266758,0.6761852324292499,0.9935610920451869,0.9496495795023628,0.6842105263157894
48,53,2,0.9909729527367039,0.7313046963315952,0.987399752816382,0.9099998710328587,0.7119815668202765
48,54,2,0.9926542184423418,0.6779923301963546,0.9901479401526208,0.9307856770022102,0.6079192546583851
48,55,2,0.9921303073366219,0.7337855295491182,0.9876212541424602,0.9113503075312542,0.5862068965517242
48,57,2,0.993574036704482,0.7155043108426555,0.9898786986486667,0.9021307149977704,0.7113095238095237
48,58,2,0.992926302709099,0.7197189798283552,0.9909500545855365,0.9470165322461965,0.6314814814814815
48,61,2,0.9935659559721035,0.6406505392191499,0.9912499621979215,0.9385641641434995,0.6785714285714286
48,62,2,0.9949130594610163,0.6834563162949864,0.9926947256964667,0.9219894579719744,0.7272727272727273
48,66,2,0.9916166563356599,0.6769548645420598,0.9881835214940274,0.9164485196930556,0.7272727272727273
48,72,2,0.9934615759692524,0.7085829200175244,0.9908687619330976,0.8824696603995139,0.709005376344086
48,73,2,0.9934876329018406,0.7207559431378072,0.9913325226274221,0.9003634942259129,0.6818181818181819
48,75,2,0.9906492381677996,0.6582597556440148,0.98677562147004,0.8973236687364854,0.6451612903225807
48,81,2,0.9915399837616944,0.728833568550735,0.9879860468533559,0.9438394473128467,0.6785714285714286
48,83,2,0.9925350638582195,0.6941604741109951,0.9907514167694634,0.9194258368319408,0.7142857142857142
48,84,2,0.9933324852850627,0.7162222389375749,0.9919228916095267,0.9416601693972406,0.7209302325581396
48,88,2,0.9915841050148397,0.7375900347617823,0.9907104599412045,0.9393396352226697,0.7419354838709677
48,89,2,0.9940082073118802,0.688498917456044,0.9915088922631612,0.8577042508637603,0.6428571428571428
48,91,2,0.9918029493993035,0.7571070604464865,0.9864897129862416,0.9517021564776412,0.5454545454545454
48,97,2,0.993585337571339,0.6824295041724688,0.990869742423059,0.9261773835817144,0.657142857142857
48,105,2,0.992766134538461,0.7151860946823567,0.9924791283715654,0.8787981628984984,0.6956521739130435
48,108,2,0.9921568140994264,0.7170495178453229,0.992211063952645,0.9390850721143449,0.7735849056603774
48,112,2,0.9941896145422034,0.7113480213691171,0.9932755786391142,0.8550117803821804,0.6957070707070707
48,115,2,0.9938571893800816,0.7163177404460352,0.9923001013059348,0.8601501710142834,0.6553686293913904
48,117,2,0.992788295841671,0.7296112471726848,0.9892927805250977,0.9564902125059682,0.6799999999999999
48,120,2,0.9918772068314723,0.7179448864108599,0.9878841151641724,0.8910165547959286,0.6818181818181819
48,125,2,0.989162529744672,0.6899623734629624,0.9878615442936035,0.8871526116794379,0.6666666666666667
48,135,2,0.9912768574013258,0.7270247798786071,0.9863110778598757,0.85616850849184,0.7399355877616748
48,142,2,0.9938470895198953,0.7414058551274804,0.9919910070683315,0.9081530630397799,0.6666666666666666
48,143,2,0.9917627538302348,0.7190492779259994,0.9900236371337987,0.9486909934231608,0.5341085271317829
48,145,2,0.9931697987815093,0.750394121584164,0.9923294849486529,0.937802917256669,0.736842105263158
48,147,2,0.9937986230361214,0.7459274148463019,0.991734013820824,0.8880676490412435,0.7350877192982457
48,151,2,0.9942889759581319,0.6205551623820935,0.992446203809574,0.8836518799354202,0.6809090909090909
48,155,2,0.9918648302852703,0.7382653276214877,0.9899819881591839,0.9285452581062683,0.75
48,158,2,0.9930604801419768,0.7033663170289242,0.9897426967347686,0.8883088856331935,0.6363636363636365
48,168,2,0.9918133640107738,0.664777565767535,0.9884642791190574,0.8547521635814171,0.7
48,169,2,0.9909613748603915,0.7344737388087601,0.9872942421976311,0.9347033202375484,0.6666666666666666
48,171,2,0.992861540932235,0.716766265035738,0.9897932802647146,0.8847667692310651,0.5999999999999999
48,185,2,0.9929237975178732,0.6518911244109409,0.9920644460299451,0.8841090295517064,0.6666666666666667
48,190,2,0.9938208255831661,0.7491306355698217,0.9913124741475482,0.949824364337461,0.6904761904761905
48,191,2,0.9915639946513769,0.7263980588635737,0.9881103924860393,0.9213009868288993,0.6545092838196287
48,192,2,0.9936512326321172,0.7107191150339565,0.9912113868385949,0.858180534666211,0.6521739130434783
48,194,2,0.9915255441539645,0.6937009045030049,0.9875890399590515,0.8795184714076258,0.7105263157894737
48,197,2,0.9902315832120742,0.7248060110958177,0.9868533955273417,0.90536305740938,0.6666666666666667
48,202,2,0.9884104064484728,0.6750475314592468,0.9816897300109159,0.8932894487489786,0.6666666666666666
48,203,2,0.9912706849764489,0.6535826621857127,0.9888481209038663,0.8622443432108564,0.7236363636363636
48,206,2,0.9946796081218875,0.73839736178376,0.9927638449006463,0.877718830174487,0.6873015873015873
48,207,2,0.9937297076057524,0.6813671395658409,0.9923112434623784,0.9115505763528717,0.6125740618828176
48,210,2,0.9932809011800133,0.6782912717996732,0.9909522681525866,0.9582830493639546,0.6666666666666667
48,212,2,0.9932042166171534,0.6891713109034867,0.9908738002304068,0.8993479184643121,0.7142857142857142
48,214,2,0.9929982368421758,0.6912111743350485,0.9916924036563052,0.8696845826286187,0.6956521739130435
48,215,2,0.9926112369072821,0.7028230168249634,0.9911092563016982,0.899352731018675,0.6666666666666666
68,4,2,0.9937637873477907,0.7412269855661588,0.9921104917822731,0.9236280503690384,0.6514837819185646
68,6,2,0.993668174813823,0.7292366919119582,0.9911179843380628,0.9560230145425012,0.7142857142857142
68,14,2,0.9939412878067676,0.7530435893201246,0.9932834770823182,0.95772733447269,0.6715686274509803
68,15,2,0.9939696915356013,0.7598204365937378,0.9915612881490519,0.933231945263723,0.6785714285714286
68,16,2,0.9940325786333231,0.7010878150101898,0.9919061053520195,0.948186196546254,0.653846153846154
68,17,2,0.9939442337859324,0.7563873323196925,0.9913752062786044,0.9281777174174988,0.6857366771159874
68,18,2,0.9912882308553883,0.7149758924022516,0.9884783494192207,0.888685808091371,0.7142857142857142
68,20,2,0.9942516887311524,0.7537863250104067,0.9924101839500131,0.9243904333787039,0.6129032258064516
68,24,2,0.9943784063925925,0.7480477402916487,0.9936948588694521,0.9068115455265812,0.5714285714285714
68,25,2,0.9942212639866731,0.7218021637223486,0.992780229848398,0.9471241131007366,0.7052139037433155
68,32,2,0.9946413728097823,0.7775884139975285,0.9941162404167764,0.9573105378712975,0.6875
68,33,2,0.9931066975357798,0.6915150784060289,0.9915639764584498,0.9153324664201351,0.6564685314685316
68,40,2,0.9925330510804334,0.73999402536682,0.9910560866573573,0.9420068144627378,0.6923076923076923
68,42,2,0.9932891578292311,0.71013316052593,0.9919277118950601,0.9255779603016967,0.6963109354413702
68,50,2,0.991772711709259,0.7231753005452384,0.9895307538077185,0.8581791631029876,0.7142857142857142
68,51,2,0.994670050839473,0.6783290186161381,0.9928482758976308,0.9010743012644712,0.6488857278330963
68,53,2,0.9909913985127342,0.7458476826524685,0.9893106567467504,0.9075055603124118,0.7
68,54,2,0.9931730312675978,0.7566149332412411,0.9903894170208611,0.8837584592825862,0.6551724137931034
68,55,2,0.9937874925870431,0.7249955228923491,0.991507155892325,0.9434682829223656,0.5555555555555556
68,57,2,0.9941513251470087,0.6989249493836073,0.9920198914397944,0.8485366922957128,0.7217021276595744
68,58,2,0.9942479179180456,0.6707196282104158,0.9931130020852258,0.9211799869617138,0.619047619047619
68,61,2,0.9937306591739505,0.6837215408101811,0.9921846035637635,0.9115897124846715,0.7124060150375939
68,62,2,0.994467358778116,0.7323220100253077,0.9941505234876865,0.9176594417035553,0.6545092838196287
68,66,2,0.9940134105933476,0.6895316394078254,0.9912881295813103,0.8517865820040239,0.7029411764705883
68,72,2,0.9930921181634231,0.685237057175685,0.9915004752847278,0.9193102599803772,0.6896551724137931
68,73,2,0.9941841834321965,0.7285234140291938,0.9928865826328794,0.9202688573690528,0.6923076923076923
68,75,2,0.9909448847423743,0.7394295076663653,0.9885206291760713,0.911877918985407,0.6141439205955335
68,81,2,0.9919930979130103,0.7275307764011691,0.9878689607705818,0.9027541622390705,0.6785714285714286
68,83,2,0.9937945846548819,0.7287697238572737,0.9918323224029687,0.9012797151631944,0.7142857142857142
68,84,2,0.9944016503765406,0.7772852874181393,0.9937828566157221,0.9271799137997513,0.6923076923076923
68,88,2,0.9932131738118468,0.6881148255512823,0.9939838039892712,0.9275910661359794,0.7142857142857142
68,89,2,0.9930857680172581,0.6800186651849496,0.9904159276143835,0.9054019606143104,0.6153846153846154
68,91,2,0.9927747193795464,0.7517023390344435,0.9890060923242631,0.9272223657795058,0.5757575757575757
68,97,2,0.9939106648487893,0.7336117668016781,0.9922501297403058,0.9215019184232012,0.6578947368421053
68,105,2,0.9944446281265348,0.7163696469494081,0.9925025712659249,0.9424249497974029,0.7178655660377359
68,108,2,0.9947361132091894,0.751148120006234,0.9923107672902346,0.8903177777481132,0.6956521739130435
68,112,2,0.9940379688639954,0.7177942359744314,0.9924717173761892,0.9230954843185023,0.6909814323607427
68,115,2,0.9944342151293989,0.7223548403546587,0.9930047413437278,0.9485950325544906,0.6638418079096045
68,117,2,0.9937672880976361,0.738573407293969,0.9928488922518961,0.9134283877702725,0.6394444444444445
68,120,2,0.9915598367365096,0.727873836134957,0.9870010597032756,0.9237028619609855,0.6785714285714286
68,125,2,0.9913243772147674,0.6639542484159069,0.9900306515113494,0.9309415950217453,0.71875
68,135,2,0.9914660854326871,0.7311196557890136,0.9879435771776846,0.9136178886557224,0.7142857142857142
68,142,2,0.9944754510055798,0.7306311070749425,0.992440957778386,0.9167831926509941,0.6666666666666667
68,143,2,0.9928129569695423,0.7132178606177996,0.9900282596169279,0.9297916703226788,0.5333333333333334
68,145,2,0.9942499597767379,0.7562618789177152,0.9933921796614071,0.9188243245194585,0.6666666666666666
68,147,2,0.99430803469587,0.7757776169494173,0.9927222584980101,0.943358097536666,0.7142857142857142
68,151,2,0.9943949674396575,0.6709052496077139,0.9939443571193122,0.951491339485839,0.6923076923076923
68,155,2,0.9935417475863035,0.7395159568550966,0.9930190023396844,0.914528821769901,0.7220689655172413
68,158,2,0.994277362827633,0.7324844804759079,0.9912086337649405,0.9417537687546889,0.621921921921922
68,168,2,0.9928842303419417,0.6805416363235018,0.9900916607537247,0.905039779256308,0.6956521739130435
68,169,2,0.9932588821718082,0.7333008550029715,0.9933855419203315,0.9250225658602943,0.6566964285714285
68,171,2,0.9930220889915441,0.7442714439291636,0.9909496139523101,0.9181725361836146,0.5698051948051949
68,185,2,0.9942338670859769,0.6992173297887588,0.9933155864142799,0.9567412153623167,0.6666666666666667
68,190,2,0.994579389466823,0.7617900540137535,0.9930848757275066,0.9358930165063777,0.5849056603773586
68,191,2,0.9926524272491631,0.7320020496950523,0.9891030518151377,0.9361139027986658,0.6551724137931034
68,192,2,0.9942537148914854,0.7006049757266211,0.9924701672651578,0.9151072704341752,0.676470588235294
68,194,2,0.9909800702687124,0.7399556361332559,0.9882072851307105,0.920686884366877,0.7027027027027026
68,197,2,0.991114985423655,0.7282657765956416,0.9872553742535929,0.9144048364537393,0.6153846153846154
68,202,2,0.9890466505906118,0.6986233060270094,0.9820106821332666,0.8955499799738608,0.6428571428571428
68,203,2,0.9932718431228634,0.6578134215146613,0.9924253214232391,0.9255936741266568,0.7285012285012286
68,206,2,0.993949947125153,0.7437095440871446,0.9933367431984418,0.9338938862777268,0.6840463458110517
68,207,2,0.9938150633779751,0.7178252132455327,0.9925515639895814,0.9359037889239908,0.6818181818181819
68,210,2,0.9938875652628963,0.7389808957244604,0.9919739256770355,0.9389962413072138,0.7
68,212,2,0.9947099525871941,0.7171498459604857,0.993385245172781,0.9548213767830643,0.6666666666666667
68,214,2,0.9921799908097394,0.7659368994129174,0.9905474336409446,0.9343133229189604,0.7142857142857142
68,215,2,0.993423870166049,0.7663202600657838,0.9917004136179779,0.8859677206737838,0.6956521739130435
69,4,2,0.9913006659541922,0.6969087011908368,0.9891153335092939,0.9052841628713699,0.6521739130434783
69,6,2,0.9920590272707788,0.666406398437229,0.9891467607805381,0.9181758657395002,0.6511627906976745
69,14,2,0.9923528290216059,0.7132991134108198,0.9894134731916352,0.9385215619572366,0.6300751879699247
69,15,2,0.992362728131969,0.7088726929248759,0.98969432815696,0.9069184077799115,0.6582156611039794
69,16,2,0.9919500972740829,0.7010812827188944,0.989951437456168,0.9389935084492904,0.6310068649885584
69,17,2,0.9924717533229392,0.7264907364718927,0.9896259837024266,0.8973821456257349,0.6451612903225807
69,18,2,0.9901993211833073,0.7114433809790404,0.986236785946749,0.8992752319460331,0.6521739130434783
69,20,2,0.9925063410261503,0.7134830844609011,0.9891164832587611,0.9189654144841634,0.6506483600305111
69,24,2,0.9927411435480166,0.7022008461273044,0.9895063152064131,0.8763745129700595,0.6136363636363636
69,25,2,0.9934835674245731,0.6986925176651853,0.9913634937977123,0.901696880306256,0.6779661016949152
69,32,2,0.9923790855187136,0.7328034278444819,0.9886991533289926,0.9352959593944158,0.6352549889135255
69,33,2,0.9927036340826568,0.7458402763052763,0.9890447972375009,0.9203155105623521,0.6451612903225807
69,40,2,0.9914740300032792,0.6890292911017174,0.988985299709949,0.9287089723942852,0.6363636363636365
69,42,2,0.9915384700251865,0.652703728151903,0.9868603152391313,0.9048748336908836,0.6521739130434783
69,50,2,0.9904168818512296,0.7237472059503094,0.9876921004137048,0.8603304353620427,0.6504112808460635
69,51,2,0.9924220938567273,0.6911904765292616,0.9886859081660669,0.9232887967733099,0.6521739130434783
69,53,2,0.9898679351849555,0.657413660342489,0.9856360869189184,0.9005421689279071,0.6206896551724137
69,54,2,0.9901635784510078,0.6519887748359763,0.9866918156025315,0.8613796078221407,0.6448371448371448
69,55,2,0.9919174680246223,0.690321145599309,0.9894196046323601,0.9250176520329397,0.5681818181818182
69,57,2,0.9917309368975747,0.6793449157255718,0.9868709180820688,0.8857346206618586,0.625
69,58,2,0.9925309389688138,0.7186564768713956,0.9877043749563137,0.9224189227203178,0.6363636363636365
69,61,2,0.9918418409333167,0.7231298512389734,0.9898538811030706,0.9317452340123837,0.625
69,62,2,0.9910468940987721,0.6959092644590004,0.9880380275324164,0.8993218639697425,0.6282392026578073
69,66,2,0.9918013486962253,0.6243621919647626,0.986855413897899,0.8569866821850397,0.6585365853658536
69,72,2,0.9921625892508185,0.7234605179470446,0.9902494047422693,0.9138077904079568,0.6451612903225807
69,73,2,0.9922174493158626,0.7000514308801091,0.9899640726839937,0.9189117250134301,0.6363636363636365
69,75,2,0.9901563785605122,0.7181785849312059,0.9867574956191714,0.8961336094611629,0.6071428571428572
69,81,2,0.9914835703944942,0.7441320728188969,0.987880779271855,0.8781212318359916,0.6475806451612903
69,83,2,0.992589411208132,0.6828361920063444,0.9917113999874746,0.9250541804855049,0.6666666666666667
69,84,2,0.9921355909995,0.730584039861373,0.9892499421180181,0.9083903293601696,0.6666666666666666
69,88,2,0.9901585581933118,0.6461839408177297,0.9866787554340604,0.9119489452349668,0.6521739130434783
69,89,2,0.992983369382237,0.6860088692171468,0.9909493863174648,0.9164840422439523,0.6419413919413919
69,91,2,0.9917568911607403,0.756213611883027,0.987499364239544,0.9177130493534491,0.5789473684210527
69,97,2,0.9922160042167992,0.7475621427254342,0.9898206864885531,0.9400783156788766,0.6799999999999999
69,105,2,0.991312059797337,0.6276956057912788,0.9874313510892464,0.9174986184681915,0.660919540229885
69,108,2,0.9932940319150517,0.603903256706229,0.9890192173635882,0.8857389791916355,0.6113296616837136
69,112,2,0.9919763609056702,0.7116187455244981,0.9901877843763471,0.9278194603422956,0.6559938524590164
69,115,2,0.9925453497177965,0.6664488333398932,0.990009700362374,0.936167301922355,0.6666666666666667
69,117,2,0.9916212228833576,0.6675310687469413,0.9889388299998615,0.9162775563769376,0.6363636363636365
69,120,2,0.9909527690887011,0.7442823143628031,0.9879773792257582,0.9147520015635866,0.6363636363636365
69,125,2,0.9896411524106644,0.6628987945972393,0.9863807285773687,0.9142767599673615,0.6470588235294117
69,135,2,0.9907354213594135,0.6724214261453846,0.9882238132894209,0.9126894951087792,0.6666666666666666
69,142,2,0.9928466857630023,0.7136536766544068,0.9912361578521167,0.9287323776467783,0.6403940886699506
69,143,2,0.9892622232650721,0.6441550501043445,0.9840701062221188,0.9000231352367715,0.5864253393665158
69,145,2,0.9918180095793202,0.6993084609632719,0.9895429115182142,0.8847281007719179,0.6381818181818182
69,147,2,0.9927481555763558,0.7307503354416862,0.9908247302135885,0.9265695670308836,0.6419413919413919
69,151,2,0.9934227027090994,0.6607882796915909,0.9914590782429052,0.9344172711131207,0.6465465465465465
69,155,2,0.9913530070960569,0.692257388746568,0.9890893672778821,0.9297242588659885,0.6666666666666666
69,158,2,0.9922086853271095,0.7008807415566976,0.989143909936536,0.9150660758164683,0.6285714285714284
69,168,2,0.9926716134981064,0.7182387977277772,0.9901881794633473,0.9090339821739074,0.625
69,169,2,0.9912521877634498,0.6768328718780393,0.9879620305672366,0.9134712741041832,0.6066017316017316
69,171,2,0.9916477123111082,0.7351195635832488,0.9891157876424713,0.9370697987873035,0.6037735849056605
69,185,2,0.9924478482695686,0.6811508710083982,0.9892335850829143,0.9154826706823819,0.6419178082191781
69,190,2,0.9918828472050126,0.6573730067458713,0.986142396336517,0.9138082291016854,0.6428571428571428
69,191,2,0.9908993923387834,0.723169988373611,0.9885562517912644,0.9198738709195546,0.6486486486486487
69,192,2,0.9932647619873658,0.7075241017892566,0.9903950263445916,0.9150940987631346,0.6296296296296298
69,194,2,0.990281444550079,0.6683533501330994,0.9869703602631082,0.9178750492740673,0.6595744680851063
69,197,2,0.9899946920497924,0.6700444532040943,0.9859080798780255,0.9193119671685963,0.6086956521739131
69,202,2,0.989278978210323,0.7193054724407403,0.9840228876525884,0.8945906249419627,0.6745725317153889
69,203,2,0.9914731865237026,0.6196150494773256,0.9889875401135974,0.9081771986558751,0.6071428571428572
69,206,2,0.9933417488303046,0.6901343500610558,0.9918235144428608,0.9143340800435782,0.6666666666666667
69,207,2,0.9931237718181943,0.6993898384149613,0.990863693501638,0.9395029389872896,0.6505813953488372
69,210,2,0.9911841297908977,0.6708395793056312,0.9889951114929207,0.9109695071200578,0.6499999999999999
69,212,2,0.991846834447619,0.6520928404255631,0.9893630114496667,0.9509046558618754,0.6666666666666667
69,214,2,0.9912380611266414,0.691158411379057,0.9891777925050393,0.937784846057333,0.6666666666666666
69,215,2,0.9911084940484969,0.6852982371183509,0.9890952209195747,0.8767546019831307,0.6306042884990254
80,4,2,0.9884625931018013,0.6761505762877,0.987798023764847,0.8626740847041979,0.6771235521235521
80,6,2,0.9881916766316821,0.7258178859335369,0.9870157628893894,0.8589174226136052,0.736842105263158
80,14,2,0.9876716546501528,0.6728212404493176,0.984906438685401,0.8946912807010345,0.6666666666666666
80,15,2,0.9880475237649006,0.6611789212629668,0.9878912069078638,0.8798255550632117,0.6742424242424243
80,16,2,0.9889672651315636,0.7192641164598542,0.9865932824135206,0.8616320497923413,0.648125
80,17,2,0.988468873551844,0.6481673678603218,0.9870016654225443,0.8655938012958506,0.6742424242424243
80,18,2,0.9886505228293099,0.6771671615773314,0.9843954335515643,0.8944467650661508,0.7142857142857142
80,20,2,0.9900306664344107,0.6690825549271486,0.9857380353683196,0.8106918335116136,0.59375
80,24,2,0.9904994735343681,0.6890171774656197,0.9884889434051287,0.8430332169542396,0.5555555555555556
80,25,2,0.9908884840173346,0.5916810126746703,0.9908327277792279,0.8839581549660418,0.7307692307692308
80,32,2,0.9888005310918233,0.7020915191727597,0.9876028882858826,0.8382962858440197,0.6984848484848485
80,33,2,0.9879691709680829,0.6179124088791332,0.9821967698722708,0.9007291969274724,0.6666666666666666
80,40,2,0.9852738043868905,0.6394044925967277,0.9812742044244059,0.844513631028449,0.7058823529411764
80,42,2,0.9824134308190914,0.7085755999823775,0.9781698531871698,0.9044703702286079,0.7543103448275861
80,50,2,0.9874271309929021,0.5709121727728714,0.9822723933979632,0.9407844925918913,0.7777777777777779
80,51,2,0.9872724689968408,0.7061169461773256,0.9802740723618582,0.8575319082492412,0.6666666666666667
80,53,2,0.9867968447834865,0.6955914269972997,0.9799052548548257,0.9176063560586307,0.7619047619047619
80,54,2,0.9854858472643984,0.76467956280683,0.9782346594045812,0.8286384729209233,0.6213235294117647
80,55,2,0.9904142676000195,0.6380284957346223,0.9873718140411399,0.9082068626458436,0.5513722730471499
80,57,2,0.9858481748285253,0.7404468181370327,0.9817035837907808,0.8885026880028551,0.7142857142857142
80,58,2,0.9875916854883836,0.6944348807684,0.9847875208648507,0.8727357029886533,0.5833333333333333
80,61,2,0.9887626039582327,0.7119854159164907,0.9883173847591986,0.8655717526336827,0.7142857142857142
80,62,2,0.9879055327060868,0.6649748813340957,0.9832096055235093,0.9104752879470531,0.7619047619047619
80,66,2,0.9841504469293044,0.7796755370486311,0.9773739209170819,0.8895712940851364,0.7619047619047619
80,72,2,0.990730567344923,0.5886315505639684,0.9887046788123197,0.8294889539931981,0.7272727272727273
80,73,2,0.9904487290730571,0.6109960746025025,0.9859899764643748,0.8549811662957573,0.6726190476190477
80,75,2,0.9856301831248911,0.6559274812520957,0.9798462169648735,0.8579480184363639,0.5795454545454546
80,81,2,0.9883885166482171,0.6795140974553173,0.9861437723150879,0.8530454071054168,0.6774193548387097
80,83,2,0.9904654103309631,0.6185642479128225,0.9875685768934199,0.8996005654583631,0.7142857142857142
80,84,2,0.9909956025628653,0.6570186587894702,0.9902848962898779,0.8385838189671896,0.72
80,88,2,0.9838498202898429,0.7271370008765499,0.9807005878803146,0.8881737049251485,0.7727272727272728
80,89,2,0.991224887215178,0.5657432604338934,0.9884532651906769,0.8847123343820242,0.6399999999999999
80,91,2,0.9866908304750913,0.6395613539481347,0.981959605072007,0.8422245383877248,0.4871794871794871
80,97,2,0.9896855871589838,0.6860291354725936,0.9867924954734646,0.8859156647019341,0.6666666666666666
80,105,2,0.9897369416030178,0.6519149184693755,0.9875748538291603,0.8844310642142247,0.7599999999999999
80,108,2,0.9865010163087696,0.6992098160964183,0.9826243682251573,0.9254216081934147,0.7692307692307692
80,112,2,0.9901593926886428,0.631715755494829,0.9876882203329115,0.870508486884266,0.6551724137931034
80,115,2,0.9881755540177722,0.6718147805182667,0.9851346134206572,0.9087354304505738,0.6666666666666666
80,117,2,0.9886645959649529,0.7000730411223011,0.9847127423900839,0.8795875419574724,0.6391489361702127
80,120,2,0.9878522764907406,0.6795083036426863,0.982372226958314,0.9114449044863592,0.6896551724137931
80,125,2,0.9790308597205266,0.7644860706312371,0.9735180465175608,0.8473153969764657,0.7272727272727273
80,135,2,0.9887090288016017,0.5744307147878346,0.9858907397222875,0.8821102108109907,0.7619047619047619
80,142,2,0.9911920908193248,0.616292694402431,0.9873468941690047,0.8719732247032375,0.6666666666666667
80,143,2,0.9839026931757264,0.7387221112734418,0.9812909593010429,0.8746520341778665,0.5164021164021164
80,145,2,0.9906482717228563,0.6388801053844276,0.9877991715666952,0.8297152953242937,0.75
80,147,2,0.9916728326016626,0.6314691044229483,0.9915626115470862,0.8558449572321647,0.7537878787878788
80,151,2,0.9931784282815607,0.6031705362808666,0.9914072887191774,0.8872722631050516,0.7307692307692308
80,155,2,0.9899457228920896,0.7252533709513072,0.9869364583152128,0.8734522143000316,0.6666666666666667
80,158,2,0.9879803683083727,0.7279061444652366,0.9884158604315609,0.909403211591409,0.5714285714285714
80,168,2,0.9901168838677163,0.5659806503949916,0.9882468222842032,0.8062684759725777,0.6881313131313131
80,169,2,0.9857941345701027,0.6916277739191548,0.97986596420594,0.8400095233627123,0.6854395604395604
80,171,2,0.9896930616770391,0.6728812893166585,0.9862166261673064,0.8814692973457371,0.5526315789473685
80,185,2,0.9888917367738651,0.6759016580696346,0.9855894404131529,0.8286788343394335,0.7000000000000001
80,190,2,0.9876274255687225,0.719050314585066,0.9853503767550823,0.8319411124887491,0.5555555555555556
80,191,2,0.9864776176458987,0.7133374131841188,0.9817044299556332,0.8447698107288584,0.6300751879699247
80,192,2,0.9898204989077135,0.5416387887279364,0.9881612170781836,0.8542270903681742,0.6120071684587813
80,194,2,0.9888345096027389,0.626872628947272,0.9833755989787345,0.8163452673750161,0.6799999999999999
80,197,2,0.9874399074940744,0.5876159056224863,0.9819202571971304,0.8486308212567597,0.6296296296296298
80,202,2,0.9864015034056264,0.5709532206151858,0.9799130592047258,0.8327225076101461,0.6666666666666666
80,203,2,0.9831233044225208,0.7497479264901277,0.9756957018253548,0.8689572961335266,0.75
80,206,2,0.9920924030534629,0.6124290381634038,0.9912975653975263,0.8492014413034144,0.72
80,207,2,0.991249240622389,0.5902929989917335,0.9880780876773887,0.8397477096575371,0.625
80,210,2,0.9881920439321698,0.6108004747279214,0.9864081462779426,0.8357736000978288,0.7247474747474748
80,212,2,0.9899876773129475,0.7079055148284437,0.9873710380565505,0.9099297174320531,0.736842105263158
80,214,2,0.9888609440389223,0.6806678676843432,0.9859822876794471,0.8811546590334542,0.7142857142857142
80,215,2,0.989332509100279,0.6478466119948518,0.9880780876773887,0.8311012289269295,0.7173913043478262
82,4,2,0.9917042001297413,0.830491978162051,0.9877971631810186,0.9235477517153552,0.630893153281213
82,6,2,0.9913297909040235,0.7394068818954637,0.9873032929617631,0.9288258918377925,0.5962962962962963
82,14,2,0.9911340876445743,0.7022944626951009,0.9867463693107419,0.9280226361799018,0.6428571428571428
82,15,2,0.9914762845462723,0.6994819272851085,0.9885814526284095,0.9223151687860602,0.6152751423149905
82,16,2,0.9907840590862685,0.7548175698540764,0.9871519997951986,0.9230637471910982,0.6
82,17,2,0.9920349743923995,0.7214567461708117,0.9882841116622058,0.9257709012708152,0.6314814814814815
82,18,2,0.9898215276056641,0.7069670776972266,0.987605454780642,0.9347537480862986,0.6190476190476191
82,20,2,0.9919658055247712,0.772581320589576,0.9897591415844817,0.9103290645208443,0.6385844748858448
82,24,2,0.9926676926934066,0.7239499548587018,0.9899640917283891,0.913867040911316,0.638888888888889
82,25,2,0.9924671721540246,0.7064460489501474,0.9899200317755555,0.903204197696948,0.6410256410256411
82,32,2,0.9929606469117344,0.7740948447737837,0.9915504462370156,0.9333167790249931,0.6171526136065143
82,33,2,0.9914350455173541,0.7630390485012731,0.9881237488700764,0.9086777887168692,0.6415094339622642
82,40,2,0.9901551632583345,0.752017716508733,0.9866658283807977,0.8898573659655948,0.6122448979591837
82,42,2,0.9910375109150426,0.6667632877168281,0.9862914642770185,0.9254802952027559,0.5833333333333333
82,50,2,0.9896374606890459,0.7332371751022563,0.9880026177323468,0.8991802360636734,0.606060606060606
82,51,2,0.9911429841355491,0.7046771137874599,0.9874168837340468,0.8867319967506972,0.6206896551724137
82,53,2,0.9899597897879577,0.6707059355659862,0.9874673789811822,0.919327806952289,0.6129032258064516
82,54,2,0.9913760136384503,0.7194844113694474,0.9863679867843079,0.9226762983554357,0.6376262626262627
82,55,2,0.9918628447648702,0.7951365289283595,0.988260218768148,0.9182099253370778,0.6141439205955335
82,57,2,0.9909042640070226,0.6974065298230336,0.9854264072296701,0.9041520965550871,0.587962962962963
82,58,2,0.9899051794536705,0.7365470550902147,0.9864344706710592,0.9237273988822794,0.6153846153846154
82,61,2,0.9920057807698218,0.7764813053160929,0.9888207924089989,0.9437570939686704,0.5925925925925926
82,62,2,0.9910023026559153,0.6954516491845506,0.9883205203020634,0.9413731638801158,0.6314814814814815
82,66,2,0.9909615038500087,0.6137962451835315,0.9848929793906354,0.8895214180376536,0.56
82,72,2,0.9914846678186892,0.7061266444113232,0.9893141155009629,0.9277247343005051,0.6285714285714284
82,73,2,0.9921836079924824,0.6860524882328136,0.9894213079928917,0.921972030045217,0.638888888888889
82,75,2,0.9895405129081508,0.7495048356915275,0.9852260382718019,0.8973084155453942,0.6608683151236343
82,81,2,0.9912779822540215,0.7574299084267873,0.9882749524355608,0.9170292911101271,0.6666666666666667
82,83,2,0.9912868805836651,0.7384258325481684,0.9887214357724715,0.9059204259101554,0.6410256410256411
82,84,2,0.9929028351660648,0.7298505883782838,0.9904919273016622,0.9197065657485162,0.6451612903225807
82,88,2,0.9900468496261821,0.6140189273855077,0.9862589674139198,0.9127069846933005,0.5361498257839721
82,89,2,0.992391260354067,0.6749557924415628,0.989582583044814,0.8691499844759146,0.6785714285714286
82,91,2,0.9907633330432043,0.7892913700907483,0.9872718052936769,0.9367555785923066,0.6363636363636364
82,97,2,0.9929502861242526,0.7360337255707149,0.9893574242116988,0.9457564408000235,0.6428571428571428
82,105,2,0.9904739189283575,0.7265076424563326,0.9869136296108023,0.8948664516044049,0.6107994389901823
82,108,2,0.9903713004346234,0.688998361163823,0.984291162380523,0.9382674775517603,0.5555555555555556
82,112,2,0.9928016334438131,0.7061599355646537,0.9897806006273125,0.8768479881218534,0.6349206349206349
82,115,2,0.9905012614644471,0.7418938481988182,0.985518195876685,0.9294182304381899,0.6216216216216217
82,117,2,0.9911497321377647,0.7433253802602258,0.9875390105756946,0.9360052066566161,0.6451612903225807
82,120,2,0.990495619511739,0.7188567180305053,0.9879362419571763,0.9014780615639943,0.619047619047619
82,125,2,0.9890226154509317,0.6523581453962934,0.9838907406998728,0.8849038827599172,0.6
82,135,2,0.9899730752758961,0.7061433485484694,0.9856190041114375,0.8746598052616283,0.6396617566830333
82,142,2,0.9923985201148235,0.7472526823694827,0.9916472353580794,0.9142605590635737,0.6595744680851063
82,143,2,0.9905413656527479,0.7396459791754555,0.9867976164277013,0.9238113495024948,0.6333997013439522
82,145,2,0.991821301902882,0.7593726351587496,0.9889032352004085,0.9157630379792145,0.5889894419306184
82,147,2,0.9928793998868314,0.741852448404934,0.9902311549633543,0.9081157672308018,0.632996632996633
82,151,2,0.9933392536497427,0.6452402192323481,0.9922737507293489,0.9121828353780387,0.653061224489796
82,155,2,0.9906583161916941,0.776846827751754,0.9891981399400123,0.9392234374463445,0.6071428571428572
82,158,2,0.9914398431125057,0.645150764360114,0.9876178500578551,0.9174756752872121,0.6401004493787998
82,168,2,0.9917957161504757,0.7051562329254709,0.9882268108570662,0.8948873544273651,0.6285714285714284
82,169,2,0.9902830409125899,0.7197202995336092,0.9865463070667508,0.9343603601512139,0.5962962962962963
82,171,2,0.9917388497630667,0.7235589921059469,0.9880073442485278,0.9236229250203695,0.6346153846153847
82,185,2,0.9922389749050828,0.7271131218950486,0.9884178842522251,0.8900466049373336,0.6396103896103895
82,190,2,0.9919031141337036,0.774200203411457,0.988602250952576,0.9321192106158736,0.6449579831932772
82,191,2,0.9907347390368261,0.7154339182048304,0.9867781827402751,0.9462540777562413,0.6505813953488373
82,192,2,0.9915914634692549,0.73786859996891,0.9883775921269774,0.8728118483061711,0.639344262295082
82,194,2,0.9906963942091509,0.6845745518537383,0.9876953340386115,0.8978016567342109,0.653846153846154
82,197,2,0.9901092153982709,0.7731607267281599,0.9853828888005393,0.906155994780339,0.625
82,202,2,0.9879294864213461,0.6973059953674494,0.9830919786601213,0.8899051370073706,0.6595744680851063
82,203,2,0.988623874541702,0.6988944098021548,0.984447391299686,0.8812552600557291,0.5833333333333334
82,206,2,0.9923849431629825,0.6873777062605859,0.9896894904317416,0.8986402858781144,0.625
82,207,2,0.9929304809306708,0.7458979641034473,0.9904139776382992,0.9121531834097099,0.6410256410256411
82,210,2,0.9910518433360236,0.7401345465229646,0.9860224601827712,0.9308596192231545,0.5985074626865672
82,212,2,0.9925214096060638,0.7288514943445854,0.9897782913133628,0.9332748609468344,0.6304347826086957
82,214,2,0.9908296512721891,0.7128948433598898,0.9878281840048045,0.9114466496374284,0.6875
82,215,2,0.9912723190274928,0.7442330054533071,0.988653616008412,0.8991956832947056,0.6233108108108107
86,4,2,0.992751387202246,0.7257769205208253,0.9907242087856297,0.8686728398468814,0.6176470588235294
86,6,2,0.992843013879059,0.6987224224437596,0.989525822961366,0.9022826026176294,0.6
86,14,2,0.9924102544473901,0.6459466900137656,0.9893669669689981,0.9219448497431418,0.5872210953346856
86,15,2,0.9930584431563835,0.6155309678784557,0.9906062209871096,0.8991906448168183,0.5857863751051303
86,16,2,0.9929657294874024,0.7205695361442885,0.9896962053975115,0.9142652187832654,0.5616438356164384
86,17,2,0.9935137780298708,0.7332672989908988,0.9904176962892791,0.8789359834019349,0.6018867924528302
86,18,2,0.9921092156414365,0.7101417451403772,0.989053880073667,0.8857388957454813,0.5785361842105263
86,20,2,0.9932041845538281,0.6820654010296572,0.9892847213279856,0.885778291745885,0.6222222222222222
86,24,2,0.9937233837120921,0.7649150412704803,0.9904711479548347,0.8756575301579007,0.5813953488372094
86,25,2,0.9934961870983295,0.7277873956085491,0.9912772844581912,0.9090708585045607,0.5833333333333334
86,32,2,0.993508620740458,0.6920915966976435,0.98983039034127,0.8795617482367064,0.6199999999999999
86,33,2,0.9927631565273759,0.7705781830115939,0.99059787815146,0.8736580889410224,0.5925925925925926
86,40,2,0.9922658902339453,0.6223428861187196,0.9881954805771634,0.8746814085335272,0.5357142857142857
86,42,2,0.992018195124439,0.672357498703476,0.9893189969046983,0.8657144574763591,0.5999999999999999
86,50,2,0.9922212528291141,0.7167019578199949,0.9891624455581387,0.9140264351185051,0.5454545454545454
86,51,2,0.9927181769533284,0.6502577988828775,0.9887470795659031,0.8866471179242383,0.6086956521739131
86,53,2,0.9923402773592378,0.6980118661751615,0.9883290027850352,0.8796043643339022,0.5
86,54,2,0.992518771518942,0.6668967676968989,0.9881659986381565,0.8654886457868393,0.6086956521739131
86,55,2,0.9935125903155493,0.7817210260347718,0.9910660357042167,0.8850912424769087,0.6183473389355743
86,57,2,0.9928773996543002,0.6760989318341772,0.9881967594869252,0.8694836124080869,0.5760143810991268
86,58,2,0.9927688518881477,0.6334911842755354,0.9892735729380415,0.8937670517156213,0.5999999999999999
86,61,2,0.992606694277807,0.645581299380483,0.9900144998014698,0.8731812890550817,0.6104336043360433
86,62,2,0.9930843714453773,0.6964870331430753,0.9901122240032616,0.867378305184376,0.5957446808510638
86,66,2,0.9926093016191503,0.5889770989075689,0.9884802675249946,0.8852066792947494,0.5526315789473685
86,72,2,0.9928856758448507,0.7161301057100237,0.9901309168720236,0.8995333425793318,0.5681818181818182
86,73,2,0.9929363736800892,0.7023135466877054,0.9905285074407922,0.915365193446433,0.5483870967741936
86,75,2,0.9928272502529244,0.7190387110436931,0.9886326178974858,0.8821150074576464,0.603448275862069
86,81,2,0.9927437348339849,0.7049198515117087,0.9888076183623802,0.8538100163920341,0.6176470588235294
86,83,2,0.9933382651428773,0.7301429106747684,0.9897463592815667,0.8777250717176817,0.5753787878787878
86,84,2,0.9928223679334516,0.7315389207822648,0.9905265643559216,0.8859483577500975,0.6000000000000001
86,88,2,0.9924031210533725,0.6182847316124724,0.9894616640736941,0.8966915835838382,0.5333333333333334
86,89,2,0.9932727746468977,0.7391912150849616,0.9906418152512436,0.916304529684117,0.6382978723404256
86,91,2,0.9930698715735868,0.730625047602832,0.9895798606324976,0.8888730641446492,0.5833333333333335
86,97,2,0.993590897113569,0.8003917248462449,0.9905975838638104,0.9011944280098633,0.6310068649885584
86,105,2,0.9929050070336712,0.6702857713458701,0.9892977649546146,0.9056158828073725,0.5483870967741936
86,108,2,0.9923324625941609,0.6587991876967043,0.9879548007246932,0.8978714442504903,0.46875
86,112,2,0.9930611697291556,0.6903659058444398,0.9899522459870624,0.9074984451304827,0.6296296296296298
86,115,2,0.9931573461955447,0.6233415736807293,0.9892092328091366,0.9180415174649984,0.5526315789473685
86,117,2,0.9934268933175276,0.7288373828777306,0.990840555282799,0.8544055459424269,0.6
86,120,2,0.9928614082763013,0.7056729662123844,0.9893744040455069,0.8850274975587186,0.5865817091454273
86,125,2,0.9921129616863955,0.6466792395967293,0.9870548777608338,0.8809614849810676,0.5833333333333333
86,135,2,0.9913888869370099,0.7292624470558475,0.9891032129200767,0.9206153376358216,0.5754985754985755
86,142,2,0.9935553653566528,0.6941534562111755,0.9903819524589427,0.8779584010981494,0.606060606060606
86,143,2,0.9924422361771167,0.7354230038135358,0.988872641703062,0.8730640959559979,0.59375
86,145,2,0.9926112696040527,0.6969675835782772,0.9904266908440461,0.8888499601457449,0.5517241379310345
86,147,2,0.9937930760652696,0.7516325233258011,0.9917779988269378,0.8845023017129746,0.5306122448979591
86,151,2,0.9937531478421718,0.713009097728918,0.992155808565968,0.898818912948243,0.6129032258064516
86,155,2,0.9924286879641109,0.6914208608951053,0.9894790416337684,0.8463316406633518,0.56
86,158,2,0.9931437074737298,0.7157604323536844,0.9898286284188135,0.8970739486265762,0.6599999999999999
86,168,2,0.9922780086051192,0.7371657446064894,0.9885712939557881,0.9190314871218482,0.5999999999999999
86,169,2,0.9922903856752548,0.6376746373066972,0.9891441795506432,0.890359445772171,0.6086956521739131
86,171,2,0.9935470380912027,0.7835956926784307,0.9904630471341402,0.8962243500988942,0.6123724489795919
86,185,2,0.9928083225543358,0.6618189764166564,0.9886671327962167,0.8884737663514726,0.6092258748674444
86,190,2,0.9931643926434518,0.7439589429132545,0.9887103391797478,0.8649943264385511,0.5980769230769231
86,191,2,0.9926618308932176,0.6537008947938444,0.989499544360126,0.8794814522337246,0.6086956521739131
86,192,2,0.9923064868734246,0.6577619899337329,0.989443106489803,0.9015796667367579,0.6324561403508773
86,194,2,0.9928295579531253,0.7110005210900225,0.9906545365646404,0.8978748412739461,0.6153846153846154
86,197,2,0.9925015271498767,0.6499407438472432,0.9888369909167785,0.8901396350660801,0.5609756097560975
86,202,2,0.9908567465845428,0.7410598598182718,0.9874598286857935,0.9129319279966059,0.6170212765957447
86,203,2,0.9922106379838729,0.6260027943547386,0.9880061439551029,0.8471769880523115,0.5945945945945945
86,206,2,0.9929439597679764,0.7310157830949335,0.9906051339153068,0.9097152773004755,0.5873257839721254
86,207,2,0.9934451804836226,0.721979397570808,0.9907114293159719,0.8862800127845151,0.6304347826086957
86,210,2,0.9924659825489436,0.6629466210201941,0.9890295568467505,0.8579791086114664,0.5833333333333333
86,212,2,0.9927516031679293,0.6708019868689603,0.9894187355098999,0.8957995497246851,0.5384615384615385
86,214,2,0.9929137732175947,0.7133535536253761,0.9898979001485907,0.922070644077519,0.5675675675675677
86,215,2,0.9933048569508093,0.7458776728725601,0.9903027547724046,0.8838055850663584,0.6052631578947368
87,4,2,0.9915092093673741,0.8114938437570329,0.9885601762665268,0.9458976573855761,0.653167602245389
87,6,2,0.9918438457311294,0.6909550754083713,0.9881471674501009,0.9274222464429743,0.6857142857142857
87,14,2,0.992375137509795,0.6950832076369093,0.9894927627699982,0.9415402508377347,0.6428571428571428
87,15,2,0.9906432981582334,0.7507583582608737,0.9875536396615846,0.8995778870795625,0.6666666666666666
87,16,2,0.9908001611165964,0.768077888889662,0.9885463628131872,0.9520073118922018,0.676470588235294
87,17,2,0.9924871899434456,0.7281219755684438,0.9895321890461336,0.9468903897864154,0.6775210084033613
87,18,2,0.9905800041093641,0.7270805496022416,0.9882686981312298,0.9132234802519328,0.6461538461538462
87,20,2,0.9921127661038983,0.7389389519301542,0.9903870656572088,0.9328701877223224,0.6136363636363636
87,24,2,0.9926820159013484,0.7614348817571879,0.9891474987368741,0.9134074822316676,0.625
87,25,2,0.9930186093885249,0.7092039413792652,0.9907697793773383,0.9186568477663598,0.6711711711711712
87,32,2,0.9929900581703689,0.7437991135283962,0.9896759830684453,0.9152058026181771,0.6896551724137931
87,33,2,0.9912108736960744,0.7269501165724026,0.9885583837489741,0.9123734291679907,0.6666666666666666
87,40,2,0.9907359882739059,0.7467238621955918,0.9887712480479689,0.9437875393872438,0.6153846153846154
87,42,2,0.990251884850216,0.69176564083369,0.9865230143336374,0.8795496243055333,0.6363636363636364
87,50,2,0.9904045009105124,0.7332636214620718,0.9859070372147595,0.8620555003007863,0.6785714285714286
87,51,2,0.9923627490345085,0.645959297293446,0.9897934322135102,0.933284978466031,0.6206896551724137
87,53,2,0.9886665039514565,0.683436522761511,0.9864336346816784,0.9018889024220638,0.6201923076923077
87,54,2,0.9901625381755573,0.7103991483418236,0.9850541314135386,0.926816558745802,0.6478537360890302
87,55,2,0.9923534830399419,0.757270336996946,0.9882137085503603,0.9383200010187454,0.6229508196721312
87,57,2,0.9912936691604157,0.7317521826655116,0.9883592605715333,0.8667991264027253,0.6614583333333333
87,58,2,0.991799506365015,0.7149439785671827,0.9882217636374222,0.92373071014854,0.6333333333333333
87,61,2,0.9917499734842168,0.7003512874782882,0.9880595258976175,0.9268513830679573,0.6499999999999999
87,62,2,0.99177490892645,0.6965068882832139,0.9884377227038729,0.9203520935394092,0.6666666666666667
87,66,2,0.9903402545200518,0.5647346615854363,0.9846808470921666,0.9143211739931975,0.6086956521739131
87,72,2,0.991295997150019,0.6757607673141397,0.9893610934403597,0.9206431300296145,0.6785714285714286
87,73,2,0.9920528736613402,0.7132273439918169,0.9894368510423264,0.9184541351474313,0.6666666666666667
87,75,2,0.9894249855160406,0.771636220413829,0.9849049468681638,0.9149964302085148,0.6310068649885584
87,81,2,0.9918359119924147,0.7538773009767316,0.9887543525904735,0.9044487088056318,0.6666666666666666
87,83,2,0.9926404468892753,0.7199990459442616,0.9895657765478758,0.9117723950292318,0.6199999999999999
87,84,2,0.9917497531515841,0.7221695870018967,0.9880067613411211,0.9320534972497024,0.6399999999999999
87,88,2,0.9892625061077513,0.6601255093990761,0.9851443033293734,0.9024631276136589,0.6809090909090909
87,89,2,0.9931717662740419,0.7247496552095913,0.9905538716220215,0.881910356967017,0.6485294117647058
87,91,2,0.9905783186655168,0.7677260399296855,0.9874504201397756,0.918607391419722,0.6354754667824576
87,97,2,0.9929232683622358,0.7435626746941076,0.9902126023359817,0.8993381858087584,0.6071428571428572
87,105,2,0.9923908553998891,0.7357589871287822,0.9892030464258005,0.9244588832110071,0.6486486486486487
87,108,2,0.9905097333967495,0.6342050779003716,0.986966700252234,0.899063057481278,0.6399999999999999
87,112,2,0.9913627391369013,0.7394937948911722,0.9882775771253712,0.9008919379107697,0.637330754352031
87,115,2,0.9914597688946376,0.7289630290023903,0.988723055002779,0.8703082382253718,0.6744186046511629
87,117,2,0.9920056014534021,0.7459572871322606,0.9902680445981393,0.9234492255385376,0.6363636363636365
87,120,2,0.9922545089133574,0.7181108107604575,0.9901771130361878,0.9059218177812164,0.708994708994709
87,125,2,0.988240828924406,0.6598102609592338,0.984959314014138,0.8902368430430982,0.6348484848484849
87,135,2,0.9900629416555684,0.6944573479760334,0.9862113774935843,0.9155978210198986,0.6578947368421053
87,142,2,0.9926044203925165,0.7481034407640168,0.9916015699890751,0.910308381741341,0.6451612903225807
87,143,2,0.9904842803506314,0.7249483706057582,0.9868729605536984,0.9312358841313203,0.6408730158730158
87,145,2,0.9911858435095293,0.7097227441707532,0.9880447559527811,0.9400522080049541,0.6414285714285713
87,147,2,0.9929531399138762,0.7240871370715635,0.9920758700067672,0.926871468324845,0.6799999999999999
87,151,2,0.993998177134206,0.6499180157550943,0.992152597486594,0.9134655675287151,0.6666666666666666
87,155,2,0.9916258879961987,0.7365666773403203,0.9884561791577529,0.915377162454813,0.6666666666666666
87,158,2,0.9916991173382753,0.7006612221448973,0.9874789547558559,0.9283464447367208,0.6267857142857143
87,168,2,0.9921043515328385,0.7166136910185571,0.9891375444865752,0.9223043658857124,0.6428571428571428
87,169,2,0.9887588373174032,0.7114019345651825,0.9852100090437973,0.9268402047801153,0.6511627906976745
87,171,2,0.992854781961957,0.7294095896133568,0.9903753288549622,0.8885185398625781,0.6
87,185,2,0.9918003722022222,0.6715053168221479,0.9887315179445583,0.957973780306977,0.625
87,190,2,0.9918541855244359,0.6755780162971301,0.9886232277366109,0.9390756536084971,0.625
87,191,2,0.9909499171563672,0.7726857627626234,0.987875820424871,0.9328885785985713,0.6381818181818182
87,192,2,0.9923582953789687,0.7483869871421793,0.9891672465731832,0.8819308593988806,0.6266025641025641
87,194,2,0.9910789521971741,0.7083870239989722,0.9876024586233736,0.9059556156559164,0.6590909090909092
87,197,2,0.9906677629881963,0.7105084973207256,0.9875155893534042,0.9145062345698003,0.625
87,202,2,0.9888933894491847,0.7083664393440794,0.9822023521629445,0.8931152406813332,0.6666666666666667
87,203,2,0.9908782699216394,0.6219059811335004,0.9851403382297163,0.9101701820255372,0.7000000000000001
87,206,2,0.9929069653969177,0.7398155145633106,0.9907956607101468,0.936866208531671,0.6799999999999999
87,207,2,0.9927007915650321,0.6897148348823368,0.9909940339919333,0.8954208507104542,0.6206896551724137
87,210,2,0.9910698834413306,0.6872884961505457,0.9883503964646412,0.9390129504679803,0.6521739130434783
87,212,2,0.9914303089824358,0.6950442902781153,0.9895697821020627,0.9208503943407468,0.6551724137931034
87,214,2,0.99108057528618,0.7184239622348698,0.9889964676257499,0.9056055778366339,0.6666666666666666
87,215,2,0.992230401663434,0.7341761240066067,0.9890306215132355,0.8952397414272211,0.6963109354413702
123,4,2,0.9910797105543385,0.8226775620318613,0.9885279422348503,0.9058695247302443,0.6857142857142857
123,6,2,0.9911003004224561,0.7310261295283818,0.9874075559515879,0.9286418903768879,0.653846153846154
123,14,2,0.9923068269214215,0.7015198787503856,0.9917334092954063,0.8880254901047446,0.653846153846154
123,15,2,0.9923022404235936,0.7580687164069799,0.9897951285408817,0.8162708993824842,0.6666666666666666
123,16,2,0.9905849904068946,0.7264999088697909,0.9894476536742837,0.887326052521144,0.660919540229885
123,17,2,0.9926978830272246,0.7440141658973265,0.9907742844899671,0.9468718171083826,0.6785714285714286
123,18,2,0.9902270565677932,0.6670769892106345,0.9866006815053711,0.9098753372047772,0.7083333333333334
123,20,2,0.991558790913773,0.6681505780733444,0.9890048490299193,0.9065313750317416,0.6020833333333333
123,24,2,0.9928052626791648,0.7169080716337105,0.9914532320441684,0.925008142928212,0.5897435897435898
123,25,2,0.9930278976203314,0.647950163812522,0.9924903984693412,0.866683496694891,0.7083333333333334
123,32,2,0.9918098674497648,0.7250741924148275,0.990222606346652,0.9065917139631763,0.6666666666666666
123,33,2,0.9921829808445639,0.6877375055243762,0.9892162242930158,0.8489455550246521,0.7
123,40,2,0.9908521478982991,0.7109657797763035,0.9878570476462502,0.8683584156281633,0.7096774193548387
123,42,2,0.9896336809155826,0.775243379152786,0.9861202248575134,0.8751740648235451,0.7241379310344828
123,50,2,0.9916872276370583,0.6974694262078251,0.988095491823555,0.9060165058073767,0.7727272727272728
123,51,2,0.9892711071868285,0.6951604195079641,0.985101099018514,0.9158982122540295,0.6469049694856147
123,53,2,0.9883042986365977,0.6814439118473654,0.9845918006560141,0.8853281123399094,0.7419354838709677
123,54,2,0.9893250179009759,0.682853446271928,0.9853789546528803,0.927775198908356,0.5833333333333333
123,55,2,0.9921944479746009,0.6519911714901945,0.9893401935613126,0.9062320777634109,0.5496715927750411
123,57,2,0.9909417179473895,0.6809721095956651,0.9875884485862595,0.8506170117136149,0.7777777777777779
123,58,2,0.9918027587233628,0.7723004605612713,0.9879057664711128,0.8918705235334435,0.6666666666666666
123,61,2,0.9925910254784936,0.7103760829536097,0.990477612147363,0.8876226243377086,0.7391304347826088
123,62,2,0.9920425090579862,0.6998033519121403,0.9909357235225712,0.8583259270237826,0.6785714285714286
123,66,2,0.9898108267554152,0.5707458879204951,0.9840500959176816,0.9219553133557596,0.7
123,72,2,0.9920157379378736,0.6976488598432586,0.9903572567802577,0.8822206433433271,0.736842105263158
123,73,2,0.9929410332352909,0.6848193851162115,0.9901284255497441,0.877131779832446,0.7272727272727273
123,75,2,0.9885428322218133,0.7729368700938081,0.9817229382661719,0.8797031584619251,0.619047619047619
123,81,2,0.9916713645217857,0.7217786230762555,0.9892802480669979,0.8890298198869823,0.6896551724137931
123,83,2,0.9921749214582095,0.6925632464536935,0.9897123042614413,0.8823546970402893,0.7352941176470589
123,84,2,0.992850779932709,0.7359370748242362,0.9905461887239774,0.9090628797407665,0.7119815668202765
123,88,2,0.990120091684944,0.7138524669531361,0.9860945088756701,0.8909902241160028,0.7192118226600985
123,89,2,0.9935878888980328,0.6622891409454104,0.9915690341966241,0.8914814366047169,0.6666666666666667
123,91,2,0.9903417425351431,0.7545015554604206,0.9862821309903463,0.8687313122632508,0.5594117647058823
123,97,2,0.9924912586787302,0.7053106697996723,0.9895064202249345,0.8752147132158928,0.6363636363636365
123,105,2,0.9918910036773936,0.710983190428405,0.9884400984493785,0.8779935587458852,0.7083333333333334
123,108,2,0.9889120750512386,0.6643430836959052,0.98551624833713,0.8726315428156161,0.779513888888889
123,112,2,0.9923549387934711,0.6759369577900565,0.9906855319540834,0.8679418981696286,0.6666666666666666
123,115,2,0.9929673909459524,0.7174336623936582,0.9907450285724643,0.9258004403905016,0.6666666666666666
123,117,2,0.991542397126317,0.6568130482760088,0.9893579738650469,0.8872652246078637,0.675
123,120,2,0.9901057506829705,0.6883598054240135,0.9878218976136944,0.8576188190009576,0.7083333333333334
123,125,2,0.9877640936633724,0.6709727476266103,0.9822529845928025,0.8949252455535399,0.7257053291536051
123,135,2,0.9905493296104442,0.656645407395703,0.9863826803033525,0.8656765958886107,0.7619047619047619
123,142,2,0.9931823753688052,0.7030487244684471,0.9905910799839148,0.8649449704557137,0.6799999999999999
123,143,2,0.9905735947901997,0.712411708830702,0.9884572742462571,0.8860202424761121,0.5347058823529411
123,145,2,0.990854705368549,0.687601148608272,0.9891038072692903,0.9381822609803135,0.7391304347826088
123,147,2,0.9925874478586757,0.6527350018161532,0.9919656227760397,0.9083882430509594,0.736842105263158
123,151,2,0.9942226393778925,0.6523298900680805,0.9938088177860855,0.840937948914424,0.7083333333333334
123,155,2,0.9907203692488599,0.7234202097707187,0.9874658891554434,0.904930261508407,0.7391304347826088
123,158,2,0.9923702274283155,0.7250110750982716,0.9895944245770825,0.9044455591298783,0.588235294117647
123,168,2,0.9922140959698138,0.6289004841925107,0.9897623432047256,0.8907185087128163,0.7391304347826088
123,169,2,0.9881534499050376,0.7076063325709245,0.9841869646032586,0.8605819726518155,0.6923076923076923
123,171,2,0.9914362964337695,0.7052876041396201,0.9879915812624045,0.8574581101164545,0.5625
123,185,2,0.9933931162440673,0.6542350580204763,0.9911265753381024,0.8862301986676409,0.6399999999999999
123,190,2,0.9912796035455568,0.6651371080434122,0.9857682566805658,0.8976908820859394,0.6585365853658536
123,191,2,0.9902967091302785,0.7211206894904676,0.9858072590435456,0.8860851313964649,0.653846153846154
123,192,2,0.9919876030347518,0.7100478305663043,0.9904721612261236,0.8485573100081191,0.653846153846154
123,194,2,0.9908700815388228,0.6604130036699631,0.9872195634986917,0.8779710541219621,0.6976744186046512
123,197,2,0.990485763692439,0.6857399695721096,0.9862419616494617,0.8739850915021471,0.6666666666666667
123,202,2,0.9874039841262523,0.6627120019359342,0.9815771073446348,0.8791255799545806,0.6666666666666667
123,203,2,0.9908142928810114,0.6578232181266669,0.985370477000179,0.8619659956436436,0.7826086956521738
123,206,2,0.9933387886891657,0.7120659375739951,0.9911327263063546,0.8639693696232768,0.7419354838709677
123,207,2,0.9932200522588106,0.6472503191071977,0.9914525270061375,0.846526012120764,0.65625
123,210,2,0.9913900200600129,0.6771039281732955,0.9890125937398597,0.8945068498430232,0.7083333333333334
123,212,2,0.9907231209698227,0.7059615237520912,0.9897089584391987,0.8635066172390392,0.7027027027027026
123,214,2,0.9917415169209699,0.6938916718701701,0.9889984418525124,0.9039666398602956,0.7083333333333334
123,215,2,0.9909602374580154,0.6594442785713741,0.9904263110705803,0.8962226772996597,0.7
178,4,2,0.9916068358063788,0.7618571743915332,0.9904528996462408,0.9400433344830389,0.6521739130434783
178,6,2,0.9931309007932677,0.6723406154339528,0.9917294983274763,0.930266448654629,0.7142857142857143
178,14,2,0.9930961640354458,0.6808315294207877,0.9910799214823023,0.9412581249547296,0.657142857142857
178,15,2,0.9930806431170458,0.7626205569444036,0.9918064241103358,0.9068191449486891,0.7272727272727273
178,16,2,0.9922697722969026,0.7248772045694275,0.9914094272605662,0.9488826307153431,0.6715686274509804
178,17,2,0.9929964020230965,0.6992161486288102,0.9926576843136331,0.9352218036169089,0.7161172161172161
178,18,2,0.9898046929284842,0.711395663277193,0.9874934757797895,0.8942290038735962,0.695048309178744
178,20,2,0.9931653048532105,0.76353906262335,0.9915255178072087,0.9262804843324202,0.6341463414634145
178,24,2,0.9930124503153946,0.7474723978243406,0.9918847395692356,0.8906461869819601,0.5428571428571428
178,25,2,0.9935408975136321,0.7172591258836266,0.992144229106039,0.9459320950856525,0.7391304347826088
178,32,2,0.9935789415999766,0.7400335575448507,0.9912919052360165,0.9552284756759303,0.6333333333333333
178,33,2,0.9918733958082121,0.7495424532736763,0.9897571282361309,0.9029214081993895,0.7
178,40,2,0.9916342646805839,0.7185724427512621,0.9916801917873622,0.9368701872420203,0.7000000000000001
178,42,2,0.9919885788918151,0.6764606642486948,0.9908474640735564,0.9171457801511894,0.7
178,50,2,0.9915308525077078,0.74466314223197,0.9884796370204041,0.8757996635368628,0.75
178,51,2,0.9929840258186142,0.6299093252310054,0.9919743041377113,0.9203896460725255,0.6521739130434783
178,53,2,0.9912725342519245,0.6923954301520333,0.988985672358753,0.9251216960725874,0.7777777777777779
178,54,2,0.9912010872683197,0.7027546414456831,0.9887679303610825,0.8976080252001255,0.5769230769230769
178,55,2,0.992677420336075,0.7445493644176324,0.9900287320668416,0.9424713185958241,0.5555555555555556
178,57,2,0.9927591194335867,0.652199257755635,0.9902795871699914,0.8866350584084599,0.7360681114551084
178,58,2,0.9932293621058876,0.7060727738931137,0.9918489119375618,0.935487256023124,0.6399999999999999
178,61,2,0.9927472661080844,0.7326950374568357,0.9918079262489736,0.9197001858563849,0.7333333333333334
178,62,2,0.9929808045479223,0.6932973008304038,0.9917354146470302,0.9153060725164959,0.6956521739130435
178,66,2,0.9923161483635625,0.6191102005365468,0.9893507179580159,0.8755271384855488,0.736842105263158
178,72,2,0.9927956198026348,0.7210216890032479,0.9912890036271041,0.921398486221938,0.7609523809523808
178,73,2,0.9925010125492199,0.710202433428532,0.9909255419534582,0.9294623263801262,0.7272727272727273
178,75,2,0.9908848466238815,0.7350394524665105,0.9877117311080132,0.9124720652780864,0.6428571428571428
178,81,2,0.9921915794877287,0.6976389341626641,0.9901318373126152,0.9149988010926154,0.6818181818181819
178,83,2,0.9928826275071717,0.7356067337206982,0.9902811783803538,0.8954148238257138,0.6969696969696969
178,84,2,0.9928663715974808,0.7739570736287026,0.9925652835212837,0.9333167139467576,0.7037037037037037
178,88,2,0.9915591239746931,0.6569001743329821,0.9894628634589013,0.9355374274940202,0.7826086956521738
178,89,2,0.9925059135986068,0.7308363853207838,0.9901397668571854,0.9301622183478039,0.6079192546583851
178,91,2,0.9911733913889433,0.7310550447267288,0.9869141585429448,0.9104788616991262,0.5173237753882916
178,97,2,0.9934422190201047,0.7716315778742848,0.9911224737101081,0.9241713105021337,0.6079192546583851
178,105,2,0.9925544409675202,0.6344151944535026,0.9898823966644791,0.9379769448894034,0.7407407407407407
178,108,2,0.9933239455193146,0.6485703346088583,0.9907129361324345,0.9169213259148424,0.7777777777777779
178,112,2,0.9930605078130769,0.6686988995496825,0.9917958179977899,0.9360409510821074,0.7
178,115,2,0.9931720448681788,0.6792662717344224,0.9918548202395903,0.9439902761664397,0.6153846153846154
178,117,2,0.9923443343358445,0.6963471679158313,0.9897125983031243,0.9011828609974671,0.6233108108108107
178,120,2,0.9908617663160703,0.7643960707665503,0.9881263312487236,0.90937013592916,0.7018518518518518
178,125,2,0.9903592683223645,0.6647872245095722,0.9890832847816357,0.9420562707835907,0.75
178,135,2,0.9913924546472955,0.6994737518478583,0.9877463618700388,0.9317990967716169,0.7609523809523808
178,142,2,0.9932014939018631,0.7003169311682145,0.9923121973848419,0.9130719742907952,0.6363636363636364
178,143,2,0.9912652929715458,0.7009941803749486,0.9884748265474197,0.9182583172922274,0.4716981132075472
178,145,2,0.9924184740970496,0.7350410937656402,0.9915773735970772,0.9489281262103594,0.7717121588089331
178,147,2,0.9927861317163605,0.7540254262064944,0.9924517132485586,0.9478514867171268,0.7391304347826088
178,151,2,0.9941277802995016,0.6844602963036934,0.9941554938204109,0.9450917198255036,0.7272727272727273
178,155,2,0.9916875871002462,0.7527309530556442,0.988810184823756,0.9201696484937526,0.7674418604651163
178,158,2,0.9932621833743949,0.6895705079524712,0.9923711181758778,0.9266219915161265,0.6129032258064516
178,168,2,0.9923866315932403,0.6969102063008086,0.9892832582813025,0.9158470503645932,0.7407407407407407
178,169,2,0.9886613462348802,0.697639373211735,0.9862444851058382,0.9058670178446131,0.7
178,171,2,0.992729233880407,0.7493908907428207,0.9910884351737622,0.9137060623409793,0.5186206896551724
178,185,2,0.9937505446723653,0.6948736375665925,0.9918961278015155,0.9432653538753252,0.6733333333333333
178,190,2,0.9932289799362424,0.7067876999419973,0.9907803390717282,0.9276944816975513,0.6578947368421053
178,191,2,0.9914315590453217,0.7409484819036006,0.9894987996568526,0.9256536403190626,0.6296296296296298
178,192,2,0.9930836269532742,0.7280135922002833,0.9919173166733969,0.916057135892873,0.6026315789473684
178,194,2,0.9914209228596462,0.6377179373541911,0.9893922844364428,0.8989702883132553,0.7
178,197,2,0.9903473162784585,0.724679540377716,0.9869140047664857,0.9244310771761062,0.6233108108108107
178,202,2,0.9881276162239112,0.6630600059026501,0.982767861139159,0.9070105055479596,0.6609195402298851
178,203,2,0.9911275526026706,0.6187585546663497,0.988442786868619,0.9345831754386338,0.7777777777777779
178,206,2,0.99246846207537,0.7544153437379316,0.9915540494147757,0.9480701813908892,0.7142857142857142
178,207,2,0.9934592955065785,0.6974868275722381,0.9923910228078204,0.9299331342201755,0.6153846153846154
178,210,2,0.9922766658121056,0.6861284634167496,0.9922676323371735,0.9190133064826871,0.7096774193548387
178,212,2,0.9930049011781483,0.6512920894495676,0.9914960935599656,0.939334921865732,0.7241379310344828
178,214,2,0.9908241285151932,0.7283785316546423,0.9892679329307558,0.9267272713525427,0.7272727272727273
178,215,2,0.992297228297271,0.699244001840184,0.9913419036925958,0.8851281801262103,0.7037037037037037
