exp_a,exp_b,trial_id,expertise_a,expertise_b,Shape,Length,Direction,Position,Duration,baseline_Shape,baseline_Length,baseline_Direction,baseline_Position,baseline_Duration
1,26,2,high,high,0.10453305868131912,-0.08013271493280538,0.11066930749904824,0.1546312823122039,-0.24032254649086793,0.8837346205823591,0.7939238803101195,0.8732644001568461,0.7706334927439584,0.8525674444500516
1,48,2,high,high,0.1152724697870039,-0.02420958227152803,0.09940591732899207,0.15087238147396997,-0.12277424380824054,0.8759198129642974,0.7571595580592012,0.8903934430834636,0.781337972118751,0.8298892535548292
1,68,2,high,high,0.10293418471054527,-0.1108216216583866,0.11680536357469706,0.171584254155001,-0.1387688869024235,0.8901704540962658,0.785160563882094,0.8738077068795319,0.7479986815878426,0.8446512398435999
1,69,2,high,high,0.11539971840516416,-0.10448258915287134,0.11683135767301156,0.15989536572994167,-0.1776177947253863,0.8753356570154996,0.7485453862973246,0.8708202894313488,0.7651309916994273,0.8361543800912399
1,80,2,high,high,0.11144905163492014,-0.06717635269062494,0.09238796316989117,0.1075377655711548,-0.07624827527515798,0.8738871890855144,0.7762031779673795,0.8900846782947571,0.7623097245861105,0.813090380538316
1,82,2,high,high,0.12348195850094557,-0.012392507017078502,0.1222671510181258,0.16898928380544487,-0.2271071866074097,0.8680140084799363,0.748094540313035,0.8643978771649327,0.7603769449223617,0.8196997792000023
1,86,2,high,high,0.13506247807042693,-0.017102960954780366,0.17620271722186376,0.16074501321526724,-0.2454658748638916,0.8578321795492386,0.6444153196835627,0.8143144701115476,0.7247538987631392,0.8095684389664557
1,87,2,high,high,0.10221878573138976,-0.08293672407215735,0.10170883616739668,0.1513443207716153,-0.1353520886683518,0.8870190853185819,0.7831190797004973,0.8833456828143859,0.7653420971817849,0.8153520886683517
1,123,2,high,high,0.1095440744316013,-0.09012728627578148,0.11110964533870826,0.08142805839001355,-0.12530517940621222,0.8800661944031858,0.814103461183168,0.8753007582877312,0.7838765903843798,0.8453051794062122
1,178,2,high,high,0.1173404182774842,-0.04544277272629982,0.12758185446535442,0.1572640382069177,-0.13279240496882505,0.8741628744977353,0.7721536109644704,0.8600574018747603,0.7499856467724837,0.8411257383021584
26,48,2,high,high,0.115416479340811,-0.08492528683637246,0.10805279561868442,0.10174995501615591,-0.22510767954425037,0.8770075820247456,0.7952909272191453,0.8797640035331447,0.7621126124647242,0.8350110611867625
26,68,2,high,high,0.10434921129567287,-0.076680122367771,0.10102656510348074,0.16403606268022508,-0.22138480104273472,0.888338174584967,0.7861562927468095,0.8894026500097563,0.7569046991393037,0.823468134376068
26,69,2,high,high,0.11137665725365564,-0.11905460590861472,0.10156284463911447,0.1751579716497078,-0.22779011874943178,0.8784546462306956,0.7932368120942759,0.8851340013907283,0.7549831867545245,0.8356332560043338
26,80,2,high,high,0.10022611010682458,-0.09372022292464899,0.11531744027220947,0.16217348868733894,-0.20340454379360995,0.8871720017465707,0.7303145571031051,0.8666681898503377,0.7522800815312572,0.8397681801572463
26,82,2,high,high,0.10493865798530366,-0.010011270212000767,0.10845798245539129,0.1171764654838442,-0.16953149036977333,0.8850505883855171,0.7703133834536718,0.8783565264572889,0.7665016826252915,0.8206942810674478
26,86,2,high,high,0.12084959279773,-0.005055048053915878,0.127857329420487,0.1322758493201357,-0.25031134428582824,0.871504589170167,0.7016000269098106,0.8624048265933235,0.7563842868063066,0.8336446776191615
26,87,2,high,high,0.11599261901572555,-0.030160125243372415,0.13225933174178706,0.13103742930155082,-0.19894210519834354,0.8749513778000171,0.7692578836311432,0.8552972221839363,0.7571624926702651,0.8424045749319997
26,123,2,high,high,0.11087507425635168,-0.159365574963376,0.11521901977895199,0.06453827855046967,-0.23869498467969485,0.878988952370786,0.8183563821447366,0.8706383466854744,0.8012328841020105,0.8540796000643103
26,178,2,high,high,0.10548371712464133,-0.07445173601173938,0.1121704009412332,0.11960321208210922,-0.21724035746038606,0.8860845697037601,0.7845120751942108,0.877378866855634,0.7877559348466932,0.8283514685714972
48,68,2,high,high,0.126368034410134,-0.01681304430979924,0.12913628656876175,0.1132028902059159,-0.1412306634016235,0.8683127944554196,0.7673788954938191,0.8637739736766581,0.7618143654237686,0.8078973300682902
48,69,2,high,high,0.10978779487662338,-0.12064919653379635,0.114863910128991,0.13264044332849856,-0.2243326149643825,0.8825387866589833,0.7957604029784049,0.8745653427620578,0.7709031096729463,0.8634815511345952
48,80,2,high,high,0.10526084661294877,-0.1414826421427452,0.1124895868992557,0.11476079601916356,-0.08149388174609551,0.886279651764766,0.7527130461810712,0.8762717169897102,0.7661301186444832,0.8433986436508574
48,82,2,high,high,0.11636814988232158,-0.05340632023197045,0.09873173887376407,0.17104595314142634,-0.22695442261412135,0.8757112768711736,0.7729188728971695,0.8899619612820345,0.7799789196869348,0.839857648420573
48,86,2,high,high,0.12464527729017039,-0.06955078673963844,0.13925992464406778,0.14435581531156105,-0.25226686266870835,0.8687881569354228,0.741056348320519,0.8499902919087579,0.7394982923295538,0.8332871177324743
48,87,2,high,high,0.1150073652005803,-0.05937431016251371,0.12205332085759757,0.14240186976224944,-0.17602960653849675,0.8781815282414069,0.7965371867471178,0.8686435577895549,0.7671012993281321,0.8426962732051635
48,123,2,high,high,0.11460524641399239,-0.08786210200563227,0.1155594920845654,0.0941701059153287,-0.12546274338759633,0.8782587153945567,0.7804927660212448,0.873937778419815,0.7645004747917115,0.8265265731748304
48,178,2,high,high,0.11232072125509074,-0.05630995954772755,0.10349714001025268,0.13266803394930904,-0.08824293048584908,0.8812911770735861,0.7778471424420631,0.8883127229244969,0.774012525928782,0.8273733652684578
68,69,2,high,high,0.11979472821435655,-0.10902889530399928,0.12291296580726929,0.1686105523447442,-0.19010513034136134,0.8741121850560596,0.8130367734772768,0.8697971843481357,0.767721412337712,0.8326857755026517
68,80,2,high,high,0.1164292368046348,-0.035486311544439375,0.1193368141116542,0.13387477120081925,-0.0765191339885819,0.8768612863472918,0.6746704076644544,0.8733494670011638,0.762537471635653,0.8210843513798862
68,82,2,high,high,0.11082540155304843,-0.015301536041104402,0.10437162723603988,0.13142628050403538,-0.19458817129527706,0.8826796386361362,0.8143789033422255,0.8873953903167449,0.7780629007455062,0.8309518076589135
68,86,2,high,high,0.1196070661699058,-0.027907421697458412,0.11845073325265687,0.1004764583270451,-0.25067217028289046,0.8740366941066493,0.7470132629281094,0.8721699502453975,0.7551003594909059,0.831317331573213
68,87,2,high,high,0.11830502209048688,-0.07837645470241139,0.11707478525407011,0.14273184372440528,-0.17641753802807225,0.8747776822753776,0.7999796001049465,0.8740357808547491,0.7804260207803868,0.843084204694739
68,123,2,high,high,0.1124081943215105,-0.03704054213354846,0.11824538300929943,0.1608802293352838,-0.12951536269415997,0.8808537431863228,0.7878273854105822,0.8727234013987715,0.7548605650143893,0.8271897812988112
68,178,2,high,high,0.11483236665611718,-0.04496719907272895,0.11999395375527189,0.19659036152654408,-0.12714416721628918,0.8789447864817795,0.7913207330895353,0.8735064189106696,0.760373972553244,0.8194518595239815
69,80,2,high,high,0.12672443769786557,-0.020139372265259636,0.1505710945269778,0.1647840292101126,-0.18103402646253786,0.8628001773193674,0.6812405199686034,0.8350622594889121,0.7157358682458441,0.8372840264625379
69,82,2,high,high,0.10677466115748602,-0.014977534357185296,0.098398212407523,0.16841426917072555,-0.18001337913960747,0.8845808556898785,0.7937945342584342,0.8881475323467404,0.7668388405078327,0.8311761698372819
69,86,2,high,high,0.11240674079030777,-0.08165588905796806,0.12138689524527801,0.13282659206215208,-0.22242599424573462,0.8807018956193163,0.7478400572115406,0.8693119720064963,0.7585183341179096,0.8353292200521862
69,87,2,high,high,0.1067101918962855,-0.07921208816064274,0.11638500215276781,0.13859983689564714,-0.1482264648520254,0.8851644134850828,0.8065247781745957,0.8727992058336123,0.7606694263280631,0.8282264648520253
69,123,2,high,high,0.11711204564766275,-0.10274099857380015,0.11636902224291346,0.08496199802744242,-0.22664876994821537,0.8742950070264603,0.7906304077580388,0.8732677623054323,0.7621359849517438,0.8266487699482153
69,178,2,high,high,0.11496962304798608,-0.05318281868634567,0.12988053484805728,0.1657142139160186,-0.20770189962863128,0.8770361279265371,0.7858514471519549,0.8582992322577263,0.7684079201818972,0.8327018996286313
80,82,2,high,high,0.12470925659685195,0.019047011100403077,0.12569379220622157,0.10821398753734657,-0.23030215727737724,0.8640077298466147,0.6797457307124863,0.8568610614635812,0.7547737297250885,0.8363627633379832
80,86,2,high,high,0.13449047798770708,0.09250969581611879,0.17269272427814586,0.17857480146360538,-0.3139873311226551,0.8569984113036117,0.6113135793185888,0.8159541499713724,0.6851844269160762,0.8320596202792816
80,87,2,high,high,0.12341305141587344,-0.08952749861179221,0.15926922857309533,0.1110977199884241,-0.13633347483172087,0.8659895579312173,0.7104898594081872,0.8265688103099446,0.7505563408183332,0.8030001414983875
80,123,2,high,high,0.11959538378964951,0.018921439509749005,0.12282062854194353,0.06777778477977403,-0.08728061904043882,0.8670511208461533,0.7293094554964481,0.8616312516347254,0.7696622170325371,0.8241227243035968
80,178,2,high,high,0.10748545840523571,-0.06892640788456883,0.13025247468750645,0.09173769686912969,-0.10104467341704226,0.8824961955912246,0.6945045023004051,0.8574011553371995,0.7601755185571735,0.8610446734170422
82,86,2,high,high,0.11857436178045222,-0.02917989519418529,0.14123228876838534,0.15795685342644838,-0.1768792405346854,0.8744713802091533,0.7318233472452134,0.8489531991745574,0.7360117346972648,0.8132428768983219
82,87,2,high,high,0.11770787674300942,-0.05800685060878186,0.1010733681859699,0.13974026097769565,-0.1712913233957889,0.8733774226109108,0.8089245105344139,0.8863962761713691,0.7860275139257866,0.8251374772419429
82,123,2,high,high,0.11182270709922781,-0.0820537030799312,0.11443529100486172,0.10476671819731331,-0.22756406069232782,0.8780272466697167,0.8015399970695659,0.8712466894809203,0.7780285352833523,0.8327065434961274
82,178,2,high,high,0.1161241382909105,-0.07780471244450426,0.11791283974533928,0.11606954184972185,-0.24094267565411898,0.875379426015575,0.8060664461542497,0.8713498618362494,0.793788298697517,0.8563272910387344
86,87,2,high,high,0.12151369786896316,-0.01762101988238851,0.11864294313774026,0.10863239251695578,-0.22735521562424654,0.8712320489070372,0.7150503229128995,0.8714998595796728,0.7555948032256461,0.8399292775070641
86,123,2,high,high,0.11795063941273909,-0.0018789752171279872,0.13898424977507884,0.11923769474933144,-0.2414390969800373,0.8750107507699283,0.7170970011527034,0.8509488698397463,0.7511347082832751,0.8340316895726299
86,178,2,high,high,0.12413086254533268,0.00786396873630757,0.1296438939096627,0.16005782423987547,-0.2806934406068986,0.8688985035634403,0.7168858737581291,0.8613998474502579,0.7412533814969309,0.8445521362590724
87,123,2,high,high,0.1136486183249914,-0.057357555489785716,0.10532469344327144,0.10265024687134805,-0.1876946059240272,0.8769480144076686,0.7856857944002642,0.8821440001999545,0.7721590027779839,0.8347534294534389
87,178,2,high,high,0.11002870438992773,-0.07815492493239407,0.1145580516491802,0.16709133965903888,-0.1954315797333005,0.8811312201012059,0.790629532311866,0.8740594404679587,0.7640139904747499,0.8317952160969369
123,178,2,high,high,0.10514260521719776,-0.06465373466166535,0.10631396955951111,0.1326942548285679,-0.10728905730801819,0.8868422614114551,0.7939239788000315,0.8844561460066235,0.7782364583313988,0.8293580228252595
