exp_a,exp_b,expertise_a,expertise_b,render_a,render_b,code_a,code_b,Shape,Direction,Length,Position,Duration,source_file
16,24,Beginner,Beginner,r1,r1,c1,c1,0.9862551180173632,0.743421533310587,0.9821951220380364,0.9106967935772646,0.6343363172249809,Beginner_r1_result.csv
16,27,Beginner,Beginner,r1,r1,c1,c1,0.9859505058270654,0.8206836314681922,0.9832917158965218,0.9556876139836584,0.7399355877616747,Beginner_r1_result.csv
16,33,Beginner,Beginner,r1,r1,c1,c1,0.9858397923529147,0.8377490508305943,0.98273153152383,0.8231021820134371,0.7235125448028674,Beginner_r1_result.csv
16,36,Beginner,Beginner,r1,r1,c1,c1,0.9849670870203616,0.6532204049045269,0.9772930933962574,0.8974255495098017,0.6742857142857143,Beginner_r1_result.csv
16,40,Beginner,Beginner,r1,r1,c1,c1,0.9866426817497064,0.8763558589771883,0.9850053472570977,0.8281026238445529,0.736842105263158,Beginner_r1_result.csv
24,27,Beginner,Beginner,r1,r1,c1,c1,0.9862041072833828,0.8901350463458242,0.9854046803954254,0.9259292052800224,0.6807760141093475,Beginner_r1_result.csv
24,33,Beginner,Beginner,r1,r1,c1,c1,0.988275588968332,0.9046972792284088,0.9867137104406004,0.8424681721386436,0.6936119436119437,Beginner_r1_result.csv
24,36,Beginner,Beginner,r1,r1,c1,c1,0.9833472531670266,0.645852423285153,0.9751202706014932,0.9308609175753332,0.5430346978808246,Beginner_r1_result.csv
24,40,Beginner,Beginner,r1,r1,c1,c1,0.9896299658495342,0.9192272017120872,0.9885820692812074,0.9245722591575702,0.657992565055762,Beginner_r1_result.csv
25,28,Beginner,Beginner,r1,r1,c2,c2,0.9870783056868624,0.8832388559300836,0.9848716981246848,0.9030132520776708,0.7508865248226951,Beginner_r1_result.csv
25,37,Beginner,Beginner,r1,r1,c2,c2,0.9857087405737012,0.8756043892085634,0.9851860318616988,0.9511521079929396,0.7564832384566731,Beginner_r1_result.csv
25,38,Beginner,Beginner,r1,r1,c2,c2,0.9833691335539496,0.7616213525198379,0.969831707194026,0.9417855172984376,0.7556818181818182,Beginner_r1_result.csv
25,41,Beginner,Beginner,r1,r1,c2,c2,0.9873422672967784,0.8583840030638991,0.9867572882734602,0.9209024208689716,0.7158273381294964,Beginner_r1_result.csv
25,43,Beginner,Beginner,r1,r1,c2,c2,0.9850654280449372,0.8594836375966449,0.9856660834612724,0.9485908130808416,0.7155459823937067,Beginner_r1_result.csv
25,47,Beginner,Beginner,r1,r1,c2,c2,0.9877601214974476,0.9005149959873608,0.9854215302138084,0.941294066025403,0.7283186297270804,Beginner_r1_result.csv
25,48,Beginner,Beginner,r1,r1,c2,c2,0.9873125641407522,0.8846265031952825,0.9848502666241564,0.9442458805673292,0.7665634674922601,Beginner_r1_result.csv
25,50,Beginner,Beginner,r1,r1,c2,c2,0.986307734862726,0.880347203892794,0.9846420140726584,0.9373793580561424,0.747423732272217,Beginner_r1_result.csv
25,52,Beginner,Beginner,r1,r1,c2,c2,0.9833612177206597,0.8078667618617761,0.9821888987369062,0.9079611339935866,0.7430153408513664,Beginner_r1_result.csv
26,29,Beginner,Beginner,r1,r1,c3,c3,0.98334292157961,0.8358348116696035,0.9828113686754096,0.9386561501283818,0.7394750254841997,Beginner_r1_result.csv
26,30,Beginner,Beginner,r1,r1,c3,c3,0.9839861151099862,0.7794866270221181,0.9823269734962684,0.8927558482494743,0.7160739742613315,Beginner_r1_result.csv
26,39,Beginner,Beginner,r1,r1,c3,c3,0.9847482608148026,0.9153142877727456,0.9835782504448508,0.926445191122467,0.6950350949628407,Beginner_r1_result.csv
26,46,Beginner,Beginner,r1,r1,c3,c3,0.987764776509478,0.870837161794019,0.9839652238826178,0.9084076024745712,0.7359126984126984,Beginner_r1_result.csv
26,9,Beginner,Beginner,r1,r1,c3,c3,0.9857445448741096,0.8436738069266082,0.9833257470719012,0.915568566348124,0.7091962524654832,Beginner_r1_result.csv
27,33,Beginner,Beginner,r1,r1,c1,c1,0.9892201606250388,0.9223820963692394,0.9863787694005322,0.9216585343660716,0.7661813992459154,Beginner_r1_result.csv
27,36,Beginner,Beginner,r1,r1,c1,c1,0.9803826147511396,0.6534784016599748,0.9741064586166206,0.9328886003843914,0.7285714285714284,Beginner_r1_result.csv
27,40,Beginner,Beginner,r1,r1,c1,c1,0.9864036386061816,0.9056405904695752,0.9877448826612512,0.9023450912435012,0.7456140350877194,Beginner_r1_result.csv
28,37,Beginner,Beginner,r1,r1,c2,c2,0.9867647035295922,0.8786622129356388,0.984817310838642,0.934682819015565,0.7188422182194458,Beginner_r1_result.csv
28,38,Beginner,Beginner,r1,r1,c2,c2,0.9846738979082575,0.8111790412493072,0.977595788305956,0.952286056542606,0.7618667293085899,Beginner_r1_result.csv
28,41,Beginner,Beginner,r1,r1,c2,c2,0.9873723706822846,0.8219006234954563,0.9840808859905884,0.8412800733733543,0.6929379573264465,Beginner_r1_result.csv
28,43,Beginner,Beginner,r1,r1,c2,c2,0.9872909244028926,0.8328020247085139,0.9859183405805084,0.9043868567776064,0.7431506849315068,Beginner_r1_result.csv
28,47,Beginner,Beginner,r1,r1,c2,c2,0.987167138827758,0.8987152866668618,0.9841707656031432,0.9554791988558808,0.7022058823529411,Beginner_r1_result.csv
28,48,Beginner,Beginner,r1,r1,c2,c2,0.989544189626074,0.8677031027014765,0.9871580671664256,0.9204792216987192,0.7727272727272728,Beginner_r1_result.csv
28,50,Beginner,Beginner,r1,r1,c2,c2,0.9865978518446448,0.8657760517921264,0.9864741092626502,0.9615019146190074,0.7172774869109948,Beginner_r1_result.csv
28,52,Beginner,Beginner,r1,r1,c2,c2,0.9848410945133292,0.8839059644025444,0.9817521950992708,0.9157968097568002,0.7091244239631337,Beginner_r1_result.csv
29,30,Beginner,Beginner,r1,r1,c3,c3,0.9778013603963766,0.6778623397217889,0.9775900637422978,0.8990479619296986,0.7290322580645161,Beginner_r1_result.csv
29,39,Beginner,Beginner,r1,r1,c3,c3,0.9796549538410698,0.8737551007718377,0.9779735404346948,0.8904867455176206,0.6584158415841583,Beginner_r1_result.csv
29,46,Beginner,Beginner,r1,r1,c3,c3,0.983236423122658,0.8001281867696547,0.9789908362969316,0.9119334536922508,0.7333333333333334,Beginner_r1_result.csv
29,9,Beginner,Beginner,r1,r1,c3,c3,0.980366962137432,0.8002237350540847,0.9774119283728298,0.8979695116637606,0.6958947787963332,Beginner_r1_result.csv
30,39,Beginner,Beginner,r1,r1,c3,c3,0.9829894699961276,0.7336185031286503,0.978000590828821,0.8654689605115217,0.6949685534591195,Beginner_r1_result.csv
30,46,Beginner,Beginner,r1,r1,c3,c3,0.9864552569264444,0.7633470618268272,0.9810287163873782,0.909237661922252,0.718666314014613,Beginner_r1_result.csv
30,9,Beginner,Beginner,r1,r1,c3,c3,0.9845848980737866,0.7514232624533167,0.9808004498263728,0.8649613508736993,0.7109634551495017,Beginner_r1_result.csv
33,36,Beginner,Beginner,r1,r1,c1,c1,0.9874684809546544,0.72171041317055,0.9819567916924308,0.9038788595175372,0.7446808510638299,Beginner_r1_result.csv
33,40,Beginner,Beginner,r1,r1,c1,c1,0.9892850044525104,0.9067622582102444,0.9887178313862722,0.9601303266130924,0.7309644670050761,Beginner_r1_result.csv
36,40,Beginner,Beginner,r1,r1,c1,c1,0.9878553244197208,0.5891692841442697,0.9837943549420054,0.7708615964889637,0.7718494271685762,Beginner_r1_result.csv
37,38,Beginner,Beginner,r1,r1,c2,c2,0.987503765763822,0.7344469192302561,0.985439235057834,0.8292426416005383,0.6964980544747081,Beginner_r1_result.csv
37,41,Beginner,Beginner,r1,r1,c2,c2,0.9868180958227784,0.7887957648964357,0.9847658430857392,0.9195783711780958,0.6770428015564202,Beginner_r1_result.csv
37,43,Beginner,Beginner,r1,r1,c2,c2,0.989190195055135,0.8543944624080603,0.986945226218508,0.893779703826832,0.7498725687458083,Beginner_r1_result.csv
37,47,Beginner,Beginner,r1,r1,c2,c2,0.987374537588824,0.8824881086884794,0.9838736977893212,0.8736235328045916,0.6695652173913043,Beginner_r1_result.csv
37,48,Beginner,Beginner,r1,r1,c2,c2,0.9874531838056098,0.8109590613431072,0.986196228540063,0.927469341256458,0.735394407819959,Beginner_r1_result.csv
37,50,Beginner,Beginner,r1,r1,c2,c2,0.9870455433180552,0.8766880457544204,0.9847223948415632,0.9293553117941568,0.7087483399734396,Beginner_r1_result.csv
37,52,Beginner,Beginner,r1,r1,c2,c2,0.9849145933232282,0.8202518381057482,0.979702774148736,0.860778675465801,0.7167415730337079,Beginner_r1_result.csv
38,41,Beginner,Beginner,r1,r1,c2,c2,0.9864056655806864,0.7432880758526038,0.9784993274106696,0.737095758305875,0.7604620300461258,Beginner_r1_result.csv
38,43,Beginner,Beginner,r1,r1,c2,c2,0.9865936215063912,0.7525204393775536,0.9778996571975376,0.9326619047186142,0.7283983140147524,Beginner_r1_result.csv
38,47,Beginner,Beginner,r1,r1,c2,c2,0.98621407017653,0.8212700473467843,0.9813723944247156,0.9470913069153258,0.6761598663896063,Beginner_r1_result.csv
38,48,Beginner,Beginner,r1,r1,c2,c2,0.9876937194521048,0.7751382706379767,0.9804233763734592,0.9389937940952204,0.7794844087681383,Beginner_r1_result.csv
38,50,Beginner,Beginner,r1,r1,c2,c2,0.9883182386645948,0.8694229865502014,0.985795191180604,0.9484219974427054,0.7187603618966416,Beginner_r1_result.csv
38,52,Beginner,Beginner,r1,r1,c2,c2,0.9825800463816312,0.7840947321102187,0.9759968104451708,0.9321620356641918,0.7582629643060663,Beginner_r1_result.csv
39,46,Beginner,Beginner,r1,r1,c3,c3,0.9847755801028356,0.8416052051617859,0.9817524060398838,0.8955369880078314,0.6493506493506493,Beginner_r1_result.csv
39,9,Beginner,Beginner,r1,r1,c3,c3,0.9852059228272968,0.8523276707908727,0.984498324800801,0.931157741072722,0.6638297872340426,Beginner_r1_result.csv
41,43,Beginner,Beginner,r1,r1,c2,c2,0.9868699678102212,0.7996931154810113,0.9842993265037694,0.9380348652360196,0.7127071823204421,Beginner_r1_result.csv
41,47,Beginner,Beginner,r1,r1,c2,c2,0.9878981492348224,0.8933905164563126,0.9847647752254868,0.8400335495893276,0.7043795620437956,Beginner_r1_result.csv
41,48,Beginner,Beginner,r1,r1,c2,c2,0.9882968179421454,0.884237542499595,0.986401444159226,0.9370090231408662,0.7148088148663847,Beginner_r1_result.csv
41,50,Beginner,Beginner,r1,r1,c2,c2,0.9879255775164922,0.8278033016066955,0.9867295368820014,0.8436612610986238,0.732919254658385,Beginner_r1_result.csv
41,52,Beginner,Beginner,r1,r1,c2,c2,0.9849556430774774,0.8662445673430714,0.9815099756396088,0.8372543940149672,0.6699507389162562,Beginner_r1_result.csv
43,47,Beginner,Beginner,r1,r1,c2,c2,0.9862399336587068,0.844361616529718,0.9871743940753844,0.930679805801358,0.6994535519125684,Beginner_r1_result.csv
43,48,Beginner,Beginner,r1,r1,c2,c2,0.9896183682677592,0.8811476059423567,0.9872944196841869,0.9329825478111003,0.6950843727072635,Beginner_r1_result.csv
43,50,Beginner,Beginner,r1,r1,c2,c2,0.9893980262707832,0.847334074608735,0.989144577439058,0.9401754032517255,0.6870063571566173,Beginner_r1_result.csv
43,52,Beginner,Beginner,r1,r1,c2,c2,0.984925574131319,0.7961093189335459,0.9839700026272628,0.9289238029780944,0.7128712871287128,Beginner_r1_result.csv
46,9,Beginner,Beginner,r1,r1,c3,c3,0.9861619583823528,0.8080499461398651,0.9834439632604208,0.8757178079575889,0.7466751843893373,Beginner_r1_result.csv
47,48,Beginner,Beginner,r1,r1,c2,c2,0.9886168911529242,0.9027872186192198,0.9885989671621892,0.9598977716996836,0.7041652041652042,Beginner_r1_result.csv
47,50,Beginner,Beginner,r1,r1,c2,c2,0.9883437660267088,0.9028683325541896,0.9863522116165812,0.9631228129419864,0.711621553544787,Beginner_r1_result.csv
47,52,Beginner,Beginner,r1,r1,c2,c2,0.9867530473556024,0.8881546153831029,0.9849410447124506,0.9215877397961588,0.6890756302521008,Beginner_r1_result.csv
48,50,Beginner,Beginner,r1,r1,c2,c2,0.9894114197275374,0.8748081875777891,0.9868946033159512,0.9419306673863508,0.75,Beginner_r1_result.csv
48,52,Beginner,Beginner,r1,r1,c2,c2,0.9867284896236814,0.801338604988717,0.986700943351002,0.8873585640347906,0.744873799419254,Beginner_r1_result.csv
50,52,Beginner,Beginner,r1,r1,c2,c2,0.9862238011269172,0.8766781886401365,0.9817445825487752,0.8986541371469735,0.6961538461538461,Beginner_r1_result.csv
16,26,Beginner,Beginner,r2,r2,c2,c2,0.990368341197848,0.9091962015651748,0.9899246302876936,0.957712289626358,0.7085216325100718,Beginner_r2_result.csv
16,29,Beginner,Beginner,r2,r2,c2,c2,0.986078227175551,0.8616581294084474,0.9848723140528968,0.9277683268092785,0.7086956521739131,Beginner_r2_result.csv
16,36,Beginner,Beginner,r2,r2,c2,c2,0.989549114630392,0.8616726682547842,0.9865355258123056,0.9620272418501378,0.7072710979265164,Beginner_r2_result.csv
16,46,Beginner,Beginner,r2,r2,c2,c2,0.9911081894730672,0.9413982106444356,0.9875416432744032,0.911477296615238,0.7080338085887475,Beginner_r2_result.csv
24,25,Beginner,Beginner,r2,r2,c3,c3,0.9845996835905112,0.926973003503472,0.9850191097731992,0.957888649917038,0.729730229120473,Beginner_r2_result.csv
24,27,Beginner,Beginner,r2,r2,c3,c3,0.9869268521324378,0.9338523842971052,0.9849362390735712,0.9425444946827622,0.7366412213740459,Beginner_r2_result.csv
24,28,Beginner,Beginner,r2,r2,c3,c3,0.985177736374931,0.899236870713352,0.9845109976397493,0.8943038403812676,0.699169110459433,Beginner_r2_result.csv
24,33,Beginner,Beginner,r2,r2,c3,c3,0.9865674407067058,0.8677790247604311,0.9860145918016568,0.8555190715899302,0.6878172588832487,Beginner_r2_result.csv
24,40,Beginner,Beginner,r2,r2,c3,c3,0.9861919220768146,0.912801312003362,0.9867124437861404,0.9569989097061384,0.695266272189349,Beginner_r2_result.csv
24,41,Beginner,Beginner,r2,r2,c3,c3,0.985127611656046,0.87781970945857,0.9828716063511854,0.8840023138322983,0.6893939393939393,Beginner_r2_result.csv
24,48,Beginner,Beginner,r2,r2,c3,c3,0.9834687979253912,0.8911414218737332,0.981280538800246,0.940024061968106,0.7496533967122203,Beginner_r2_result.csv
24,52,Beginner,Beginner,r2,r2,c3,c3,0.9854644052543432,0.9182371303821504,0.9837710385655398,0.8857405549719887,0.6690140845070423,Beginner_r2_result.csv
25,27,Beginner,Beginner,r2,r2,c3,c3,0.9831373233649172,0.8627678480160799,0.9821317522682612,0.9515365175133228,0.7746736457085199,Beginner_r2_result.csv
25,28,Beginner,Beginner,r2,r2,c3,c3,0.9861000928540092,0.8942506890244522,0.9841373600072508,0.9070900843737508,0.6920121951219512,Beginner_r2_result.csv
25,33,Beginner,Beginner,r2,r2,c3,c3,0.9857688984494644,0.8662045800778043,0.9852187363659352,0.9489772860822197,0.7413844325609031,Beginner_r2_result.csv
25,40,Beginner,Beginner,r2,r2,c3,c3,0.98661825002115,0.9300147720268488,0.9850637118853685,0.962710469719346,0.7687861271676302,Beginner_r2_result.csv
25,41,Beginner,Beginner,r2,r2,c3,c3,0.9843726913948162,0.8219231074168913,0.9795563676988216,0.913395129116,0.7005425652042193,Beginner_r2_result.csv
25,48,Beginner,Beginner,r2,r2,c3,c3,0.9833176472078392,0.8497060444482878,0.9842337060293628,0.9261435503257108,0.7367033968157564,Beginner_r2_result.csv
25,52,Beginner,Beginner,r2,r2,c3,c3,0.9836739264166816,0.9020500323822416,0.9826453649669604,0.8508742374414575,0.7578895699645628,Beginner_r2_result.csv
26,29,Beginner,Beginner,r2,r2,c2,c2,0.9887214335769092,0.9225934411439536,0.9881950096393716,0.9274577879784498,0.6676706827309237,Beginner_r2_result.csv
26,36,Beginner,Beginner,r2,r2,c2,c2,0.9898738921718272,0.9041922311803244,0.987585377719931,0.9502496200309396,0.7163729561866278,Beginner_r2_result.csv
26,46,Beginner,Beginner,r2,r2,c2,c2,0.993073768822809,0.9401623006970892,0.9908589926125736,0.9479215617860876,0.7222222222222222,Beginner_r2_result.csv
27,28,Beginner,Beginner,r2,r2,c3,c3,0.9845652245966652,0.8337546485628772,0.9819704838245222,0.9162153450283524,0.7270287481804949,Beginner_r2_result.csv
27,33,Beginner,Beginner,r2,r2,c3,c3,0.983244843672216,0.845034538797601,0.9840304023575734,0.9326483606912244,0.7004577237370475,Beginner_r2_result.csv
27,40,Beginner,Beginner,r2,r2,c3,c3,0.9810239887808132,0.8632721384165772,0.9838317512791908,0.9419822806881706,0.799163179916318,Beginner_r2_result.csv
27,41,Beginner,Beginner,r2,r2,c3,c3,0.9830719282801514,0.8257121192968188,0.9824397715051064,0.8800150484109757,0.6912442396313364,Beginner_r2_result.csv
27,48,Beginner,Beginner,r2,r2,c3,c3,0.9836147848053548,0.8660293246035674,0.9814826425760844,0.9223697600764398,0.7792228212039533,Beginner_r2_result.csv
27,52,Beginner,Beginner,r2,r2,c3,c3,0.984197267928176,0.8898217521130708,0.9816247749506573,0.8814984121366211,0.7457741211667913,Beginner_r2_result.csv
28,33,Beginner,Beginner,r2,r2,c3,c3,0.9876994447009264,0.8592727892285561,0.9858536899273026,0.9289204516230554,0.7150837988826816,Beginner_r2_result.csv
28,40,Beginner,Beginner,r2,r2,c3,c3,0.9863986948423282,0.9209220278362652,0.9850786706961804,0.8912311916312756,0.721311475409836,Beginner_r2_result.csv
28,41,Beginner,Beginner,r2,r2,c3,c3,0.9844877871566424,0.8571713022588234,0.9802037659593584,0.9449447200841348,0.6871517890305807,Beginner_r2_result.csv
28,48,Beginner,Beginner,r2,r2,c3,c3,0.982536117499328,0.8035558843684681,0.979829595610752,0.9502147682004434,0.7389143323747648,Beginner_r2_result.csv
28,52,Beginner,Beginner,r2,r2,c3,c3,0.9863594961067156,0.9020176212691572,0.9853829620765908,0.9212632026435608,0.7102622424404602,Beginner_r2_result.csv
29,36,Beginner,Beginner,r2,r2,c2,c2,0.9871509919491064,0.8768696385150923,0.9841201653487,0.9215195137698486,0.7058823529411765,Beginner_r2_result.csv
29,46,Beginner,Beginner,r2,r2,c2,c2,0.9887499404106974,0.9203732731742912,0.9850494728385764,0.9245466687709492,0.742032020160842,Beginner_r2_result.csv
30,37,Beginner,Beginner,r2,r2,c1,c1,0.9896687253265676,0.9218265853456298,0.9886754795032549,0.93496540415975,0.7267441860465117,Beginner_r2_result.csv
30,38,Beginner,Beginner,r2,r2,c1,c1,0.9902478935504516,0.9278205853409224,0.9877983538908932,0.9440332034435694,0.7757009345794393,Beginner_r2_result.csv
30,39,Beginner,Beginner,r2,r2,c1,c1,0.9904244494575576,0.9272382398342358,0.9911897415425504,0.9540637428786922,0.70162567644859,Beginner_r2_result.csv
30,43,Beginner,Beginner,r2,r2,c1,c1,0.9890962146416306,0.9325399675819864,0.989001556726865,0.937631138431654,0.7114381229106134,Beginner_r2_result.csv
30,47,Beginner,Beginner,r2,r2,c1,c1,0.9861086635387656,0.8962982132816594,0.986465397822974,0.9356062848797642,0.7534246575342466,Beginner_r2_result.csv
30,50,Beginner,Beginner,r2,r2,c1,c1,0.9890599672669954,0.8962872851770669,0.9894835233448684,0.951160101989142,0.7198953888860329,Beginner_r2_result.csv
30,9,Beginner,Beginner,r2,r2,c1,c1,0.9905870666474644,0.9075438186653496,0.9876194207758732,0.9238934285822288,0.7624309392265194,Beginner_r2_result.csv
33,40,Beginner,Beginner,r2,r2,c3,c3,0.9897398774671172,0.8880141945142783,0.9893316575546336,0.908022558760516,0.7112299465240642,Beginner_r2_result.csv
33,41,Beginner,Beginner,r2,r2,c3,c3,0.9868000498592696,0.8381956511416461,0.9848457446628196,0.8249737001278858,0.6571920403255033,Beginner_r2_result.csv
33,48,Beginner,Beginner,r2,r2,c3,c3,0.9879510297183404,0.8937905298549023,0.9865685820041364,0.9492661978088964,0.7391692188754422,Beginner_r2_result.csv
33,52,Beginner,Beginner,r2,r2,c3,c3,0.986028187387922,0.8775563326538659,0.9845766405808104,0.9198254361006072,0.6970954356846474,Beginner_r2_result.csv
36,46,Beginner,Beginner,r2,r2,c2,c2,0.9915496241586002,0.9169913229169652,0.9890594889344364,0.9422384345825476,0.7333333333333333,Beginner_r2_result.csv
37,38,Beginner,Beginner,r2,r2,c1,c1,0.9897073643866752,0.9223921456641452,0.9883639069139124,0.9339030160767684,0.7558139534883722,Beginner_r2_result.csv
37,39,Beginner,Beginner,r2,r2,c1,c1,0.9931906226774664,0.9469044622602032,0.9899874939412396,0.9691465962583689,0.710121694763333,Beginner_r2_result.csv
37,43,Beginner,Beginner,r2,r2,c1,c1,0.9901131665061058,0.9296297853816392,0.9857306606545256,0.9593416084401118,0.7058501956931659,Beginner_r2_result.csv
37,47,Beginner,Beginner,r2,r2,c1,c1,0.9864496961707752,0.9130757829378416,0.9849631089048232,0.9445877311377712,0.7035318535798827,Beginner_r2_result.csv
37,50,Beginner,Beginner,r2,r2,c1,c1,0.9913795379671192,0.9398193026240168,0.9904030840953756,0.9467339059372478,0.6839237057220708,Beginner_r2_result.csv
37,9,Beginner,Beginner,r2,r2,c1,c1,0.9908791020914316,0.9065957366169352,0.9874385666093302,0.9564516358796268,0.7335305719921104,Beginner_r2_result.csv
38,39,Beginner,Beginner,r2,r2,c1,c1,0.986422378079602,0.883068974935391,0.9858000517185328,0.9687850374953888,0.6641337386018237,Beginner_r2_result.csv
38,43,Beginner,Beginner,r2,r2,c1,c1,0.9866173794163616,0.8777501423261049,0.9871023234401228,0.9395292925100344,0.6331877729257641,Beginner_r2_result.csv
38,47,Beginner,Beginner,r2,r2,c1,c1,0.9838466052838466,0.8452250572267455,0.9837469443902184,0.9516322739421468,0.6749116607773853,Beginner_r2_result.csv
38,50,Beginner,Beginner,r2,r2,c1,c1,0.9901957473781474,0.9152798070105852,0.987216859008944,0.9479623914446312,0.7232142857142857,Beginner_r2_result.csv
38,9,Beginner,Beginner,r2,r2,c1,c1,0.9858905006087474,0.8700815043632858,0.9854223714105508,0.9281118621543488,0.7477678571428572,Beginner_r2_result.csv
39,43,Beginner,Beginner,r2,r2,c1,c1,0.9885043929314622,0.9301147168287948,0.9882266220367912,0.9524146535387802,0.7488461538461538,Beginner_r2_result.csv
39,47,Beginner,Beginner,r2,r2,c1,c1,0.9852835412905172,0.8996661307052753,0.98733970240223,0.9578255403611884,0.6663775207591933,Beginner_r2_result.csv
39,50,Beginner,Beginner,r2,r2,c1,c1,0.9922143131190344,0.9390546489981298,0.989184644834036,0.9508245500662816,0.705240174672489,Beginner_r2_result.csv
39,9,Beginner,Beginner,r2,r2,c1,c1,0.9904595186161972,0.886215077741855,0.9872586446096344,0.9624283527364484,0.7,Beginner_r2_result.csv
40,41,Beginner,Beginner,r2,r2,c3,c3,0.9873587131541832,0.8794446119183225,0.9878954063242203,0.8105983975859645,0.7356673633920573,Beginner_r2_result.csv
40,48,Beginner,Beginner,r2,r2,c3,c3,0.9843214487062169,0.7991259247484062,0.9854018745252658,0.949223471392462,0.7688441653538065,Beginner_r2_result.csv
40,52,Beginner,Beginner,r2,r2,c3,c3,0.9875127850913524,0.9314065382798762,0.9885113559740248,0.8546059892455836,0.75760582010582,Beginner_r2_result.csv
41,48,Beginner,Beginner,r2,r2,c3,c3,0.988150003610028,0.8084322901384865,0.9839189691446336,0.8915461869775956,0.6931140350877194,Beginner_r2_result.csv
41,52,Beginner,Beginner,r2,r2,c3,c3,0.9843036529996222,0.7898792418178413,0.9823651239879384,0.9486293619189612,0.6749669873608752,Beginner_r2_result.csv
43,47,Beginner,Beginner,r2,r2,c1,c1,0.9857256106241002,0.8966266683412593,0.9856361665487258,0.9568297251682448,0.6958374505928854,Beginner_r2_result.csv
43,50,Beginner,Beginner,r2,r2,c1,c1,0.9917171922887486,0.9306529228178548,0.9892097348821276,0.9416831681759874,0.6685226429101707,Beginner_r2_result.csv
43,9,Beginner,Beginner,r2,r2,c1,c1,0.9893029131570984,0.9095177301440586,0.987341379504087,0.9596717796423956,0.6980488772272395,Beginner_r2_result.csv
47,50,Beginner,Beginner,r2,r2,c1,c1,0.987006384067918,0.927376259502076,0.9872006943948416,0.9578824915274868,0.710421888053467,Beginner_r2_result.csv
47,9,Beginner,Beginner,r2,r2,c1,c1,0.9875112401407452,0.8936617341494525,0.98523159782474,0.9455964959821116,0.7425149700598802,Beginner_r2_result.csv
48,52,Beginner,Beginner,r2,r2,c3,c3,0.986522343022031,0.8989117343098411,0.9847957890999374,0.8719989085952595,0.752808988764045,Beginner_r2_result.csv
50,9,Beginner,Beginner,r2,r2,c1,c1,0.9914424229560708,0.9049083308415906,0.9901056616226106,0.9557990773941184,0.7551867219917012,Beginner_r2_result.csv
16,36,Beginner,Beginner,r3,r3,c3,c3,0.9855886815407604,0.7594956308077497,0.9815735740430366,0.9124978962698892,0.7474360043358627,Beginner_r3_result.csv
16,37,Beginner,Beginner,r3,r3,c3,c3,0.9882652469682556,0.8229869152285227,0.9816841511159368,0.8654244435950068,0.6882352941176471,Beginner_r3_result.csv
16,38,Beginner,Beginner,r3,r3,c3,c3,0.9846159709514118,0.7719339646470047,0.9796588652875056,0.9180166252066152,0.7749358426005133,Beginner_r3_result.csv
16,43,Beginner,Beginner,r3,r3,c3,c3,0.9852489330617128,0.8072049674779722,0.9804452599612012,0.8834833466085072,0.6721311475409837,Beginner_r3_result.csv
16,47,Beginner,Beginner,r3,r3,c3,c3,0.9802238149644048,0.7523130771445199,0.9751417424231228,0.9186329987198836,0.6337209302325582,Beginner_r3_result.csv
16,50,Beginner,Beginner,r3,r3,c3,c3,0.9856556184540132,0.7834654265940585,0.9834596985064088,0.9009551449675436,0.7440193785499499,Beginner_r3_result.csv
24,27,Beginner,Beginner,r3,r3,c2,c2,0.9880412665949267,0.803526324659631,0.985669857287484,0.9456052362583318,0.6932126696832579,Beginner_r3_result.csv
24,30,Beginner,Beginner,r3,r3,c2,c2,0.9916924095621408,0.8572836186814043,0.988727056929579,0.95733007100458,0.7409937888198758,Beginner_r3_result.csv
24,33,Beginner,Beginner,r3,r3,c2,c2,0.990322820427384,0.8950330996460669,0.9855740125712412,0.947101224952402,0.670549420953407,Beginner_r3_result.csv
24,39,Beginner,Beginner,r3,r3,c2,c2,0.9901174056860944,0.9003061718653441,0.9899259179444848,0.9367172060720754,0.6871403096376753,Beginner_r3_result.csv
24,40,Beginner,Beginner,r3,r3,c2,c2,0.9904379069816972,0.8874721303009551,0.9869830683476216,0.9048839831977746,0.7574195906432748,Beginner_r3_result.csv
24,9,Beginner,Beginner,r3,r3,c2,c2,0.9914400011591904,0.888169160151322,0.9879944675985718,0.9536164742179836,0.6799252374217014,Beginner_r3_result.csv
25,26,Beginner,Beginner,r3,r3,c1,c1,0.9895663938153804,0.928793546534215,0.9885151718785746,0.9630439498310476,0.6958653026427962,Beginner_r3_result.csv
25,28,Beginner,Beginner,r3,r3,c1,c1,0.986738877098382,0.8897557704235185,0.9867566565249734,0.9396005935917648,0.7066666666666667,Beginner_r3_result.csv
25,29,Beginner,Beginner,r3,r3,c1,c1,0.9857234582272724,0.9290619302695658,0.9824210731635514,0.9524720561519406,0.6890898812888638,Beginner_r3_result.csv
25,41,Beginner,Beginner,r3,r3,c1,c1,0.9884135082820888,0.917119040595152,0.9848715133781988,0.9301653763960176,0.7504045307443366,Beginner_r3_result.csv
25,46,Beginner,Beginner,r3,r3,c1,c1,0.987297655500164,0.940029162590317,0.9852188587518916,0.8986692604501483,0.6679653245809636,Beginner_r3_result.csv
25,48,Beginner,Beginner,r3,r3,c1,c1,0.990968470025649,0.9425314620093402,0.987816860762296,0.9547740583937682,0.7357142857142855,Beginner_r3_result.csv
25,52,Beginner,Beginner,r3,r3,c1,c1,0.9868963703663378,0.9415356046027183,0.9827169160660484,0.8966716983240809,0.6458333333333334,Beginner_r3_result.csv
26,28,Beginner,Beginner,r3,r3,c1,c1,0.9868654655238194,0.8906378766789359,0.986072968956832,0.933297557261218,0.7615440165539461,Beginner_r3_result.csv
26,29,Beginner,Beginner,r3,r3,c1,c1,0.9888005016920516,0.9074362649415992,0.9866793103593878,0.9449934923164648,0.7090069284064665,Beginner_r3_result.csv
26,41,Beginner,Beginner,r3,r3,c1,c1,0.9900499909485982,0.9125400099366996,0.9905101166983864,0.9215273492203488,0.7198405029538755,Beginner_r3_result.csv
26,46,Beginner,Beginner,r3,r3,c1,c1,0.9868319214499192,0.841898351913053,0.9871234406998244,0.9295592648530012,0.6978260869565217,Beginner_r3_result.csv
26,48,Beginner,Beginner,r3,r3,c1,c1,0.9921828037418448,0.9455874428920876,0.9904234195345974,0.9635098489049052,0.7463737649779273,Beginner_r3_result.csv
26,52,Beginner,Beginner,r3,r3,c1,c1,0.9874292540350842,0.941037565006864,0.9849343786511906,0.9080879071615672,0.6880733944954128,Beginner_r3_result.csv
27,30,Beginner,Beginner,r3,r3,c2,c2,0.9883985379000702,0.8992295485777054,0.9891401747504333,0.9431271031251648,0.7096774193548387,Beginner_r3_result.csv
27,33,Beginner,Beginner,r3,r3,c2,c2,0.98979760667586,0.878506605928788,0.989372466900743,0.9640770850015714,0.6962025316455697,Beginner_r3_result.csv
27,39,Beginner,Beginner,r3,r3,c2,c2,0.9881327756555226,0.9023010462668196,0.9854860916887896,0.9345870204976896,0.6961325966850829,Beginner_r3_result.csv
27,40,Beginner,Beginner,r3,r3,c2,c2,0.9878699266668682,0.9028327456847024,0.9864026639221553,0.9401796123094276,0.7033492822966507,Beginner_r3_result.csv
27,9,Beginner,Beginner,r3,r3,c2,c2,0.9887503924923178,0.8881088922120682,0.9868833239753154,0.9711032153253364,0.6848484848484848,Beginner_r3_result.csv
28,29,Beginner,Beginner,r3,r3,c1,c1,0.9861205386450576,0.873772727279894,0.9848606414273618,0.9441404610041216,0.6952714000244689,Beginner_r3_result.csv
28,41,Beginner,Beginner,r3,r3,c1,c1,0.9870481512553144,0.875407660367907,0.98329170002845,0.9407982004680115,0.7,Beginner_r3_result.csv
28,46,Beginner,Beginner,r3,r3,c1,c1,0.9850738978822388,0.877078287442229,0.986317434453868,0.917182982079689,0.751004016064257,Beginner_r3_result.csv
28,48,Beginner,Beginner,r3,r3,c1,c1,0.9863798699204032,0.8555288846698531,0.9870117263516478,0.9572722242866016,0.757201646090535,Beginner_r3_result.csv
28,52,Beginner,Beginner,r3,r3,c1,c1,0.985457370717638,0.8777062115691954,0.9868091021280322,0.9507960700717902,0.6630639097744361,Beginner_r3_result.csv
29,41,Beginner,Beginner,r3,r3,c1,c1,0.9857796317959854,0.9097780995052042,0.981288118672126,0.9052045759514348,0.6482213438735178,Beginner_r3_result.csv
29,46,Beginner,Beginner,r3,r3,c1,c1,0.9835706046294744,0.8865872560956964,0.9830800318559992,0.943574722739207,0.6407077942777407,Beginner_r3_result.csv
29,48,Beginner,Beginner,r3,r3,c1,c1,0.9880246835142266,0.9411141949895576,0.9862516869416617,0.938894809220458,0.6727272727272727,Beginner_r3_result.csv
29,52,Beginner,Beginner,r3,r3,c1,c1,0.9858512629670236,0.9385162003421764,0.9791370629011852,0.9059936976443684,0.7090163934426229,Beginner_r3_result.csv
30,33,Beginner,Beginner,r3,r3,c2,c2,0.9928584929926412,0.91580262090541,0.9905119933549104,0.9581052640064412,0.6739130434782608,Beginner_r3_result.csv
30,39,Beginner,Beginner,r3,r3,c2,c2,0.9902270651298994,0.881848853609281,0.988697541623458,0.9453449540460525,0.6538829151732377,Beginner_r3_result.csv
30,40,Beginner,Beginner,r3,r3,c2,c2,0.9880242578404514,0.8948846074339445,0.9850826274345158,0.9113542619595744,0.7176040221289172,Beginner_r3_result.csv
30,9,Beginner,Beginner,r3,r3,c2,c2,0.9885347736865532,0.804959994618417,0.9907772058740714,0.9587821309967504,0.702112541117108,Beginner_r3_result.csv
33,39,Beginner,Beginner,r3,r3,c2,c2,0.991664889644906,0.934342545037436,0.990599119289122,0.9347066251777174,0.710344827586207,Beginner_r3_result.csv
33,40,Beginner,Beginner,r3,r3,c2,c2,0.9912498476929582,0.9089182668186904,0.9905096783823236,0.9594219954884176,0.6389421991420186,Beginner_r3_result.csv
33,9,Beginner,Beginner,r3,r3,c2,c2,0.9908972333093332,0.8781788395105603,0.9902621937494248,0.9684124857056114,0.6877637130801688,Beginner_r3_result.csv
36,37,Beginner,Beginner,r3,r3,c3,c3,0.9870606430598852,0.8175754085411355,0.9861299436343814,0.9322557466487194,0.661904761904762,Beginner_r3_result.csv
36,38,Beginner,Beginner,r3,r3,c3,c3,0.984631023179698,0.7782274929728501,0.9796991263854588,0.9252708136213832,0.735511101652834,Beginner_r3_result.csv
36,43,Beginner,Beginner,r3,r3,c3,c3,0.9874729789470398,0.8438889369575298,0.9831415005429752,0.9181494909588442,0.6786979745094929,Beginner_r3_result.csv
36,47,Beginner,Beginner,r3,r3,c3,c3,0.9849955198455924,0.7731860135268008,0.9815927107881874,0.8670223689598298,0.6153599777189807,Beginner_r3_result.csv
36,50,Beginner,Beginner,r3,r3,c3,c3,0.9868309881595894,0.7926629122110336,0.9841542496373148,0.9052648841388812,0.685430463576159,Beginner_r3_result.csv
37,38,Beginner,Beginner,r3,r3,c3,c3,0.9893297630895478,0.8544971276264778,0.9862636419380554,0.901757580385356,0.7017543859649122,Beginner_r3_result.csv
37,43,Beginner,Beginner,r3,r3,c3,c3,0.9870805742202152,0.88367845679607,0.9824745619543164,0.93644939091313,0.7028753993610224,Beginner_r3_result.csv
37,47,Beginner,Beginner,r3,r3,c3,c3,0.9850476811158746,0.845660232464345,0.982904466768741,0.8558790551957722,0.6467065868263473,Beginner_r3_result.csv
37,50,Beginner,Beginner,r3,r3,c3,c3,0.9891920731751708,0.8682759953625363,0.9865174647553706,0.9228862907182812,0.6730769230769231,Beginner_r3_result.csv
38,43,Beginner,Beginner,r3,r3,c3,c3,0.985865490014695,0.8852654598659668,0.9867272310852406,0.9519388481309734,0.7009345794392523,Beginner_r3_result.csv
38,47,Beginner,Beginner,r3,r3,c3,c3,0.9840441624020356,0.8544208229266289,0.9841491698930808,0.91178550927125,0.6398514015535292,Beginner_r3_result.csv
38,50,Beginner,Beginner,r3,r3,c3,c3,0.9859658580147208,0.8534489611184066,0.9812667648337025,0.9187346939029112,0.7544910179640718,Beginner_r3_result.csv
39,40,Beginner,Beginner,r3,r3,c2,c2,0.9910269419742442,0.939775678140979,0.99051799914571,0.9353031267147204,0.7336956521739131,Beginner_r3_result.csv
39,9,Beginner,Beginner,r3,r3,c2,c2,0.9894962237246634,0.8702738595694186,0.988169736116371,0.9550681840582684,0.7329365079365079,Beginner_r3_result.csv
40,9,Beginner,Beginner,r3,r3,c2,c2,0.9881820664434178,0.8898632884788705,0.988722257196886,0.9168056856818204,0.7172774869109948,Beginner_r3_result.csv
41,46,Beginner,Beginner,r3,r3,c1,c1,0.9856716405987902,0.8712947150580322,0.982882201561692,0.9495795675566364,0.716011354079058,Beginner_r3_result.csv
41,48,Beginner,Beginner,r3,r3,c1,c1,0.9902907558688894,0.9385942718270038,0.987263157344266,0.9053814797481377,0.732337237247034,Beginner_r3_result.csv
41,52,Beginner,Beginner,r3,r3,c1,c1,0.9881916318842876,0.9265842345176638,0.9852118228003318,0.9273302222937274,0.7111330698287219,Beginner_r3_result.csv
43,47,Beginner,Beginner,r3,r3,c3,c3,0.9844283149768108,0.8661694136606638,0.9847419425887842,0.8774689598599613,0.7244732576985413,Beginner_r3_result.csv
43,50,Beginner,Beginner,r3,r3,c3,c3,0.989229376522828,0.9002033774646621,0.9889327442672248,0.9410036641387244,0.6969540625238859,Beginner_r3_result.csv
46,48,Beginner,Beginner,r3,r3,c1,c1,0.9875132954429156,0.9050049637957172,0.9851190009147324,0.9028444573957598,0.6782990974167444,Beginner_r3_result.csv
46,52,Beginner,Beginner,r3,r3,c1,c1,0.9842180970785296,0.8855044852822445,0.9802769437524206,0.9116066052034756,0.6579634464751958,Beginner_r3_result.csv
47,50,Beginner,Beginner,r3,r3,c3,c3,0.9867970358709646,0.8668838637642209,0.9840113914996106,0.886013587729598,0.6709401709401709,Beginner_r3_result.csv
48,52,Beginner,Beginner,r3,r3,c1,c1,0.9895240446037138,0.9659470339014036,0.9836423213975763,0.918327152089017,0.7288691983122363,Beginner_r3_result.csv
10,18,Intermediate,Intermediate,r1,r1,c1,c1,0.987264404049213,0.8795541976632284,0.9855216508504704,0.8147691642273278,0.7327935222672064,Intermediate_r1_result.csv
10,31,Intermediate,Intermediate,r1,r1,c1,c1,0.9865215809588708,0.9008835205314676,0.984309959530876,0.8783306599843212,0.7616946308724832,Intermediate_r1_result.csv
10,32,Intermediate,Intermediate,r1,r1,c1,c1,0.987255871806356,0.9101961805859304,0.9866669365184808,0.9526329927343864,0.7230046948356808,Intermediate_r1_result.csv
10,35,Intermediate,Intermediate,r1,r1,c1,c1,0.985317188820608,0.8094443018673929,0.9832154877950424,0.9395994708942874,0.7463414634146341,Intermediate_r1_result.csv
10,51,Intermediate,Intermediate,r1,r1,c1,c1,0.9872582993633228,0.907995072636726,0.9825875467408074,0.9429992659040408,0.7142857142857143,Intermediate_r1_result.csv
10,53,Intermediate,Intermediate,r1,r1,c1,c1,0.9890017420355496,0.9283821074730912,0.987903905428934,0.9570500641188002,0.7552848552476598,Intermediate_r1_result.csv
11,15,Intermediate,Intermediate,r1,r1,c3,c3,0.9834071742726704,0.6845360915645672,0.9748222654088572,0.8515209791693965,0.693459235375403,Intermediate_r1_result.csv
11,19,Intermediate,Intermediate,r1,r1,c3,c3,0.9839991539478656,0.7377721142326993,0.9784898299335496,0.9328961553391344,0.7304347826086957,Intermediate_r1_result.csv
11,20,Intermediate,Intermediate,r1,r1,c3,c3,0.9810267985410503,0.7883811044879374,0.9783810201935946,0.9264306332364542,0.7575757575757576,Intermediate_r1_result.csv
11,21,Intermediate,Intermediate,r1,r1,c3,c3,0.9822623282773316,0.723161952576239,0.9793789401478292,0.8744586957371598,0.726027397260274,Intermediate_r1_result.csv
11,22,Intermediate,Intermediate,r1,r1,c3,c3,0.9836639748262191,0.8496187713309996,0.9823852016878748,0.906026965407325,0.6981132075471699,Intermediate_r1_result.csv
11,23,Intermediate,Intermediate,r1,r1,c3,c3,0.9790884847806391,0.7643868499816494,0.978030879080234,0.9103090719122752,0.7471264367816093,Intermediate_r1_result.csv
11,44,Intermediate,Intermediate,r1,r1,c3,c3,0.9793403192973172,0.8389008360365966,0.9765200412661866,0.8899660229229798,0.7179581398083368,Intermediate_r1_result.csv
11,45,Intermediate,Intermediate,r1,r1,c3,c3,0.9819673144260654,0.8468990442964568,0.979431653295268,0.8897286860559037,0.7035573122529644,Intermediate_r1_result.csv
12,13,Intermediate,Intermediate,r1,r1,c2,c2,0.9845101075563908,0.7305223968607837,0.9832567602958934,0.8934745993712947,0.7201646090534979,Intermediate_r1_result.csv
12,14,Intermediate,Intermediate,r1,r1,c2,c2,0.9856067813611512,0.8264357282074098,0.9828351118860578,0.8404501655330853,0.7029702970297029,Intermediate_r1_result.csv
12,17,Intermediate,Intermediate,r1,r1,c2,c2,0.9816532411011268,0.7378291448212543,0.9846801490724524,0.930563905360106,0.8016670082667214,Intermediate_r1_result.csv
12,34,Intermediate,Intermediate,r1,r1,c2,c2,0.9855106482997342,0.8116692431886698,0.9825079305854056,0.8727258030505198,0.6955028042798899,Intermediate_r1_result.csv
12,42,Intermediate,Intermediate,r1,r1,c2,c2,0.9879171250135564,0.8798798999313532,0.9871819221756232,0.9002489889212828,0.676810152529089,Intermediate_r1_result.csv
13,14,Intermediate,Intermediate,r1,r1,c2,c2,0.984331454869574,0.724217197112264,0.9808363618832217,0.9522006614302492,0.6947368421052632,Intermediate_r1_result.csv
13,17,Intermediate,Intermediate,r1,r1,c2,c2,0.9830273058636368,0.7862576850265917,0.9795616749240348,0.9509720819445304,0.6923076923076923,Intermediate_r1_result.csv
13,34,Intermediate,Intermediate,r1,r1,c2,c2,0.9840928112949148,0.6644419318516757,0.9802951973863384,0.9208896025893404,0.69,Intermediate_r1_result.csv
13,42,Intermediate,Intermediate,r1,r1,c2,c2,0.9865985033041206,0.7831215673107643,0.9859903752003284,0.9345339114319272,0.6274509803921569,Intermediate_r1_result.csv
14,17,Intermediate,Intermediate,r1,r1,c2,c2,0.9816817028192436,0.6866068483894733,0.9781107635189076,0.9357995491195372,0.6869565217391305,Intermediate_r1_result.csv
14,34,Intermediate,Intermediate,r1,r1,c2,c2,0.985014349089326,0.8135701214177036,0.9838425673996726,0.9247110568049116,0.7481343283582089,Intermediate_r1_result.csv
14,42,Intermediate,Intermediate,r1,r1,c2,c2,0.9854251933738026,0.8136097600324506,0.9852326400425536,0.923425129491524,0.6262178288360495,Intermediate_r1_result.csv
15,19,Intermediate,Intermediate,r1,r1,c3,c3,0.9851132431673164,0.8726835505317124,0.9769164877101798,0.96027423926613,0.6995073891625614,Intermediate_r1_result.csv
15,20,Intermediate,Intermediate,r1,r1,c3,c3,0.9807557413539404,0.7587935318288793,0.9758289914034975,0.8819356994352037,0.7163120567375887,Intermediate_r1_result.csv
15,21,Intermediate,Intermediate,r1,r1,c3,c3,0.982709778744572,0.836125346082442,0.983610397273016,0.9113660431828132,0.7275758129338692,Intermediate_r1_result.csv
15,22,Intermediate,Intermediate,r1,r1,c3,c3,0.9838720360172744,0.8137215455009431,0.97801335580195,0.9339102643669376,0.7387387387387387,Intermediate_r1_result.csv
15,23,Intermediate,Intermediate,r1,r1,c3,c3,0.9755853209391924,0.7119068497797458,0.9688476408267366,0.8570244719362321,0.7551020408163265,Intermediate_r1_result.csv
15,44,Intermediate,Intermediate,r1,r1,c3,c3,0.97801452122061,0.804025730354209,0.969283969135724,0.906668675221422,0.647398843930636,Intermediate_r1_result.csv
15,45,Intermediate,Intermediate,r1,r1,c3,c3,0.9787035591147324,0.7215734307268653,0.9709207795850672,0.8706605926990512,0.6516491482421167,Intermediate_r1_result.csv
17,34,Intermediate,Intermediate,r1,r1,c2,c2,0.9844033594844702,0.7366575918982254,0.9849585784848526,0.9391460030529664,0.6958648288128058,Intermediate_r1_result.csv
17,42,Intermediate,Intermediate,r1,r1,c2,c2,0.9840136316812308,0.7430341660702362,0.98612062495,0.9321538006211506,0.6428571428571428,Intermediate_r1_result.csv
18,31,Intermediate,Intermediate,r1,r1,c1,c1,0.9874715112091844,0.8725985593402801,0.985525019692977,0.8761286386715423,0.7088126075536637,Intermediate_r1_result.csv
18,32,Intermediate,Intermediate,r1,r1,c1,c1,0.9852160283542596,0.8479224900102803,0.9832251391385228,0.8332320162469317,0.7182531582409108,Intermediate_r1_result.csv
18,35,Intermediate,Intermediate,r1,r1,c1,c1,0.9838523503324872,0.7528733111349948,0.9830223631587688,0.9502383143542316,0.664395130758926,Intermediate_r1_result.csv
18,51,Intermediate,Intermediate,r1,r1,c1,c1,0.9861154557764495,0.8633943266973786,0.9847434034604338,0.9196647946428465,0.694078947368421,Intermediate_r1_result.csv
18,53,Intermediate,Intermediate,r1,r1,c1,c1,0.9867200586223152,0.849224801159377,0.9853067937909112,0.9361684647490144,0.7486338797814208,Intermediate_r1_result.csv
19,20,Intermediate,Intermediate,r1,r1,c3,c3,0.9828364638117149,0.7902143924368282,0.9781149844633222,0.891936391727981,0.7656369183829137,Intermediate_r1_result.csv
19,21,Intermediate,Intermediate,r1,r1,c3,c3,0.9854422081578008,0.8886793624507805,0.9841253426044309,0.9399067703827584,0.752808988764045,Intermediate_r1_result.csv
19,22,Intermediate,Intermediate,r1,r1,c3,c3,0.9892217409211508,0.8280516241055865,0.9845576594120188,0.9741755820448336,0.7571776467572418,Intermediate_r1_result.csv
19,23,Intermediate,Intermediate,r1,r1,c3,c3,0.9759146423798892,0.7691305471275293,0.970349468497502,0.8832559197737573,0.7268204432383536,Intermediate_r1_result.csv
19,44,Intermediate,Intermediate,r1,r1,c3,c3,0.9789613036204482,0.7843129179045245,0.9728305943386172,0.9108337678770606,0.75,Intermediate_r1_result.csv
19,45,Intermediate,Intermediate,r1,r1,c3,c3,0.980998315444792,0.759458984233305,0.9743310003321046,0.8971320261223654,0.7142857142857143,Intermediate_r1_result.csv
20,21,Intermediate,Intermediate,r1,r1,c3,c3,0.9802365068035488,0.8250013280133861,0.978144708102498,0.9112369086753545,0.7539267015706805,Intermediate_r1_result.csv
20,22,Intermediate,Intermediate,r1,r1,c3,c3,0.9801214201208986,0.7724964928495895,0.9777080720172804,0.9091769789219608,0.7112795857988166,Intermediate_r1_result.csv
20,23,Intermediate,Intermediate,r1,r1,c3,c3,0.9760889792221183,0.7667720505139243,0.972699274474128,0.9344900005331286,0.7627104732423433,Intermediate_r1_result.csv
20,44,Intermediate,Intermediate,r1,r1,c3,c3,0.9772178901564134,0.7556737089163935,0.9749568054842778,0.922482410023854,0.7576377523186034,Intermediate_r1_result.csv
20,45,Intermediate,Intermediate,r1,r1,c3,c3,0.9773070810578344,0.8077550987477967,0.9768730994292382,0.8940544300448955,0.7548872180451127,Intermediate_r1_result.csv
21,22,Intermediate,Intermediate,r1,r1,c3,c3,0.9860963244206896,0.8208702965540252,0.9824759300104984,0.9326070938547348,0.6845238095238095,Intermediate_r1_result.csv
21,23,Intermediate,Intermediate,r1,r1,c3,c3,0.9779998756417564,0.8040015283308775,0.9679532479631094,0.876641097089565,0.7740225692465519,Intermediate_r1_result.csv
21,44,Intermediate,Intermediate,r1,r1,c3,c3,0.9790359603890798,0.8218437368482789,0.9767735200004908,0.8898711098310743,0.753623188405797,Intermediate_r1_result.csv
21,45,Intermediate,Intermediate,r1,r1,c3,c3,0.9835828226132848,0.8526790756117184,0.9797499609558338,0.8811214836621456,0.7233839839742024,Intermediate_r1_result.csv
22,23,Intermediate,Intermediate,r1,r1,c3,c3,0.978629664977409,0.7999851148963621,0.9745428161477688,0.9033184047970148,0.7194444444444446,Intermediate_r1_result.csv
22,44,Intermediate,Intermediate,r1,r1,c3,c3,0.979374411999417,0.7979360367679291,0.9771925283722084,0.9320303918762488,0.7104353011329756,Intermediate_r1_result.csv
22,45,Intermediate,Intermediate,r1,r1,c3,c3,0.9822076034154218,0.8355047582060096,0.9793836434180077,0.9231819002760924,0.7125664595477548,Intermediate_r1_result.csv
23,44,Intermediate,Intermediate,r1,r1,c3,c3,0.9760796375644047,0.8410106364685249,0.9694238522942416,0.9177886086114014,0.7132682132682133,Intermediate_r1_result.csv
23,45,Intermediate,Intermediate,r1,r1,c3,c3,0.9763630130611723,0.8255902221194369,0.9713293139649885,0.9145909398903136,0.7333333333333332,Intermediate_r1_result.csv
31,32,Intermediate,Intermediate,r1,r1,c1,c1,0.9853321339723904,0.8526424004165136,0.9854706631235658,0.9343963486613078,0.676056338028169,Intermediate_r1_result.csv
31,35,Intermediate,Intermediate,r1,r1,c1,c1,0.9866559342694212,0.831966288492608,0.9861239985253796,0.9288933014682512,0.7061175529788085,Intermediate_r1_result.csv
31,51,Intermediate,Intermediate,r1,r1,c1,c1,0.9841460759023888,0.8709608492869793,0.9823897337633388,0.94310607235301,0.7285714285714286,Intermediate_r1_result.csv
31,53,Intermediate,Intermediate,r1,r1,c1,c1,0.9891527097546016,0.8936735997255596,0.9845139488678808,0.8468506295390751,0.7628205128205128,Intermediate_r1_result.csv
32,35,Intermediate,Intermediate,r1,r1,c1,c1,0.987381012939786,0.8420480705917935,0.9840311091352872,0.8465822577983093,0.6690140845070423,Intermediate_r1_result.csv
32,51,Intermediate,Intermediate,r1,r1,c1,c1,0.9861476045562116,0.894422958390921,0.9843266837717176,0.9256404773879612,0.7058823529411766,Intermediate_r1_result.csv
32,53,Intermediate,Intermediate,r1,r1,c1,c1,0.988013852970447,0.9169776850511692,0.9859908039422176,0.9370042503403568,0.7432432432432432,Intermediate_r1_result.csv
34,42,Intermediate,Intermediate,r1,r1,c2,c2,0.9871583571345136,0.8647630064155791,0.98724276624982,0.9370022621731025,0.5431472081218274,Intermediate_r1_result.csv
35,51,Intermediate,Intermediate,r1,r1,c1,c1,0.98313937137794,0.8323843368753029,0.9816111734055502,0.9024864627330536,0.6747083775185578,Intermediate_r1_result.csv
35,53,Intermediate,Intermediate,r1,r1,c1,c1,0.9881579584398912,0.8352264791874141,0.9869467461391864,0.9268797986358508,0.7151312957382695,Intermediate_r1_result.csv
44,45,Intermediate,Intermediate,r1,r1,c3,c3,0.9794024886642836,0.8431278464987497,0.9747289471491346,0.9026439271037608,0.7181544744006324,Intermediate_r1_result.csv
51,53,Intermediate,Intermediate,r1,r1,c1,c1,0.9876298283433702,0.8911072625358499,0.9851404409611983,0.87778871182621,0.7085714285714286,Intermediate_r1_result.csv
10,15,Intermediate,Intermediate,r2,r2,c2,c2,0.9879389833937952,0.9175309630721618,0.984452632108136,0.941786839502679,0.7318840579710144,Intermediate_r2_result.csv
10,18,Intermediate,Intermediate,r2,r2,c2,c2,0.989074495209336,0.9018236693488102,0.9890199317829006,0.9617817463266964,0.7340920881971466,Intermediate_r2_result.csv
10,21,Intermediate,Intermediate,r2,r2,c2,c2,0.9909690783641768,0.9499288716887008,0.99008225450017,0.9427069871623353,0.7580487804878049,Intermediate_r2_result.csv
10,22,Intermediate,Intermediate,r2,r2,c2,c2,0.988595898581212,0.9027368382707815,0.9888775819620844,0.9392304733046608,0.7262773722627738,Intermediate_r2_result.csv
10,32,Intermediate,Intermediate,r2,r2,c2,c2,0.989173635431162,0.8621652344149313,0.988312915308545,0.912976438807297,0.7065217391304348,Intermediate_r2_result.csv
10,35,Intermediate,Intermediate,r2,r2,c2,c2,0.991471681282938,0.92528012875378,0.9906885364483432,0.9228719342900928,0.7272727272727272,Intermediate_r2_result.csv
10,45,Intermediate,Intermediate,r2,r2,c2,c2,0.9925812798153572,0.9499177293255946,0.9901007920234336,0.9412960745040896,0.7497835974755661,Intermediate_r2_result.csv
10,53,Intermediate,Intermediate,r2,r2,c2,c2,0.99117945420965,0.9314030138585714,0.99113476042989,0.9617052961881862,0.7504021349711194,Intermediate_r2_result.csv
11,12,Intermediate,Intermediate,r2,r2,c1,c1,0.9891190388519716,0.9117518854729156,0.9891824367139428,0.9552735793903367,0.752851711026616,Intermediate_r2_result.csv
11,13,Intermediate,Intermediate,r2,r2,c1,c1,0.9892985092494286,0.8892951716934479,0.985543327865383,0.9423317131696088,0.736111111111111,Intermediate_r2_result.csv
11,19,Intermediate,Intermediate,r2,r2,c1,c1,0.991035983444936,0.9340639259344,0.9877461340934626,0.9530735312577908,0.7275541795665634,Intermediate_r2_result.csv
11,20,Intermediate,Intermediate,r2,r2,c1,c1,0.9882945948115224,0.9248423347868556,0.9884290172761896,0.8980523355108277,0.717718753593193,Intermediate_r2_result.csv
11,23,Intermediate,Intermediate,r2,r2,c1,c1,0.9897360366416484,0.9285377866202194,0.988679933442928,0.9453870612227856,0.7406260269470917,Intermediate_r2_result.csv
11,34,Intermediate,Intermediate,r2,r2,c1,c1,0.9914854871644028,0.9302114718855709,0.9897805067832162,0.9534072180873282,0.6865300546448088,Intermediate_r2_result.csv
11,44,Intermediate,Intermediate,r2,r2,c1,c1,0.9908039299866848,0.932465641565158,0.988910023567658,0.9600240718117548,0.7585847105513219,Intermediate_r2_result.csv
12,13,Intermediate,Intermediate,r2,r2,c1,c1,0.9891570778338624,0.8696842831369002,0.9873422431829328,0.9545508675565112,0.7155555555555555,Intermediate_r2_result.csv
12,19,Intermediate,Intermediate,r2,r2,c1,c1,0.9898854509140232,0.9351530718973636,0.988654151745723,0.9386906286498906,0.7467023946558979,Intermediate_r2_result.csv
12,20,Intermediate,Intermediate,r2,r2,c1,c1,0.9872724329534251,0.9069252655355934,0.98535339509736,0.9587422465919544,0.6979591836734694,Intermediate_r2_result.csv
12,23,Intermediate,Intermediate,r2,r2,c1,c1,0.990302518628453,0.9258388024381816,0.9885404862916974,0.8416341436316963,0.7809162899422298,Intermediate_r2_result.csv
12,34,Intermediate,Intermediate,r2,r2,c1,c1,0.9906050634392386,0.9319344719479228,0.9890668135337174,0.9567989112900122,0.6646766169154228,Intermediate_r2_result.csv
12,44,Intermediate,Intermediate,r2,r2,c1,c1,0.99021760053138,0.9097102076923724,0.9899109211604176,0.9029292580606144,0.7167832167832169,Intermediate_r2_result.csv
13,19,Intermediate,Intermediate,r2,r2,c1,c1,0.9893072315030016,0.8885203639692121,0.9854610545008498,0.917726814281122,0.6574074074074073,Intermediate_r2_result.csv
13,20,Intermediate,Intermediate,r2,r2,c1,c1,0.98595037497199,0.8384041410010112,0.9828248448794744,0.943306102407023,0.687373031995937,Intermediate_r2_result.csv
13,23,Intermediate,Intermediate,r2,r2,c1,c1,0.9865153363996014,0.9223294972243008,0.981137664019557,0.907157524006543,0.7253218884120172,Intermediate_r2_result.csv
13,34,Intermediate,Intermediate,r2,r2,c1,c1,0.9891793221826128,0.8459451505091292,0.9858862502344984,0.9466345912978372,0.674642103462043,Intermediate_r2_result.csv
13,44,Intermediate,Intermediate,r2,r2,c1,c1,0.9874414472609044,0.8950286763534783,0.984934738582248,0.9374376487633836,0.6871848181898611,Intermediate_r2_result.csv
14,17,Intermediate,Intermediate,r2,r2,c3,c3,0.9886367487447972,0.9208383903826964,0.986607509741576,0.9555985334037084,0.7551867219917012,Intermediate_r2_result.csv
14,31,Intermediate,Intermediate,r2,r2,c3,c3,0.9928514792686618,0.937936162705105,0.9925788541901696,0.9689445225226936,0.7847490347490347,Intermediate_r2_result.csv
14,42,Intermediate,Intermediate,r2,r2,c3,c3,0.98979965060882,0.94156842020671,0.9863275895606642,0.960711663237507,0.610878661087866,Intermediate_r2_result.csv
14,51,Intermediate,Intermediate,r2,r2,c3,c3,0.987043959891967,0.9207725595389824,0.9840617519038674,0.9050471422344673,0.7376385771611236,Intermediate_r2_result.csv
15,18,Intermediate,Intermediate,r2,r2,c2,c2,0.989335258619427,0.9241760440330408,0.9879718205169842,0.9440949050439214,0.6741573033707864,Intermediate_r2_result.csv
15,21,Intermediate,Intermediate,r2,r2,c2,c2,0.9878926494426192,0.9343486669274692,0.9836341356207392,0.9511522365127676,0.7365435485451162,Intermediate_r2_result.csv
15,22,Intermediate,Intermediate,r2,r2,c2,c2,0.9874943645361216,0.8636064808133073,0.98546437457564,0.945536240625092,0.715431627196333,Intermediate_r2_result.csv
15,32,Intermediate,Intermediate,r2,r2,c2,c2,0.9858035646753412,0.8437782523308537,0.9819753411203332,0.9520248903925294,0.7575757575757576,Intermediate_r2_result.csv
15,35,Intermediate,Intermediate,r2,r2,c2,c2,0.9872531634980322,0.9057756098544948,0.9853907031484964,0.960049144952929,0.7137404580152671,Intermediate_r2_result.csv
15,45,Intermediate,Intermediate,r2,r2,c2,c2,0.9902580404022504,0.9425420288823786,0.9857796380640808,0.938285627503675,0.7333476706761788,Intermediate_r2_result.csv
15,53,Intermediate,Intermediate,r2,r2,c2,c2,0.989924254406124,0.9398853820668946,0.986199353324396,0.9473061787494372,0.7275474780477844,Intermediate_r2_result.csv
17,31,Intermediate,Intermediate,r2,r2,c3,c3,0.98927873391053,0.9230298594150452,0.9871056317639672,0.9486413538701788,0.7352941176470589,Intermediate_r2_result.csv
17,42,Intermediate,Intermediate,r2,r2,c3,c3,0.9852428631868194,0.8813407709557015,0.9841160181829722,0.9569766946901724,0.6285493827160493,Intermediate_r2_result.csv
17,51,Intermediate,Intermediate,r2,r2,c3,c3,0.9802084427608988,0.8675893789811064,0.9773578638882184,0.9177424167487884,0.6830357142857142,Intermediate_r2_result.csv
18,21,Intermediate,Intermediate,r2,r2,c2,c2,0.9906539606076096,0.9248194238765376,0.987366136922836,0.954823613502091,0.7579617834394904,Intermediate_r2_result.csv
18,22,Intermediate,Intermediate,r2,r2,c2,c2,0.988976836331726,0.9072040331418132,0.9893550855865364,0.8967912376297571,0.7091780873636123,Intermediate_r2_result.csv
18,32,Intermediate,Intermediate,r2,r2,c2,c2,0.9890097442044032,0.8890762153862581,0.9878013045146016,0.9345379753090388,0.5913346952672796,Intermediate_r2_result.csv
18,35,Intermediate,Intermediate,r2,r2,c2,c2,0.9904315006911502,0.934417492582378,0.9919285523241532,0.9580291074345308,0.7430132708821233,Intermediate_r2_result.csv
18,45,Intermediate,Intermediate,r2,r2,c2,c2,0.9917933263008208,0.9467004895386816,0.99142181320352,0.9128956201931376,0.7514970059880239,Intermediate_r2_result.csv
18,53,Intermediate,Intermediate,r2,r2,c2,c2,0.9922862376039644,0.961281673782102,0.9934230399505114,0.9575520518313616,0.7376204523107178,Intermediate_r2_result.csv
19,20,Intermediate,Intermediate,r2,r2,c1,c1,0.9877870705491888,0.923857535528544,0.9847265854011644,0.9430223975869064,0.7391304347826088,Intermediate_r2_result.csv
19,23,Intermediate,Intermediate,r2,r2,c1,c1,0.9914099556089492,0.9303353402514102,0.9876818037432956,0.958161157664417,0.7447447447447447,Intermediate_r2_result.csv
19,34,Intermediate,Intermediate,r2,r2,c1,c1,0.9909907422915012,0.9398382668313716,0.988444145148029,0.9530173121564178,0.7115384615384615,Intermediate_r2_result.csv
19,44,Intermediate,Intermediate,r2,r2,c1,c1,0.9909646895247504,0.9224958166265264,0.9881965061028022,0.950173976320536,0.7263157894736842,Intermediate_r2_result.csv
20,23,Intermediate,Intermediate,r2,r2,c1,c1,0.9864546319506582,0.9094074375824882,0.9854128978726472,0.840494720887734,0.7457627118644068,Intermediate_r2_result.csv
20,34,Intermediate,Intermediate,r2,r2,c1,c1,0.9876925019837556,0.9170041502872556,0.9882077212415938,0.955731622252242,0.7265917602996255,Intermediate_r2_result.csv
20,44,Intermediate,Intermediate,r2,r2,c1,c1,0.9846933792981232,0.8754460240570706,0.982077258735968,0.939589749159925,0.7500000000000001,Intermediate_r2_result.csv
21,22,Intermediate,Intermediate,r2,r2,c2,c2,0.9864969612794464,0.9070143705729412,0.9834464833747184,0.9426769682987448,0.7055837563451777,Intermediate_r2_result.csv
21,32,Intermediate,Intermediate,r2,r2,c2,c2,0.9882422453721452,0.9117406029846384,0.9870269589389102,0.8789071934545425,0.7811158798283261,Intermediate_r2_result.csv
21,35,Intermediate,Intermediate,r2,r2,c2,c2,0.9891601673762104,0.934252481274752,0.9895616065558586,0.947407778736392,0.725690933602966,Intermediate_r2_result.csv
21,45,Intermediate,Intermediate,r2,r2,c2,c2,0.9908737333761176,0.940535398657018,0.9890752926241446,0.9555449863833406,0.7601809954751132,Intermediate_r2_result.csv
21,53,Intermediate,Intermediate,r2,r2,c2,c2,0.9902212642085784,0.942370241838786,0.9867498255340718,0.957390467527102,0.78125,Intermediate_r2_result.csv
22,32,Intermediate,Intermediate,r2,r2,c2,c2,0.9862675598490024,0.7961509534848148,0.9818327657304486,0.9408889682646594,0.6275752604555043,Intermediate_r2_result.csv
22,35,Intermediate,Intermediate,r2,r2,c2,c2,0.989707230703564,0.919319787967325,0.9868893821520468,0.92400587161507,0.7557251908396947,Intermediate_r2_result.csv
22,45,Intermediate,Intermediate,r2,r2,c2,c2,0.989449614390211,0.9273883149751014,0.9880785313533332,0.9378229994850676,0.7451264076366619,Intermediate_r2_result.csv
22,53,Intermediate,Intermediate,r2,r2,c2,c2,0.9897412920558976,0.9352881002614706,0.9877007353610604,0.942849196163134,0.6962025316455696,Intermediate_r2_result.csv
23,34,Intermediate,Intermediate,r2,r2,c1,c1,0.9905070887790102,0.939018112630561,0.9894991961847815,0.9629869784120824,0.7287234042553192,Intermediate_r2_result.csv
23,44,Intermediate,Intermediate,r2,r2,c1,c1,0.9888169127523204,0.92270262009576,0.98728944765762,0.9580396485373396,0.7339007565643079,Intermediate_r2_result.csv
31,42,Intermediate,Intermediate,r2,r2,c3,c3,0.991240262937753,0.930066272205912,0.9896770922497328,0.9751123750728912,0.5958549222797928,Intermediate_r2_result.csv
31,51,Intermediate,Intermediate,r2,r2,c3,c3,0.9864987815410512,0.9004672058125007,0.9841638937395032,0.8719701415267495,0.6878504491569818,Intermediate_r2_result.csv
32,35,Intermediate,Intermediate,r2,r2,c2,c2,0.9898491834429736,0.8304046495209937,0.9850469696799888,0.9410487988226912,0.6492647796848339,Intermediate_r2_result.csv
32,45,Intermediate,Intermediate,r2,r2,c2,c2,0.9881148199591868,0.8924001548366898,0.9851304883117008,0.9229409464697892,0.672340425531915,Intermediate_r2_result.csv
32,53,Intermediate,Intermediate,r2,r2,c2,c2,0.9907321710641565,0.8600720226073288,0.9864853124604664,0.9573428149960068,0.6319181613734848,Intermediate_r2_result.csv
34,44,Intermediate,Intermediate,r2,r2,c1,c1,0.9908052847745048,0.9235586822296328,0.98839798225174,0.963320878825136,0.6889665653495441,Intermediate_r2_result.csv
35,45,Intermediate,Intermediate,r2,r2,c2,c2,0.9904209608974828,0.931753476905192,0.98887522885294,0.9661127229006016,0.7414965986394558,Intermediate_r2_result.csv
35,53,Intermediate,Intermediate,r2,r2,c2,c2,0.991206377141006,0.9537830076834553,0.9888283507904372,0.9479871353684588,0.7391304347826086,Intermediate_r2_result.csv
42,51,Intermediate,Intermediate,r2,r2,c3,c3,0.983611522559418,0.8647282886953725,0.9808517477412598,0.9113249120556072,0.576,Intermediate_r2_result.csv
45,53,Intermediate,Intermediate,r2,r2,c2,c2,0.9932693999835148,0.960335039124607,0.9922436436142406,0.949840274752261,0.7706422018348624,Intermediate_r2_result.csv
10,12,Intermediate,Intermediate,r3,r3,c3,c3,0.9888702423594132,0.9028618304935568,0.9863384036373124,0.964336664168884,0.7642857142857143,Intermediate_r3_result.csv
10,13,Intermediate,Intermediate,r3,r3,c3,c3,0.9855496026009612,0.8673124818499184,0.9842774866325872,0.8511987441472396,0.7315789473684211,Intermediate_r3_result.csv
10,18,Intermediate,Intermediate,r3,r3,c3,c3,0.9870629789208616,0.9045288767251763,0.9842299264558364,0.9470902714489522,0.7352941176470589,Intermediate_r3_result.csv
10,32,Intermediate,Intermediate,r3,r3,c3,c3,0.9846481502221454,0.8746468569032211,0.983620729317451,0.9527212275283364,0.708203933747412,Intermediate_r3_result.csv
10,34,Intermediate,Intermediate,r3,r3,c3,c3,0.9874773463065876,0.8795640552810392,0.9854540691379586,0.9541969411707876,0.7378640776699029,Intermediate_r3_result.csv
10,35,Intermediate,Intermediate,r3,r3,c3,c3,0.9850783274527888,0.8658940609879062,0.9819408967747209,0.9477555324489108,0.6331637750931056,Intermediate_r3_result.csv
10,53,Intermediate,Intermediate,r3,r3,c3,c3,0.984450083239523,0.8747827811045669,0.983310052675578,0.9284942596927516,0.7441860465116279,Intermediate_r3_result.csv
11,19,Intermediate,Intermediate,r3,r3,c2,c2,0.991946156521472,0.9218211461319554,0.98956508459094,0.9648411537731164,0.7182404209173427,Intermediate_r3_result.csv
11,20,Intermediate,Intermediate,r3,r3,c2,c2,0.9904835674376886,0.9014789716651296,0.987591736137319,0.9746133639776356,0.7241379310344828,Intermediate_r3_result.csv
11,23,Intermediate,Intermediate,r3,r3,c2,c2,0.9906245033496638,0.912992839439594,0.9870599526021608,0.9690179849283364,0.6410131627734519,Intermediate_r3_result.csv
11,31,Intermediate,Intermediate,r3,r3,c2,c2,0.9928827681046992,0.9179897119612952,0.9893074629038792,0.965302300808052,0.7074516187375656,Intermediate_r3_result.csv
11,44,Intermediate,Intermediate,r3,r3,c2,c2,0.9909260420448271,0.9050823781954592,0.987446725511478,0.962454748397252,0.6649659863945578,Intermediate_r3_result.csv
11,51,Intermediate,Intermediate,r3,r3,c2,c2,0.9887834700301354,0.8913087382152425,0.9881753261633964,0.9561681555523356,0.7178423236514522,Intermediate_r3_result.csv
12,13,Intermediate,Intermediate,r3,r3,c3,c3,0.9894584814017622,0.8189821877205806,0.9860514942990922,0.8289789343320603,0.6915887850467289,Intermediate_r3_result.csv
12,18,Intermediate,Intermediate,r3,r3,c3,c3,0.9911997311029328,0.9000130826701556,0.9876065663307372,0.9546130206141232,0.6895507051236623,Intermediate_r3_result.csv
12,32,Intermediate,Intermediate,r3,r3,c3,c3,0.9876942883841792,0.8664845592363016,0.983773371530868,0.959479130592184,0.6648648648648648,Intermediate_r3_result.csv
12,34,Intermediate,Intermediate,r3,r3,c3,c3,0.990744905740604,0.9325232622680985,0.988431886009303,0.9423050402516142,0.6967213114754098,Intermediate_r3_result.csv
12,35,Intermediate,Intermediate,r3,r3,c3,c3,0.9916256778561944,0.9211541828428748,0.9899453733710896,0.966610853818026,0.6401946382666177,Intermediate_r3_result.csv
12,53,Intermediate,Intermediate,r3,r3,c3,c3,0.9885793310214924,0.9051064401884328,0.9864494351258932,0.9386788342183656,0.7142857142857143,Intermediate_r3_result.csv
13,18,Intermediate,Intermediate,r3,r3,c3,c3,0.986070382799028,0.8637281608934214,0.982973766684449,0.8493598403102747,0.682103978978979,Intermediate_r3_result.csv
13,32,Intermediate,Intermediate,r3,r3,c3,c3,0.9846439837513552,0.7956441751437359,0.9826659452799767,0.8301727891387565,0.705885736196319,Intermediate_r3_result.csv
13,34,Intermediate,Intermediate,r3,r3,c3,c3,0.986525443498278,0.8400382638551398,0.9816085147526186,0.876106692520208,0.6792948967666537,Intermediate_r3_result.csv
13,35,Intermediate,Intermediate,r3,r3,c3,c3,0.9872229448481542,0.8579082722532306,0.9840497069992402,0.8426121635076093,0.6153846153846153,Intermediate_r3_result.csv
13,53,Intermediate,Intermediate,r3,r3,c3,c3,0.985324788883702,0.8002526392580881,0.9807746631315264,0.8408057780703068,0.7156398104265402,Intermediate_r3_result.csv
14,15,Intermediate,Intermediate,r3,r3,c1,c1,0.9870889784795496,0.8811728648884375,0.9846891277745952,0.9500657579816496,0.6577777777777778,Intermediate_r3_result.csv
14,17,Intermediate,Intermediate,r3,r3,c1,c1,0.9899137494674888,0.9196173867045794,0.990288169213804,0.9567080141533464,0.6920838433949702,Intermediate_r3_result.csv
14,21,Intermediate,Intermediate,r3,r3,c1,c1,0.990970420719512,0.9449427772965464,0.9868169984559064,0.9717626982950424,0.7097418752915565,Intermediate_r3_result.csv
14,22,Intermediate,Intermediate,r3,r3,c1,c1,0.9907110711280772,0.9176985988698844,0.9880183706342858,0.9179687203723316,0.7078861061419202,Intermediate_r3_result.csv
14,42,Intermediate,Intermediate,r3,r3,c1,c1,0.991221648147468,0.887582925747834,0.9856781033274304,0.898555794390891,0.6693830413637177,Intermediate_r3_result.csv
14,45,Intermediate,Intermediate,r3,r3,c1,c1,0.9916130867113782,0.9388605467314978,0.9906699258153984,0.970442560298316,0.6663588570469166,Intermediate_r3_result.csv
15,17,Intermediate,Intermediate,r3,r3,c1,c1,0.9845228870862844,0.8357187903845185,0.980963579229505,0.941145838068598,0.6876884518989782,Intermediate_r3_result.csv
15,21,Intermediate,Intermediate,r3,r3,c1,c1,0.9885896686623986,0.8894243920711247,0.98648130443598,0.950329129656544,0.7045454545454546,Intermediate_r3_result.csv
15,22,Intermediate,Intermediate,r3,r3,c1,c1,0.9849194790692286,0.9075646844836626,0.983482567456162,0.9611790616891336,0.6944444444444444,Intermediate_r3_result.csv
15,42,Intermediate,Intermediate,r3,r3,c1,c1,0.9851775664860796,0.8509211354332886,0.9774214037410064,0.954179148960779,0.7573578595317725,Intermediate_r3_result.csv
15,45,Intermediate,Intermediate,r3,r3,c1,c1,0.9882475726629734,0.8936680753016233,0.9859753898030326,0.948026927945534,0.6393544639893793,Intermediate_r3_result.csv
17,21,Intermediate,Intermediate,r3,r3,c1,c1,0.9890942028237876,0.9227212665584342,0.9871321210515496,0.962063510129482,0.7083046357615894,Intermediate_r3_result.csv
17,22,Intermediate,Intermediate,r3,r3,c1,c1,0.9863829396873844,0.8877660685097973,0.986295517016548,0.937552378246418,0.6961804212039135,Intermediate_r3_result.csv
17,42,Intermediate,Intermediate,r3,r3,c1,c1,0.9887896758642942,0.9156522177119945,0.983772387460028,0.919094713341666,0.6804123711340206,Intermediate_r3_result.csv
17,45,Intermediate,Intermediate,r3,r3,c1,c1,0.9880070002187492,0.93243557899103,0.9873793106084732,0.9496596296368226,0.6908602150537635,Intermediate_r3_result.csv
18,32,Intermediate,Intermediate,r3,r3,c3,c3,0.988970103732478,0.8846640580614781,0.9867765756104392,0.9383679448837634,0.6477732793522267,Intermediate_r3_result.csv
18,34,Intermediate,Intermediate,r3,r3,c3,c3,0.9894473074427776,0.9292217428402784,0.9890723617126008,0.966584680759286,0.6904570800946266,Intermediate_r3_result.csv
18,35,Intermediate,Intermediate,r3,r3,c3,c3,0.9891400840151076,0.8917977776909274,0.9889402866686308,0.962708734396088,0.6687833575934012,Intermediate_r3_result.csv
18,53,Intermediate,Intermediate,r3,r3,c3,c3,0.9878663084912248,0.87290837073113,0.9874095503900338,0.9291190937743858,0.7387781940894766,Intermediate_r3_result.csv
19,20,Intermediate,Intermediate,r3,r3,c2,c2,0.991864922420467,0.92707247247074,0.990033585458191,0.965592050710309,0.6858638743455497,Intermediate_r3_result.csv
19,23,Intermediate,Intermediate,r3,r3,c2,c2,0.9889706835801558,0.921576568592425,0.9882534518168402,0.9657450511033502,0.6989468799424194,Intermediate_r3_result.csv
19,31,Intermediate,Intermediate,r3,r3,c2,c2,0.9917815653645228,0.9116252916753144,0.990779945005876,0.9650488758633486,0.7189413118527043,Intermediate_r3_result.csv
19,44,Intermediate,Intermediate,r3,r3,c2,c2,0.9921804867453684,0.9168369274980231,0.99131534184209,0.9690586734981615,0.7077922077922079,Intermediate_r3_result.csv
19,51,Intermediate,Intermediate,r3,r3,c2,c2,0.98887574752791,0.9227875380019062,0.9860089816389191,0.953097700149834,0.690376569037657,Intermediate_r3_result.csv
20,23,Intermediate,Intermediate,r3,r3,c2,c2,0.9889462529725154,0.907494653203152,0.9878994203230086,0.9745266069569476,0.6844444444444444,Intermediate_r3_result.csv
20,31,Intermediate,Intermediate,r3,r3,c2,c2,0.992016758828798,0.8804864715962388,0.9920453468535432,0.9639385341481524,0.700507614213198,Intermediate_r3_result.csv
20,44,Intermediate,Intermediate,r3,r3,c2,c2,0.990488542961236,0.907316199711486,0.9883166833025924,0.9714450548079452,0.730270294202289,Intermediate_r3_result.csv
20,51,Intermediate,Intermediate,r3,r3,c2,c2,0.9895587100150672,0.9079716799448934,0.9870380885549728,0.952210423330915,0.6899500968375815,Intermediate_r3_result.csv
21,22,Intermediate,Intermediate,r3,r3,c1,c1,0.9864284807951612,0.9249604498449122,0.9838613442471198,0.9538962815118818,0.6673582295988936,Intermediate_r3_result.csv
21,42,Intermediate,Intermediate,r3,r3,c1,c1,0.9888593185188392,0.9130272026729556,0.9856405089430448,0.929718703736894,0.671111111111111,Intermediate_r3_result.csv
21,45,Intermediate,Intermediate,r3,r3,c1,c1,0.9903379264922068,0.9325287645212242,0.9889718996395236,0.9632873226225678,0.6443148688046647,Intermediate_r3_result.csv
22,42,Intermediate,Intermediate,r3,r3,c1,c1,0.9865994385477268,0.8549744367721559,0.983137728451726,0.9531513751726648,0.7071073008849558,Intermediate_r3_result.csv
22,45,Intermediate,Intermediate,r3,r3,c1,c1,0.9879225833187604,0.9075966942217804,0.9864604140336322,0.9515207682984748,0.69375,Intermediate_r3_result.csv
23,31,Intermediate,Intermediate,r3,r3,c2,c2,0.9905936627353286,0.9271615961668136,0.9895588555252284,0.9683202579101888,0.6476714975845411,Intermediate_r3_result.csv
23,44,Intermediate,Intermediate,r3,r3,c2,c2,0.9928464734870186,0.931344986859266,0.9914060002096652,0.9695347354121584,0.6805900621118013,Intermediate_r3_result.csv
23,51,Intermediate,Intermediate,r3,r3,c2,c2,0.9864390858662282,0.9106521598041174,0.986565787731076,0.9600493783600852,0.6829318936877076,Intermediate_r3_result.csv
31,44,Intermediate,Intermediate,r3,r3,c2,c2,0.9895604507212428,0.9065834651872524,0.9882070720147774,0.9604885505519511,0.6837759801465149,Intermediate_r3_result.csv
31,51,Intermediate,Intermediate,r3,r3,c2,c2,0.9880376571202196,0.9190460845293282,0.9867154275084516,0.9305678266574438,0.6832579185520362,Intermediate_r3_result.csv
32,34,Intermediate,Intermediate,r3,r3,c3,c3,0.98665438441204,0.885150012357598,0.9855723102318856,0.942727377241794,0.6594769644384699,Intermediate_r3_result.csv
32,35,Intermediate,Intermediate,r3,r3,c3,c3,0.9869137697419432,0.883020905096512,0.9845351038524786,0.954588398264808,0.660796155880797,Intermediate_r3_result.csv
32,53,Intermediate,Intermediate,r3,r3,c3,c3,0.986922467714645,0.8892899804318605,0.9846505377822596,0.946967942204764,0.6578947368421053,Intermediate_r3_result.csv
34,35,Intermediate,Intermediate,r3,r3,c3,c3,0.990433292864478,0.8784816180252493,0.9854892245742706,0.9139843195432624,0.6553191489361703,Intermediate_r3_result.csv
34,53,Intermediate,Intermediate,r3,r3,c3,c3,0.9877359464005054,0.8671090010989206,0.9872327653169456,0.943388903527275,0.7293440908411772,Intermediate_r3_result.csv
35,53,Intermediate,Intermediate,r3,r3,c3,c3,0.9872600349560796,0.8642711839530931,0.986411037954756,0.9511414084351882,0.7095565092989986,Intermediate_r3_result.csv
42,45,Intermediate,Intermediate,r3,r3,c1,c1,0.9879520757884712,0.907716507943568,0.985465075377584,0.9039035014975304,0.6485690031530439,Intermediate_r3_result.csv
44,51,Intermediate,Intermediate,r3,r3,c2,c2,0.987309009534498,0.8899348814224162,0.9891979616552072,0.9541743730631522,0.6459627329192545,Intermediate_r3_result.csv
