exp_a,exp_b,stimulus,expertise_a,expertise_b,Shape,Direction,Length,Position,Duration
26,164,vehicle,high,low,0.9899065300307013,0.6930006682365156,0.9870110202297087,0.8905007709954201,0.5797962648556876
26,77,vehicle,high,low,0.9925392985169106,0.762544338525092,0.9895231529910805,0.9013165610823831,0.5806976744186048
26,43,vehicle,high,low,0.9922822572252331,0.6976555469977226,0.9897553252799205,0.8944366131408915,0.6086956521739131
68,74,vehicle,high,low,0.9926013681291442,0.6831635709358035,0.9908200811109107,0.9347189925402354,0.6521739130434783
68,43,vehicle,high,low,0.9936435886837196,0.6691891393338766,0.9910575636950762,0.9126637601388358,0.6799999999999999
48,170,vehicle,high,low,0.9930135114112189,0.7054194524939402,0.9902745935634288,0.9110351235296663,0.625
26,200,vehicle,high,low,0.9882108643506873,0.729935712558935,0.9844819485773251,0.8952783942450171,0.657142857142857
26,78,vehicle,high,low,0.9895468280078423,0.7278133956449591,0.9837821378559262,0.9161897980008632,0.5972972972972972
26,41,vehicle,high,low,0.9928217474077508,0.6947110015232429,0.9915039311970699,0.962162711504137,0.653846153846154
48,140,vehicle,high,low,0.9930978384766757,0.7220163409121183,0.9917336505504624,0.9306111818823284,0.7358490566037736
26,140,vehicle,high,low,0.9908055919338293,0.7313795891437855,0.9888856381376452,0.9105812548062415,0.6153846153846154
26,79,vehicle,high,low,0.9917573569840269,0.7379401385874153,0.9894811017850498,0.9286287850247252,0.6461100569259963
1,74,vehicle,high,low,0.9881731269576403,0.7496880188613921,0.9830754554928673,0.9071900967579501,0.6666666666666666
1,43,vehicle,high,low,0.9924355698548181,0.6766475390089497,0.989969319039109,0.928684827805243,0.7171428571428571
1,94,vehicle,high,low,0.9895111559197712,0.7651553686378083,0.9873433492741492,0.888212018253866,0.7
26,37,vehicle,high,low,0.9917058239649716,0.728282234009294,0.9879390105660707,0.856021837232062,0.6363636363636365
48,139,vehicle,high,low,0.9935558097270003,0.6746682327226117,0.9918292499019576,0.9581095470485372,0.6521739130434783
26,183,vehicle,high,low,0.991420785512334,0.7295320505191738,0.988530161360728,0.9201083802385694,0.6551724137931034
26,139,vehicle,high,low,0.9905577810551123,0.6760212253421405,0.9866929239461368,0.9048963312937669,0.6092258748674444
1,21,vehicle,high,low,0.9916419965358442,0.6387909344349645,0.9896755206331996,0.8816267606480599,0.7
26,94,vehicle,high,low,0.9901091520854645,0.7493635195821109,0.9867946182663079,0.9339251148558306,0.6445993031358884
68,65,vehicle,high,low,0.9902530533776792,0.6877422361718069,0.9897462534184842,0.9301793327200216,0.7272727272727273
68,34,vehicle,high,low,0.9934187239076538,0.6819272045529663,0.9912969413823821,0.8866576824742752,0.7142857142857142
1,99,vehicle,high,low,0.992950073603216,0.7599091808310504,0.9898709191523158,0.8878624692325406,0.7083333333333334
26,182,vehicle,high,low,0.990715797901058,0.6959974814510188,0.9868542798560092,0.8599370259581297,0.6444444444444445
26,99,vehicle,high,low,0.992790381576205,0.690528944973188,0.9910780980234437,0.9245430284155016,0.6363636363636364
68,64,vehicle,high,low,0.9903008152147269,0.6597643911628415,0.9842394579737067,0.8799852299348756,0.6584928229665072
1,101,vehicle,high,low,0.991254195611103,0.5583860239421085,0.9871249188084705,0.9218335352159448,0.7
26,180,vehicle,high,low,0.9901890298702,0.7392127072447735,0.9875379823644095,0.9447519671466074,0.676470588235294
26,132,vehicle,high,low,0.9917426827759072,0.6855004465031802,0.9886253900466889,0.9024849427879137,0.5625
48,132,vehicle,high,low,0.9938656900875423,0.6966480611608332,0.9922811052815073,0.8791997035278529,0.7391304347826088
26,101,vehicle,high,low,0.9913140329133321,0.6588646965595784,0.9870991590993786,0.8628706573788306,0.653846153846154
68,63,vehicle,high,low,0.9932109292703649,0.716221748760472,0.9901356317351145,0.9170912429782263,0.6521739130434783
1,104,vehicle,high,low,0.9882251635423804,0.6651593450706801,0.9865211860605855,0.8615413184859442,0.6923076923076923
26,128,vehicle,high,low,0.9916299473223947,0.710213007774367,0.9882387065217811,0.8964167530359142,0.6145104895104896
48,128,vehicle,high,low,0.9923350589307436,0.6969815314799759,0.9893237601580199,0.8922801793686455,0.6774193548387097
26,104,vehicle,high,low,0.9882957720428656,0.7409806068270975,0.9858697089711324,0.8972132353975789,0.6
48,41,vehicle,high,low,0.9946878915106866,0.6324127968738051,0.992942149119058,0.9582446912944521,0.7142857142857142
1,180,vehicle,high,low,0.9885903893267853,0.6808867444778747,0.9851923401954935,0.921712096269943,0.6785714285714286
68,60,vehicle,high,low,0.9941245682818228,0.7385032243339578,0.9934801684700143,0.910687327378901,0.6666666666666667
26,126,vehicle,high,low,0.9903438534752865,0.7070546410046841,0.9872949717312988,0.9312564307827008,0.6785714285714286
48,126,vehicle,high,low,0.992274475728768,0.732531298171788,0.9898319743488775,0.894418254671763,0.7037037037037037
1,41,vehicle,high,low,0.9938312512127445,0.638542595705662,0.9919055230570599,0.9279500247824504,0.7142857142857142
1,200,vehicle,high,low,0.988632393438558,0.7375769489980124,0.984613576410496,0.9083442909936712,0.6666666666666666
1,183,vehicle,high,low,0.9914171569587868,0.7214275818097584,0.9886927558549891,0.8936911812672997,0.6915760869565217
1,179,vehicle,high,low,0.9916030860461802,0.6585265095891003,0.9875391171443805,0.9080448210226129,0.6071428571428572
1,37,vehicle,high,low,0.9912346231071142,0.6811374842423441,0.9879672250359339,0.8388336249252715,0.6267857142857142
68,56,vehicle,high,low,0.9937882395927236,0.7215098462473948,0.9922673490860408,0.9215443768489147,0.6206896551724137
48,124,vehicle,high,low,0.9938785294913718,0.6753937219222648,0.9919395534923091,0.8925895549848916,0.7272727272727273
1,176,vehicle,high,low,0.9930041442426493,0.6193502175533999,0.9906477157740261,0.9158505709545446,0.6666666666666666
1,79,vehicle,high,low,0.9925126806651041,0.724033432854011,0.9902778754234041,0.9118032068336706,0.6666666666666666
68,44,vehicle,high,low,0.9940480776682943,0.6623389754579819,0.9908773583401611,0.8904966191233301,0.6799999999999999
48,114,vehicle,high,low,0.9932965530195171,0.7172290678852409,0.9917154253752362,0.9248026163186088,0.7142857142857143
26,114,vehicle,high,low,0.9891423582304778,0.7001660309326019,0.9846012482528889,0.8583578496241588,0.6363636363636364
26,10,vehicle,high,low,0.9907213611605684,0.743065950671618,0.9862657176696797,0.8575865007103874,0.597872340425532
1,172,vehicle,high,low,0.9908346510119518,0.7835536271985115,0.9878092689178032,0.9006159164885683,0.6
26,31,vehicle,high,low,0.9913994880422342,0.7602895991944016,0.9872177746399726,0.8952081007513296,0.6923076923076923
48,164,vehicle,high,low,0.9924591892968981,0.6974691871708069,0.9895401944934292,0.9470126603797459,0.7333333333333334
26,13,vehicle,high,low,0.99071522258554,0.6840709282340078,0.9874619664173664,0.9248583339618794,0.6399999999999999
68,29,vehicle,high,low,0.9918959692549169,0.7284902960714117,0.9885795856657879,0.8735804138298842,0.6774193548387097
1,170,vehicle,high,low,0.9912298951279283,0.7363787973246232,0.9861554179225135,0.9287711566546601,0.6666666666666666
68,41,vehicle,high,low,0.9953057359692625,0.6715555880111805,0.9944193556050243,0.918577761503706,0.6521739130434783
48,104,vehicle,high,low,0.991661454147456,0.702689016677172,0.9882060771652206,0.9128451095396619,0.736842105263158
26,21,vehicle,high,low,0.9912729592803962,0.7049080993415292,0.9885824608836238,0.9165444573751904,0.6389365351629503
1,164,vehicle,high,low,0.989097242391223,0.6490785038446621,0.9869080810888421,0.9169470577359147,0.7297297297297298
68,37,vehicle,high,low,0.9933245125532933,0.7039017414205142,0.9902574903025082,0.9022626158193352,0.6
1,132,vehicle,high,low,0.9921849978392189,0.6571403658638532,0.9895423591470682,0.8803023223045213,0.7272727272727273
48,101,vehicle,high,low,0.9925085083768429,0.6468879826402708,0.9879799885338081,0.8837582594195198,0.6896551724137931
1,140,vehicle,high,low,0.9908505861667347,0.6386367936338402,0.9896780747983829,0.9324083598428069,0.7393887945670629
26,27,vehicle,high,low,0.9908297143840518,0.6425284839633163,0.9867778822490002,0.9104891982221135,0.5568475452196383
48,182,vehicle,high,low,0.9922730183442633,0.6895229450147298,0.9887781017545831,0.9011239325843526,0.638888888888889
48,99,vehicle,high,low,0.9940197770212028,0.7401230503775486,0.9928265831956753,0.9126673553665514,0.7171428571428571
26,29,vehicle,high,low,0.9901865322394021,0.6608166545455489,0.9867787923173128,0.9080928252249626,0.5957446808510638
1,31,vehicle,high,low,0.9921532445246193,0.6771351987664626,0.9904872287858114,0.9101294507959026,0.7037037037037037
48,78,vehicle,high,low,0.9926868048911898,0.7031650677897321,0.9894087226760138,0.9532350878699749,0.7096774193548387
48,94,vehicle,high,low,0.9932799833262519,0.7351165447841618,0.9911762626446409,0.845682936461264,0.6512474012474013
1,10,vehicle,high,low,0.9893966038923755,0.7537220319575795,0.987194916092104,0.9066071938724392,0.6499999999999999
1,126,vehicle,high,low,0.9896589517033326,0.6029550611660436,0.9864085871692208,0.8474542508757379,0.7105263157894737
1,65,vehicle,high,low,0.9840121258280657,0.7559961710372463,0.9769550544418933,0.9025199874926717,0.736842105263158
1,13,vehicle,high,low,0.9915401273710877,0.6034316902125084,0.9889921191097183,0.900480854817049,0.5862068965517242
1,44,vehicle,high,low,0.9918662992075495,0.6511720922111325,0.9894893564172327,0.8894195126039696,0.7391304347826088
48,74,vehicle,high,low,0.9923162304150619,0.6864988281548334,0.9889988952157824,0.9455505237146354,0.6733333333333333
26,176,vehicle,high,low,0.992478963418605,0.7372313874179027,0.9892932320200097,0.8994922541916842,0.6363636363636365
1,128,vehicle,high,low,0.9906248145931471,0.5502031824529626,0.9868875283754835,0.9190695131783722,0.6499999999999999
48,77,vehicle,high,low,0.9936212898513317,0.7017733023308759,0.9914731377421084,0.8999529607418806,0.6470588235294117
68,31,vehicle,high,low,0.9943808877385495,0.7333219701727096,0.9920227850204574,0.9321443901221926,0.6896551724137931
26,35,vehicle,high,low,0.9896947628692783,0.7241253785091049,0.9867535656707932,0.9319384478141609,0.5833333333333333
1,34,vehicle,high,low,0.9902409791945406,0.7044740268074334,0.9874387606129642,0.9218057948394315,0.6417112299465241
68,27,vehicle,high,low,0.9939095770949679,0.674155440053527,0.9931044739441439,0.9254540084085274,0.7142857142857142
1,139,vehicle,high,low,0.9887838412416384,0.6795044956744336,0.9824904801185209,0.9195427773881871,0.6086956521739131
26,65,vehicle,high,low,0.9876675355349165,0.7382319552732954,0.9819861349738437,0.8811510022923806,0.5815649867374005
48,65,vehicle,high,low,0.9904032485741702,0.6863309151887977,0.9872373584979388,0.9249527823376574,0.7142857142857142
48,64,vehicle,high,low,0.990559220600097,0.6708721942563816,0.9845770482672731,0.890826055697961,0.6666666666666666
68,21,vehicle,high,low,0.9935894329524996,0.7254075393236026,0.9901823778705593,0.8798226983284302,0.6799999999999999
68,35,vehicle,high,low,0.9917041768927418,0.7409420426727442,0.9869162612296469,0.9175877615581279,0.5555555555555556
48,34,vehicle,high,low,0.9930978660714271,0.7181330178262825,0.9906122352265584,0.9070444223062007,0.6774193548387097
1,124,vehicle,high,low,0.9928191534899448,0.6710371916781551,0.9907558994228797,0.9146902603355308,0.7018518518518518
48,63,vehicle,high,low,0.9926496422340313,0.6995604790581464,0.9899151802870753,0.9459951404219561,0.7
68,13,vehicle,high,low,0.9928244090093521,0.6525264799992628,0.9888522638422429,0.9101335593216742,0.6399999999999999
68,10,vehicle,high,low,0.9928179714543774,0.7598139170580348,0.989719872310203,0.9495608798347739,0.6419413919413919
48,60,vehicle,high,low,0.9935356409119755,0.7464011612292002,0.9910652769621086,0.9162280503185148,0.6518445322793148
1,182,vehicle,high,low,0.990125464254346,0.6426566160421847,0.9857066015522242,0.8561765182744955,0.6939799331103679
1,114,vehicle,high,low,0.9886937957194233,0.6906320084065547,0.9853122034312367,0.9209127740506027,0.7113095238095238
48,56,vehicle,high,low,0.9924597075931763,0.6365177675589517,0.9902583738365385,0.9513819474332236,0.6399999999999999
1,56,vehicle,high,low,0.9900917015106998,0.6956570137438951,0.9877051922584603,0.93218876977294,0.6211556383970177
1,35,vehicle,high,low,0.9886734565755827,0.6657052651401256,0.9858443675929105,0.9291176996160979,0.5151515151515151
48,172,vehicle,high,low,0.992768921530807,0.7294464080506866,0.9896585171823077,0.8561040160670409,0.6216216216216217
48,44,vehicle,high,low,0.9934155575705738,0.7225383994169028,0.9921017886977491,0.872315581372767,0.7307692307692308
1,29,vehicle,high,low,0.9895711908974703,0.6793268150352871,0.9856684109264288,0.8798152708577316,0.7000000000000001
1,77,vehicle,high,low,0.9921041187313946,0.766372189086954,0.989601442759253,0.8908556512003685,0.6399999999999999
48,200,vehicle,high,low,0.9909267521929378,0.721072153806937,0.9878868186073257,0.9153869488992442,0.7103942652329749
1,60,vehicle,high,low,0.9916047691186411,0.6312089167535633,0.9889108819856539,0.9064828876161496,0.6428571428571428
48,35,vehicle,high,low,0.9916263894860468,0.6661056369135944,0.9887893094516766,0.9088840628081999,0.5161290322580645
48,31,vehicle,high,low,0.9940832634338388,0.6907752472584787,0.9917406540867372,0.954994514366748,0.71875
1,27,vehicle,high,low,0.9892981417834555,0.6930474606108099,0.9816614556842311,0.9317010350950655,0.6594202898550725
1,64,vehicle,high,low,0.9892238440213937,0.6240191229704237,0.9819359365020925,0.8866085636771811,0.6666666666666666
48,29,vehicle,high,low,0.991891040597899,0.7312019803850696,0.9894161425122967,0.8853216069796374,0.6779953917050692
26,179,vehicle,high,low,0.9906101976632886,0.7058129921200744,0.9866785585648385,0.9347635862346924,0.6410256410256411
48,43,vehicle,high,low,0.9935999992955783,0.6959353795731313,0.992070381859878,0.9034908209314019,0.7
26,64,vehicle,high,low,0.9890879693299134,0.6768295318100478,0.9850592584237263,0.8763930404094589,0.6274509803921569
48,183,vehicle,high,low,0.9934696702433662,0.7410402421386821,0.991369528482353,0.9375838009271034,0.7320512820512821
48,27,vehicle,high,low,0.9942636050057184,0.7523590407429935,0.9929684883593756,0.9177479660557305,0.731283422459893
26,63,vehicle,high,low,0.989626191492534,0.7204911684880162,0.9860660615879099,0.8946641090070159,0.6448028673835126
26,34,vehicle,high,low,0.9911130861573073,0.6906213547299176,0.9888694221345015,0.9037114297801555,0.5882352941176471
48,21,vehicle,high,low,0.993605879769155,0.7066054192806499,0.9918628279295779,0.8718082233842622,0.7
48,37,vehicle,high,low,0.9932639953203957,0.7492326185778921,0.9897236280449934,0.9369551554270616,0.6666666666666666
26,60,vehicle,high,low,0.9914854997148757,0.7094547124668326,0.9890936403391201,0.9434490337898273,0.6153846153846154
48,79,vehicle,high,low,0.994316944145624,0.7142383945354644,0.9926693225028697,0.9230437160105138,0.7142857142857142
48,180,vehicle,high,low,0.9932275840952325,0.7569291564896299,0.9912162629469738,0.8604604146605437,0.6666666666666666
68,78,vehicle,high,low,0.993436918686143,0.6575621998588395,0.99206684690726,0.9599448231840241,0.7207792207792207
48,13,vehicle,high,low,0.9924255020365625,0.6345329147643086,0.9890140815452434,0.9215058583379049,0.6227961645530468
26,56,vehicle,high,low,0.9908774551528324,0.792214647776155,0.9869322702461228,0.8904625774937767,0.6470588235294117
26,172,vehicle,high,low,0.991061722939515,0.7625582281739277,0.9874890001273804,0.9423341907112532,0.6020833333333333
48,179,vehicle,high,low,0.992469921312204,0.746242936888818,0.9896953273733954,0.9585722079664919,0.6399999999999999
48,10,vehicle,high,low,0.9920683643801639,0.7293103835088109,0.9887994203440781,0.939494315636369,0.6545092838196287
26,124,vehicle,high,low,0.9925661003402977,0.6761827842158528,0.9904931014473235,0.9491193958171379,0.5957446808510638
68,77,vehicle,high,low,0.9938749741453472,0.7462577249724056,0.9908988559269725,0.9393648790632849,0.6086956521739131
26,170,vehicle,high,low,0.9916814628267308,0.7582861945629398,0.9885509711682586,0.8743430561232584,0.6419413919413919
1,78,vehicle,high,low,0.9873078827767667,0.6834065763836412,0.9828690440799795,0.9260554116956319,0.6785714285714286
26,74,vehicle,high,low,0.9897012610356896,0.7195391748941087,0.9841436063490464,0.9015131751611403,0.5862068965517242
26,44,vehicle,high,low,0.9916267834325151,0.7156201308880739,0.9883881059631364,0.9158765803280937,0.6341463414634145
48,176,vehicle,high,low,0.9931730370390808,0.719566318621168,0.9915355640688434,0.9111719811615157,0.6666666666666667
1,63,vehicle,high,low,0.991067675366283,0.7626830990419858,0.9890843813603245,0.9481566551359856,0.6666666666666665
68,114,vehicle,high,low,0.9940294485345654,0.6795454728419147,0.9904882194936212,0.9313450848958168,0.7142857142857142
68,94,vehicle,high,low,0.9934590956998176,0.7928384324186974,0.9908879689491673,0.8870894158414735,0.6296296296296298
68,139,vehicle,high,low,0.9931486745646095,0.7569206503722645,0.9899438710544907,0.9580644121881045,0.7142857142857142
68,180,vehicle,high,low,0.9921552079806659,0.7101828479904528,0.9897147662503815,0.8828164071089121,0.6521739130434783
68,172,vehicle,high,low,0.9929184940931409,0.7167966768164348,0.990665544971669,0.9063905980832275,0.6799999999999999
68,104,vehicle,high,low,0.9923018500003286,0.708699281283578,0.9901208869559985,0.892572510777214,0.7272727272727273
68,164,vehicle,high,low,0.9933489121845689,0.687566064916455,0.9914077909751144,0.9482367779489427,0.6666666666666666
68,140,vehicle,high,low,0.9941789461164036,0.6850759320880326,0.991627358349167,0.949093475574795,0.71875
68,99,vehicle,high,low,0.9942191407034516,0.7176263790843593,0.9931302213402983,0.9105662560706276,0.7142857142857142
68,79,vehicle,high,low,0.9944991909879712,0.7362460799841293,0.9919384300232704,0.944061053280163,0.7142857142857142
68,126,vehicle,high,low,0.9923032263768868,0.6818013959360085,0.9878134047409978,0.8905621597509138,0.6666666666666666
68,183,vehicle,high,low,0.9923853035627728,0.7221096031139538,0.9901406338449339,0.9384622495312448,0.7182539682539683
68,124,vehicle,high,low,0.994482126581932,0.6943207719202105,0.992935207135164,0.9379848646062744,0.72
68,200,vehicle,high,low,0.9912377353715514,0.7729354685014272,0.9866391614131133,0.9136757774050978,0.6956521739130435
69,27,vehicle,high,low,0.9921986742309906,0.6351867822872587,0.9885652811372294,0.8744369855332105,0.6086956521739131
69,10,vehicle,high,low,0.9920272734325116,0.708358541280022,0.9883215387548235,0.8962284561167023,0.6451612903225807
68,132,vehicle,high,low,0.9930200370633788,0.7078978770841922,0.99089630473976,0.887566654399436,0.7338056680161944
68,179,vehicle,high,low,0.9926972609906346,0.7453151169623378,0.9897428091327528,0.9391486039059098,0.6194357366771159
68,170,vehicle,high,low,0.9937462149794162,0.7486778815708108,0.9909451813838753,0.9357693210163314,0.653846153846154
68,182,vehicle,high,low,0.9917200359419439,0.6935446670678413,0.9882302676751138,0.9157585735787923,0.6799999999999999
68,176,vehicle,high,low,0.9941730254093882,0.7164215578951,0.9922404718154374,0.904871963432525,0.6769230769230768
68,128,vehicle,high,low,0.9927296891345752,0.686258964891458,0.9885143114855651,0.8883477865693846,0.6799999999999999
69,34,vehicle,high,low,0.9920967971399444,0.6699090151100435,0.9895853210016968,0.937033263940626,0.675
69,56,vehicle,high,low,0.9917411291795177,0.6565684718611814,0.9873760426503496,0.9148907525702221,0.6391489361702127
69,65,vehicle,high,low,0.9901106487577644,0.644130421794296,0.9857718468123817,0.8946305305144634,0.6107994389901823
69,29,vehicle,high,low,0.9906351643467389,0.676228134423005,0.987935674669656,0.8765148772754018,0.6086956521739131
69,31,vehicle,high,low,0.9923833720474498,0.717227142306211,0.9910512788492772,0.8950741442799686,0.6501427988576092
69,74,vehicle,high,low,0.9913988573801967,0.6408244331335602,0.9873145761965211,0.8891089742061553,0.6470588235294117
69,78,vehicle,high,low,0.9915242727755615,0.644707442438252,0.988897025098636,0.9056485271450074,0.6666666666666666
69,35,vehicle,high,low,0.9913737550904042,0.7043053568168687,0.9884492990515583,0.9333903942022922,0.6323529411764706
69,37,vehicle,high,low,0.9926319873970423,0.7190541603282825,0.9895796300651337,0.9179502904911303,0.621665582303188
69,63,vehicle,high,low,0.9921905758196847,0.7175747944770114,0.9901071474630588,0.8784794772450929,0.6436507936507936
69,94,vehicle,high,low,0.9923070058360726,0.7032657050365884,0.9879240222955076,0.9208400053455087,0.6447557471264368
69,114,vehicle,high,low,0.9919787502239886,0.6135978535770974,0.9867774231438421,0.9130601876534149,0.6666666666666666
69,21,vehicle,high,low,0.9920754262873777,0.7495817685868301,0.9898662659421072,0.9469677022607291,0.6363636363636364
69,43,vehicle,high,low,0.9929828256587656,0.6742226987358638,0.9920922890553192,0.9095789446168063,0.6363636363636365
69,44,vehicle,high,low,0.9922555091010626,0.7293107709818112,0.9898467857380426,0.9289293085960857,0.6363636363636365
69,60,vehicle,high,low,0.9933814214043224,0.739476894552211,0.9910896444416069,0.9069110412643977,0.6381818181818182
69,41,vehicle,high,low,0.993623831064786,0.7010964630639743,0.9925679125212199,0.8874304450634274,0.6363636363636364
69,104,vehicle,high,low,0.9912991971369685,0.6911231970146174,0.9888414188833723,0.8712838720856934,0.6141439205955335
69,139,vehicle,high,low,0.9929400600882707,0.6676221448390582,0.990047652450825,0.9044066099993353,0.6170212765957447
69,79,vehicle,high,low,0.9930970370329004,0.7538245315046397,0.990736609182649,0.8970746293117715,0.6214168714168714
69,99,vehicle,high,low,0.9939172152003293,0.7083122339283603,0.9922333766548376,0.9401894182348223,0.653846153846154
69,124,vehicle,high,low,0.9928007630749673,0.6937439431469716,0.9899758078377117,0.9256139389907448,0.6206896551724137
69,140,vehicle,high,low,0.9925739848833749,0.7176160006452608,0.9896817419129676,0.9066397258375958,0.6561913696060038
69,77,vehicle,high,low,0.9933500871996245,0.7732711480752672,0.9911385524464642,0.9429957653645524,0.6300322061191627
69,172,vehicle,high,low,0.9923170248004646,0.7118798275482632,0.9883000597588778,0.9402546562234918,0.6578397212543554
80,10,vehicle,high,low,0.9875668459419721,0.7069304454924982,0.9847489940826306,0.8531941562927949,0.6551724137931034
69,180,vehicle,high,low,0.9920755115018586,0.6670866288873787,0.9892430602121168,0.9381605308080532,0.65625
69,164,vehicle,high,low,0.9916755759945994,0.7489371936083535,0.9895982084539382,0.8836137059067497,0.6086956521739131
80,27,vehicle,high,low,0.9854204326536584,0.6939800187691971,0.9817538352091035,0.8427512218343712,0.7642857142857142
69,132,vehicle,high,low,0.992327441438338,0.7016055335054366,0.9906843102728132,0.923562226511457,0.5999999999999999
69,126,vehicle,high,low,0.9917447911576354,0.7129802035469655,0.9898298424849731,0.9221220732901303,0.6818181818181819
69,13,vehicle,high,low,0.9919943694958384,0.7522572402370225,0.9899695141986754,0.944939404191055,0.6666666666666667
80,29,vehicle,high,low,0.9871273526778483,0.6924357232269063,0.9848028589433935,0.9443322267045055,0.6760731319554849
80,34,vehicle,high,low,0.9883042200448388,0.6541919700939788,0.9861439304976818,0.8738988795803455,0.6666666666666666
80,31,vehicle,high,low,0.9905123045277832,0.6336754165414759,0.9881665984525133,0.846970694524802,0.7000000000000001
80,37,vehicle,high,low,0.9900548004630393,0.6231848377460725,0.9882397923927108,0.8617788977069113,0.6381818181818182
80,35,vehicle,high,low,0.9864222836643717,0.6520548086382965,0.9832998355456053,0.8584688810785049,0.46808510638297873
80,21,vehicle,high,low,0.9909565507722773,0.5466243479219668,0.9880207741162863,0.8858053217404771,0.75
80,43,vehicle,high,low,0.9917967018423581,0.6052628611842094,0.9882424170926972,0.8386886604085039,0.6396103896103896
80,56,vehicle,high,low,0.9873961485863635,0.7487792773868234,0.9820645384573956,0.8416620324529719,0.6186224489795917
69,200,vehicle,high,low,0.9910842231683898,0.7126111039016595,0.9876312859721758,0.8636759918255134,0.6521739130434783
80,44,vehicle,high,low,0.9908365399363471,0.5953701470565743,0.9894515690292152,0.8751899457798883,0.736842105263158
80,41,vehicle,high,low,0.9922081673491376,0.6139340749532798,0.9917100901149205,0.8780573919650909,0.7241379310344828
80,65,vehicle,high,low,0.9857476797332911,0.7149537951016032,0.9797456110403885,0.8046251334916361,0.7999999999999999
80,63,vehicle,high,low,0.9889036867053251,0.6812734109241974,0.9839406449639962,0.9053725294442938,0.6666666666666667
80,74,vehicle,high,low,0.9866625822230511,0.7916246476902762,0.9789267018171137,0.8755044255988825,0.6939799331103679
80,78,vehicle,high,low,0.9858565374086878,0.74200676242978,0.9810243336423982,0.8489752011658196,0.6809090909090909
69,170,vehicle,high,low,0.9918232770531414,0.7614603064871062,0.9895128280168538,0.9011519220394283,0.65625
80,60,vehicle,high,low,0.9895742746171377,0.6581865743044699,0.9868470700302105,0.8835172292292135,0.6837662337662338
68,101,vehicle,high,low,0.9928317160260649,0.6399150766613334,0.9885620895589343,0.9131634563663306,0.7058823529411764
80,94,vehicle,high,low,0.9881929128966548,0.7099539947405913,0.9855032700211727,0.925205781392729,0.7142857142857142
80,114,vehicle,high,low,0.9867813671736076,0.7117261808012284,0.9832602676404796,0.853052797487578,0.7453703703703703
80,13,vehicle,high,low,0.9901834149807737,0.5791334276816351,0.9865966725924655,0.8760679795324704,0.6
80,104,vehicle,high,low,0.9869691881510435,0.5972029803942965,0.9832069757785181,0.8230931215805701,0.7307692307692308
80,99,vehicle,high,low,0.9923329596923154,0.6385332655089535,0.9910474472487925,0.8788909905594107,0.7142857142857142
80,139,vehicle,high,low,0.9886180353175353,0.7588079184459159,0.986423626969433,0.8746833932241436,0.6212121212121212
80,77,vehicle,high,low,0.9908076321133429,0.6576733623188262,0.9896336670009246,0.8562639329099486,0.6296296296296298
80,79,vehicle,high,low,0.9911032513356932,0.5954695347864026,0.9886606215108017,0.8728559108354395,0.7113095238095237
80,124,vehicle,high,low,0.9903094267607622,0.6483854576212066,0.9891914779391264,0.8830047144647531,0.7777777777777779
80,126,vehicle,high,low,0.9881876518730855,0.6215648345526201,0.9846838725139936,0.9112329843296858,0.7332859174964439
80,132,vehicle,high,low,0.9910387744032999,0.6607502541018055,0.9892055281094306,0.8710793974767277,0.7619047619047619
80,140,vehicle,high,low,0.9899397095484175,0.5900957313131716,0.9868667725480893,0.8341745041428825,0.6771235521235521
69,183,vehicle,high,low,0.9921629293727546,0.7145348362446984,0.9907134583825975,0.9458865772007413,0.6744186046511629
80,164,vehicle,high,low,0.9894779807121432,0.6789337420699033,0.9864737917414905,0.8622587775311362,0.7142857142857142
80,172,vehicle,high,low,0.9889446713589182,0.6984707408031512,0.9879517469913296,0.9320907756026546,0.5833333333333335
80,180,vehicle,high,low,0.9874651397478054,0.7324023477466794,0.9839156659777752,0.8869515104574691,0.7
69,179,vehicle,high,low,0.9924686022207179,0.721210404845469,0.9905663242424899,0.9362611599447788,0.6584928229665072
80,170,vehicle,high,low,0.9900349164942355,0.7077894617598994,0.9874277074461687,0.85837938071187,0.5999999999999999
69,128,vehicle,high,low,0.9928887963964702,0.7076501107044662,0.9900252148934818,0.9183245970177928,0.638888888888889
80,183,vehicle,high,low,0.9893484599538092,0.589619140539385,0.9888681881368753,0.9151716073590582,0.7241379310344828
80,128,vehicle,high,low,0.9905329758608604,0.6144534233896175,0.9861163267159735,0.8442844014673944,0.6700680272108843
80,200,vehicle,high,low,0.9863227238635497,0.696211498494484,0.9824187167964049,0.9315623052382218,0.7407407407407407
82,27,vehicle,high,low,0.9907670485225808,0.6941488568991446,0.9871476282794777,0.8762168092701214,0.5869565217391304
69,182,vehicle,high,low,0.9911956512628508,0.662319032640275,0.9892169490170066,0.8812482056120879,0.6329931972789116
80,182,vehicle,high,low,0.9875704254330046,0.5756270767670617,0.9850979258959998,0.8325821274161933,0.7037037037037037
80,176,vehicle,high,low,0.9920160853391826,0.6129536839819577,0.9902566657804699,0.8592850166997495,0.7105263157894737
82,10,vehicle,high,low,0.9913426616277263,0.7387370237542026,0.986324734066996,0.881006770054218,0.6666666666666666
80,64,vehicle,high,low,0.9882604044402509,0.5604582763000625,0.9832982047704789,0.8378841701323547,0.7
69,176,vehicle,high,low,0.9931732542588957,0.7526711414767105,0.9910356591577534,0.9568414263495039,0.6666666666666667
80,179,vehicle,high,low,0.9896475074448693,0.6118639715409868,0.9865371003234561,0.9252222541163835,0.6585365853658536
69,64,vehicle,high,low,0.9910250304612729,0.6830541134131805,0.9875746442705544,0.9113997969586821,0.6470588235294117
82,56,vehicle,high,low,0.9901643910395472,0.6798208681632978,0.9861322810043699,0.9237118597118579,0.6363265306122449
82,34,vehicle,high,low,0.9912466165017213,0.7508004017082988,0.9885840287388519,0.9280003601609983,0.6530100334448161
82,29,vehicle,high,low,0.9892608787521834,0.7570280277881989,0.9870165221610465,0.9425966293987286,0.6141439205955335
82,65,vehicle,high,low,0.9888064922157931,0.7388585276002889,0.985493649741593,0.9014672046694938,0.5865384615384616
82,74,vehicle,high,low,0.9920477292712395,0.664551160740096,0.988125846027958,0.9144970483576709,0.6086956521739131
82,31,vehicle,high,low,0.9929788519786797,0.7434732770852595,0.9905692002988769,0.9268702166315542,0.6691542288557214
82,35,vehicle,high,low,0.989956932203797,0.7165128327636008,0.98616596420856,0.9200659587717454,0.6141439205955335
82,78,vehicle,high,low,0.9901108260611289,0.7216753261729487,0.9865825777199122,0.9393807266508019,0.657142857142857
82,37,vehicle,high,low,0.9921744190596027,0.7596835245830251,0.9898788169804035,0.8770281849192902,0.551595744680851
82,43,vehicle,high,low,0.9924926786198219,0.6873265693916897,0.9902081367666346,0.9059057946266469,0.6363636363636364
82,63,vehicle,high,low,0.9915373425485245,0.7522757739937556,0.9891142869280872,0.9380965832595592,0.625
82,44,vehicle,high,low,0.9921699482704327,0.7186946694255012,0.9908808219429063,0.8871679728414628,0.6206896551724137
82,21,vehicle,high,low,0.9915381602957546,0.6963204744751057,0.9881089476096568,0.8975288788816592,0.6666666666666666
82,94,vehicle,high,low,0.9916191692725388,0.7183853270050259,0.9877847178202199,0.90775168260791,0.625
82,41,vehicle,high,low,0.9935175306977871,0.7168575275831212,0.9908682021214325,0.9376349054266048,0.6276789785681716
82,114,vehicle,high,low,0.9911117494867953,0.7063041766958335,0.9871561286850613,0.9074832538511043,0.65625
82,60,vehicle,high,low,0.9926863343504597,0.7662063699357277,0.9900234369622697,0.9486675959241082,0.6410256410256411
80,101,vehicle,high,low,0.9910572424781443,0.5895674895440055,0.9871576494746068,0.841007163280876,0.736842105263158
82,139,vehicle,high,low,0.9915267136628666,0.7583813434921742,0.9883047199870041,0.9451186408888347,0.5925925925925926
82,104,vehicle,high,low,0.9900744115604719,0.7741999791919945,0.9837912005333294,0.9146749890670947,0.5833333333333333
82,172,vehicle,high,low,0.9914996468734433,0.8135718566095035,0.9879646325765555,0.8843279624589522,0.607843137254902
82,79,vehicle,high,low,0.9919716500345601,0.7268698717134221,0.9900979014692247,0.9284816791225705,0.6666666666666667
82,164,vehicle,high,low,0.9906287877031901,0.7147723066012857,0.9881409547743553,0.9432417670413955,0.625
82,99,vehicle,high,low,0.9936290662862484,0.76874300246466,0.9917964142744885,0.9311622804083886,0.6086956521739131
82,140,vehicle,high,low,0.992867156540037,0.7768965025096488,0.9904722184909971,0.9203646295340979,0.6578397212543554
82,180,vehicle,high,low,0.9911351081148149,0.7634468950521874,0.9860421965239136,0.9275896126339983,0.6521739130434783
82,124,vehicle,high,low,0.9921658532357783,0.6999359767973802,0.9902222447223661,0.9248060614863336,0.5769230769230769
82,77,vehicle,high,low,0.9924013885448397,0.6914832278144574,0.9899623060129409,0.9203414993591523,0.6170212765957447
82,132,vehicle,high,low,0.9918584938395347,0.7253539600948486,0.9897357865130803,0.8829170049312802,0.5901639344262295
82,126,vehicle,high,low,0.9912027174157725,0.7129306498923396,0.9877794765027055,0.8768538985476287,0.6153846153846154
82,13,vehicle,high,low,0.9911391707867385,0.673999573842512,0.9865791547379371,0.9385986883815615,0.6631205673758864
82,170,vehicle,high,low,0.9915627095722934,0.7908340295789416,0.9882515701595109,0.9037987534993871,0.6382978723404256
86,27,vehicle,high,low,0.9927513775140192,0.6841278990096542,0.9888486947614573,0.9011093261149214,0.5904139433551199
82,200,vehicle,high,low,0.9904146090836589,0.7560509371726849,0.9861646466315195,0.9033068566233337,0.6521739130434783
86,10,vehicle,high,low,0.9929684503401903,0.7260956930505781,0.9896917474967362,0.905680754609609,0.6486486486486487
82,183,vehicle,high,low,0.9928250842137075,0.7415718231984576,0.9902491770546545,0.929066490667035,0.6666666666666666
86,29,vehicle,high,low,0.9915101365799854,0.7610253316986568,0.9898432050868948,0.8817534996937444,0.6428571428571428
82,176,vehicle,high,low,0.993600543506503,0.7139387597103907,0.9918362713002244,0.9031695789475679,0.6516683518705764
86,34,vehicle,high,low,0.9927682841708491,0.7578952046457369,0.9905980573090962,0.9395723023166543,0.6486486486486487
82,179,vehicle,high,low,0.9917949146377574,0.7249515018719612,0.9890423113463336,0.929617360283447,0.6857142857142857
86,31,vehicle,high,low,0.9936852493004276,0.7843008412096822,0.9920717526308499,0.941638280581926,0.6348484848484849
82,182,vehicle,high,low,0.9899117788866,0.6923523082688606,0.9860787630303688,0.8758318059875108,0.6470588235294118
86,56,vehicle,high,low,0.9921294367651683,0.6373016575521229,0.9884011780861719,0.9205732331331408,0.5931712962962963
86,65,vehicle,high,low,0.9910166617112413,0.6546835904667225,0.9874316247648774,0.8500690609373636,0.5813953488372094
86,74,vehicle,high,low,0.9918755444373948,0.6959866182296144,0.9888456288897451,0.9243526270491121,0.631578947368421
86,35,vehicle,high,low,0.992280868348137,0.7527294979244067,0.9889911352583955,0.9301974317781466,0.6065573770491803
86,37,vehicle,high,low,0.9929577657780363,0.7107665982577827,0.992138153715152,0.921550081247793,0.6505813953488372
82,128,vehicle,high,low,0.9924754521979131,0.7400412813457115,0.9899095946400771,0.9210211972739598,0.6363636363636365
82,64,vehicle,high,low,0.9893463186114281,0.6880447508034623,0.9839751644345028,0.9067418543197296,0.6808510638297873
86,21,vehicle,high,low,0.9927153637731678,0.7224917185566827,0.9893159051024351,0.9144948102266967,0.6228448275862069
86,78,vehicle,high,low,0.9929300423901107,0.6753310273202128,0.989935796780615,0.9314489224296436,0.6324561403508773
86,43,vehicle,high,low,0.993210293047417,0.6714041372852335,0.9909419475466947,0.9225780167619053,0.6428571428571428
86,63,vehicle,high,low,0.9925546889772545,0.7338581704924181,0.9896351616930964,0.9117659743378344,0.6296296296296298
86,114,vehicle,high,low,0.9920672086690856,0.636331026991138,0.9887872019286723,0.9255598770075318,0.5833333333333333
86,60,vehicle,high,low,0.9933264875660612,0.7437208276254605,0.9905775460734959,0.936332824864981,0.6162029459901801
86,94,vehicle,high,low,0.9938098702672377,0.7219398304343478,0.9905805732340266,0.8593519244920579,0.6165158371040724
86,44,vehicle,high,low,0.9932759250334854,0.7482836615452453,0.9913220217358842,0.9186450805427893,0.5945945945945945
86,41,vehicle,high,low,0.9942350440171188,0.7329385900941836,0.9923986500958022,0.9305375040430952,0.603921568627451
69,101,vehicle,high,low,0.9920152879296165,0.6542541951364598,0.9891247018394655,0.9328431717277997,0.6799999999999999
86,139,vehicle,high,low,0.9927189422506615,0.6776945664993068,0.9901601546302724,0.9309594951040018,0.6711711711711712
86,104,vehicle,high,low,0.9916220769746553,0.7208918981723544,0.9892031513084039,0.87071386722784,0.6096938775510203
86,79,vehicle,high,low,0.9939813527763104,0.7646340073323311,0.9920647710109521,0.942953778075414,0.6111111111111112
86,124,vehicle,high,low,0.9939158622191457,0.7097466619655328,0.9918475451121603,0.8996271117197421,0.631578947368421
86,99,vehicle,high,low,0.9936801464865788,0.8114332074455295,0.9913244507601576,0.9561762472083661,0.6051136363636364
86,140,vehicle,high,low,0.9936549947384428,0.6962186740458539,0.9918979808682654,0.9184849964979279,0.6
86,164,vehicle,high,low,0.9923146638575648,0.7291096174648879,0.989578923189729,0.8953821943463265,0.5759615384615384
86,172,vehicle,high,low,0.9930004356634927,0.7856902192752956,0.9903534386909049,0.8966898986494801,0.5999999999999999
86,77,vehicle,high,low,0.9936963066668062,0.7488538123400881,0.9914770457513229,0.9316839027080931,0.6590909090909092
86,132,vehicle,high,low,0.9931095329777168,0.7314990444187508,0.990352107890192,0.8973063176673868,0.6129032258064516
87,27,vehicle,high,low,0.9932972491218163,0.6269481094913185,0.9900356834580922,0.8651105692274408,0.5769230769230769
86,126,vehicle,high,low,0.9919067321516694,0.6892737192895874,0.9891043958353021,0.881668819675453,0.6208108108108108
87,10,vehicle,high,low,0.9923955302197093,0.7591275307783895,0.9892274769041993,0.912946677853285,0.5925925925925926
86,180,vehicle,high,low,0.9929085316649812,0.7629765285218403,0.9896588013202617,0.9016366890069115,0.6216216216216217
86,13,vehicle,high,low,0.9920914542738032,0.7544926566630605,0.9896882063322225,0.9329979698995844,0.6
86,200,vehicle,high,low,0.9923726729492809,0.6437699595100166,0.9884021770503301,0.8818481366713419,0.6666666666666666
87,29,vehicle,high,low,0.9921791912468053,0.7008375408528145,0.990036512140608,0.9203277245618081,0.6206896551724137
86,170,vehicle,high,low,0.992908675667506,0.765125802542652,0.9907787964221164,0.9334462074100679,0.6351351351351351
86,183,vehicle,high,low,0.9929102157025035,0.7260146021566074,0.9916234327344658,0.906310267365672,0.6267857142857143
87,34,vehicle,high,low,0.9925352984639625,0.7227303431212124,0.9887077545791929,0.9218296045425096,0.5999999999999999
86,128,vehicle,high,low,0.9928698995045266,0.7328087059685882,0.9902693889883921,0.9313366635977736,0.6470588235294117
87,31,vehicle,high,low,0.9938838853692814,0.7483589348949955,0.9920394337456805,0.9374794147881238,0.6282392026578073
86,176,vehicle,high,low,0.9940024872859753,0.7691317318046279,0.9914040095833445,0.931423079917902,0.6666666666666667
87,35,vehicle,high,low,0.9927251154220874,0.7327099591338422,0.9886277509528392,0.9020010593411928,0.629222309505106
86,179,vehicle,high,low,0.9925927108177984,0.7330582569821893,0.9911313389851562,0.9023409954222863,0.6333333333333333
87,56,vehicle,high,low,0.9926401872833445,0.7101069533839734,0.9907571760355982,0.9471713061429862,0.6348484848484849
86,64,vehicle,high,low,0.9911215404755813,0.7315919474896435,0.986463485836094,0.9319996170630634,0.6760731319554849
87,37,vehicle,high,low,0.9932099201658949,0.7132019244026051,0.9913468115092781,0.9364094602256153,0.5833333333333333
87,65,vehicle,high,low,0.9913990417172346,0.66336327460465,0.9879649195682937,0.9146332177819194,0.5452380952380952
87,74,vehicle,high,low,0.9935646729267328,0.6910862481541923,0.9899369956990701,0.8544405864771912,0.6414285714285713
87,78,vehicle,high,low,0.9925168297664476,0.6240880965626048,0.9898961043992394,0.9133909335373062,0.6153846153846154
87,21,vehicle,high,low,0.9934243659729539,0.76689929756689,0.9907572747763091,0.9086629948412154,0.6208108108108108
86,182,vehicle,high,low,0.9918828496516962,0.7473762435806988,0.9887781017545831,0.8688236655010344,0.625
87,43,vehicle,high,low,0.993744419364978,0.7114230176898522,0.9922789958993691,0.8948861233872745,0.625
82,101,vehicle,high,low,0.9920690362339767,0.6502239834028323,0.988895907766043,0.8992194002838181,0.6666666666666666
87,44,vehicle,high,low,0.9931968219773775,0.7344110396836662,0.9912168428313461,0.861333613801031,0.5862068965517242
87,94,vehicle,high,low,0.9929882956190192,0.7413610930978491,0.9900867506548524,0.9078364678543925,0.6510869565217391
87,114,vehicle,high,low,0.9929615415717691,0.6209805258625893,0.9896967129704719,0.95633180661643,0.6326530612244898
87,41,vehicle,high,low,0.9940091406637483,0.7124396500071173,0.9920873993056524,0.9265137165259852,0.6363636363636365
87,60,vehicle,high,low,0.9935756204005242,0.7350413343811517,0.9915666721268861,0.8882659939390043,0.6
87,63,vehicle,high,low,0.9926980019874435,0.739749021369932,0.9901339108904572,0.9004373692654979,0.6551724137931034
87,139,vehicle,high,low,0.9928660744345179,0.6318980480054011,0.9903512469673338,0.9202182082912967,0.6363636363636364
87,104,vehicle,high,low,0.9912198968258801,0.7481430061914338,0.987725585821915,0.8863373447416893,0.553639846743295
87,140,vehicle,high,low,0.9930483752123774,0.7343755128079231,0.9914293410041979,0.93722965662484,0.5833333333333333
87,79,vehicle,high,low,0.9932517806948714,0.7423335239274105,0.9918755008177997,0.8919375557825018,0.5714285714285714
87,13,vehicle,high,low,0.9935292823283781,0.7555447820141816,0.9912005305700555,0.9209843903490622,0.6
87,99,vehicle,high,low,0.9939216942490406,0.7503434463276375,0.9924808717088377,0.8823132622814556,0.6086956521739131
87,172,vehicle,high,low,0.9926891566113734,0.706339434588594,0.9895360527559189,0.8572366493370545,0.5972972972972973
87,180,vehicle,high,low,0.9917361840979015,0.6222494095818162,0.987535771390129,0.86439815630742,0.588235294117647
87,132,vehicle,high,low,0.9930712297040646,0.7619532463781451,0.9905882995722717,0.9161481956747016,0.5663522012578617
87,77,vehicle,high,low,0.9936001712502578,0.7475178985187674,0.9914173781376875,0.924750458041526,0.6376262626262627
87,124,vehicle,high,low,0.9938689536165469,0.7035799338919653,0.9925386542764448,0.8586126198564984,0.5800000000000001
87,126,vehicle,high,low,0.9921809639689656,0.7364439452796944,0.9894009956322616,0.8724244487462309,0.5872210953346856
87,164,vehicle,high,low,0.9923755078986407,0.696829044836166,0.9909886507995246,0.925246585009511,0.5499999999999999
118,27,vehicle,high,low,0.9867760300619687,0.719901930271557,0.9816591752204104,0.9345600323658185,0.5454545454545455
118,10,vehicle,high,low,0.9899580936390129,0.7451664919442993,0.9847711392480972,0.9464405336804734,0.6153846153846154
118,29,vehicle,high,low,0.9881438663049331,0.7604861273250866,0.9815754637289507,0.9134983772590618,0.6530100334448161
118,34,vehicle,high,low,0.9888721367536996,0.6689726899234059,0.9840875187086782,0.9407109079384021,0.6818181818181819
118,37,vehicle,high,low,0.9909064751673515,0.6843536568614367,0.9860982200871345,0.9192236043736147,0.5757575757575757
118,35,vehicle,high,low,0.9884760086642016,0.7257260474016061,0.9843603996069679,0.9494840297671935,0.5823643410852714
118,31,vehicle,high,low,0.9923105488064379,0.6808932903565719,0.9890236144355987,0.9299598861704059,0.6666666666666666
118,21,vehicle,high,low,0.9913476601340695,0.6803433173470921,0.9869410559029612,0.8600382221762839,0.6153846153846154
87,170,vehicle,high,low,0.992996075616875,0.7446270441276002,0.9898133998526734,0.8944989022858937,0.625
118,56,vehicle,high,low,0.9879938408615003,0.6924116594621856,0.980691563867295,0.9460939701653923,0.625
87,200,vehicle,high,low,0.9919092875135532,0.7131617263005741,0.9890249261217663,0.8947424438677172,0.6086956521739131
118,43,vehicle,high,low,0.99212892321544,0.6398244053137732,0.9889401462850154,0.8887224404337505,0.6086956521739131
118,41,vehicle,high,low,0.9929179665334459,0.6277877699503862,0.9907552529808561,0.9448232484782736,0.6396103896103895
118,44,vehicle,high,low,0.992168572687109,0.646394993911432,0.988681955989203,0.906581186699817,0.6521739130434783
118,65,vehicle,high,low,0.9833453877061271,0.6934674421410156,0.9807470991415728,0.9485607614901665,0.5305555555555556
118,78,vehicle,high,low,0.988709292147186,0.7710412775191576,0.981623968260664,0.9512534407221426,0.6071428571428572
118,74,vehicle,high,low,0.9883655304748349,0.7850994821475179,0.9836009364344654,0.9409692807999809,0.638888888888889
87,179,vehicle,high,low,0.9927999178445897,0.7746286907712807,0.9910802884629041,0.8758292746804017,0.6185640056683986
118,94,vehicle,high,low,0.9894253024841292,0.7900329449414614,0.9838166675397682,0.8288983999659858,0.6296296296296298
118,60,vehicle,high,low,0.9901942949062827,0.6758655414497163,0.9875233919306574,0.8579715395050557,0.6071428571428572
118,114,vehicle,high,low,0.9869115782072597,0.7361885264656014,0.9813024215197916,0.920973866582353,0.6216216216216217
118,63,vehicle,high,low,0.9898175878613383,0.7036648014500544,0.986703994391191,0.9072904732305677,0.6363636363636365
87,183,vehicle,high,low,0.9925776436975284,0.6763393219882687,0.9908263437539193,0.930748335240053,0.621455938697318
118,13,vehicle,high,low,0.9913813482104977,0.6181703499074399,0.9872679954191841,0.9168983226095978,0.6521739130434783
87,128,vehicle,high,low,0.992696890820207,0.7161187281480297,0.9894942587297723,0.8984938420493698,0.5968749999999999
118,104,vehicle,high,low,0.9886013213474971,0.7189959337319579,0.9847204875167975,0.8796918215072859,0.6521739130434783
118,79,vehicle,high,low,0.9927946274721233,0.6578872956743719,0.9901772585849331,0.9213040574020142,0.6666666666666667
87,176,vehicle,high,low,0.9935590963543547,0.7300457775299989,0.9919274682736491,0.9191852199419455,0.6300322061191627
118,99,vehicle,high,low,0.9925188246998131,0.6568100511692155,0.9894065794368722,0.9047903605931416,0.6813346228239845
118,139,vehicle,high,low,0.9884360327635936,0.6932453746950128,0.9819344405028553,0.9330798204599466,0.6427432216905902
87,182,vehicle,high,low,0.992362124776991,0.7235339382953774,0.9882298904476675,0.8973746301680893,0.5882352941176471
87,64,vehicle,high,low,0.9909043457677955,0.713602318794818,0.9857666539006338,0.8867897637387028,0.6206896551724137
118,77,vehicle,high,low,0.9924033937502152,0.6487541464209361,0.989969039520576,0.9175158771271884,0.6206896551724137
118,124,vehicle,high,low,0.9922317061115622,0.6563219494757035,0.9900509303765799,0.9005031221485921,0.6835016835016835
118,140,vehicle,high,low,0.9922178555019472,0.6748754297383172,0.9916146009399202,0.9455628206567618,0.6071428571428572
118,172,vehicle,high,low,0.9892236481999565,0.7794431235207717,0.9853598052560615,0.8434768934718117,0.6236111111111111
118,132,vehicle,high,low,0.9915567209571886,0.6809657650673346,0.98758460744175,0.8960888683918818,0.5714285714285714
118,126,vehicle,high,low,0.9900894429408056,0.6756899477229983,0.987728579642179,0.8603175692208548,0.6521739130434783
118,164,vehicle,high,low,0.9895635713171997,0.6684514039958254,0.9850688471427744,0.9211685843124704,0.6079192546583851
118,180,vehicle,high,low,0.9876078637290282,0.7375859289383347,0.9823645516208698,0.8689266019569158,0.6296296296296298
118,200,vehicle,high,low,0.9878740889973251,0.6786723617233843,0.9824525484274491,0.9357713651019958,0.6097560975609756
178,27,vehicle,high,low,0.9933900151559459,0.7217956794969634,0.99155471633207,0.9510727436163342,0.7916666666666666
118,183,vehicle,high,low,0.9913034642511948,0.6670535746544317,0.9878331744845072,0.9339500717272009,0.6153846153846154
118,170,vehicle,high,low,0.9911094626301014,0.7142581852926833,0.9870384951861122,0.9346085399424535,0.6363636363636365
178,10,vehicle,high,low,0.9922359513529772,0.7374095208634204,0.9890930960773107,0.9534048308948785,0.6578947368421053
118,64,vehicle,high,low,0.9882041078930306,0.6290884562032935,0.9825881796077399,0.8863987978691494,0.6521739130434783
178,29,vehicle,high,low,0.9910550229543152,0.7163012780699934,0.9886437257382443,0.8860975819118833,0.6785714285714286
118,128,vehicle,high,low,0.9908024363046722,0.6031103373961457,0.9860624772506155,0.9251549840669419,0.6521739130434783
178,34,vehicle,high,low,0.9923469123291291,0.7552819690740527,0.9904207908813151,0.8998279083256105,0.6451612903225807
118,182,vehicle,high,low,0.9900945341641243,0.6214882896586715,0.9845636526360473,0.9075293462982773,0.6774193548387097
118,179,vehicle,high,low,0.9908638078173085,0.6492123035750443,0.9859829058529028,0.9148983424762249,0.6394444444444445
118,176,vehicle,high,low,0.9928335151340852,0.6825339091067877,0.9886915307942751,0.90055108589675,0.6419413919413919
178,56,vehicle,high,low,0.9926522985442832,0.6643321441615112,0.9903106076087486,0.9545226248501233,0.56
178,65,vehicle,high,low,0.9911736378763923,0.7191477980149465,0.9875602122447872,0.9318501405504175,0.7836257309941521
178,31,vehicle,high,low,0.9925743429148434,0.7207422076051815,0.9908234500217161,0.9268409540993625,0.7083333333333334
178,35,vehicle,high,low,0.9897181779917134,0.7232501700197516,0.9868544903956247,0.8873420691703355,0.4411764705882353
178,37,vehicle,high,low,0.9930845841462643,0.7333673165387664,0.991717050883581,0.9526572549239415,0.6551724137931034
178,74,vehicle,high,low,0.9927446499023322,0.7317054036549793,0.9899360663642195,0.9327315926608395,0.6614583333333333
178,78,vehicle,high,low,0.9925122308199493,0.6750197196886176,0.9898123367594213,0.9160202498389568,0.7272727272727273
178,43,vehicle,high,low,0.993310989970127,0.6828187882159494,0.991180258513364,0.8962614392962924,0.71875
178,21,vehicle,high,low,0.9924844933126755,0.6731181968178002,0.9900165701851391,0.9208287792259731,0.7272727272727273
178,94,vehicle,high,low,0.9919144689918782,0.7127993829766643,0.9893551953670234,0.837563899308486,0.6296296296296298
178,44,vehicle,high,low,0.9926797601495797,0.666561158627755,0.9914375677629667,0.8518652493392278,0.75
178,114,vehicle,high,low,0.9912874797146225,0.7400788834621854,0.9896748241074979,0.9532535061475272,0.7
178,63,vehicle,high,low,0.9917627726350102,0.7046888517480586,0.989054157909467,0.894915890481977,0.6774193548387097
178,60,vehicle,high,low,0.9928201918894577,0.7760663649054463,0.9908239408708372,0.8700032066982872,0.6896551724137931
178,41,vehicle,high,low,0.9940804933539454,0.7452603955536354,0.9930080964675563,0.8820781470381434,0.75
86,101,vehicle,high,low,0.9925352716638818,0.7303410855451246,0.9885627984694084,0.9166344641028403,0.6666666666666667
178,139,vehicle,high,low,0.9933319975125989,0.7709623779078508,0.9910046525997176,0.8983474939320815,0.6614583333333333
178,79,vehicle,high,low,0.9936674722131423,0.7131388296099271,0.992394347633749,0.863486651817928,0.6956521739130435
178,99,vehicle,high,low,0.9941216698436093,0.7116367283486011,0.9925224857681313,0.8865848539390715,0.7399355877616748
178,104,vehicle,high,low,0.9903696704259729,0.6917390316951334,0.9884321439316651,0.869801136897727,0.7894736842105263
178,140,vehicle,high,low,0.9940750790537326,0.7350395730923347,0.9913435981534275,0.9326769052778027,0.7413381123058542
178,164,vehicle,high,low,0.9921441168591425,0.6913799161353318,0.9885637750694196,0.9409810782858771,0.7752525252525253
178,172,vehicle,high,low,0.9926902596467843,0.7506603210886957,0.9904584086015665,0.8534629546460727,0.6
178,124,vehicle,high,low,0.9932145629656275,0.6847374347851181,0.9925684662854298,0.8697117447096141,0.7777777777777779
178,126,vehicle,high,low,0.9915438736552884,0.7094936335372852,0.9891954546322668,0.8807443913580689,0.7037037037037037
178,132,vehicle,high,low,0.9936822821762162,0.7093885984067384,0.9915297319967609,0.8827779387422274,0.7752525252525253
178,77,vehicle,high,low,0.9930231300461356,0.7180575819124622,0.9906221124433864,0.9267585282784412,0.6129032258064516
178,180,vehicle,high,low,0.9927323527897192,0.7127124358958972,0.9913247627440113,0.8708054618387157,0.7060185185185186
178,170,vehicle,high,low,0.9924887090152823,0.7412529805691155,0.9897420196393484,0.9188100937642939,0.6666666666666666
178,200,vehicle,high,low,0.9915370695417843,0.7292626499497155,0.9894948134610295,0.9403180014531966,0.6857366771159874
178,13,vehicle,high,low,0.9920041542933286,0.6854525618623768,0.9890185713963211,0.8922255255330425,0.6079192546583851
118,101,vehicle,high,low,0.9907834311681567,0.5895030006058286,0.9857597965992434,0.9005515771728269,0.6428571428571428
178,183,vehicle,high,low,0.9922639812628982,0.7130620093301905,0.9914781889395677,0.9373542082191031,0.7391304347826088
178,179,vehicle,high,low,0.9922227827256733,0.7361647260841384,0.990404916707395,0.8661381990345347,0.6521739130434783
178,64,vehicle,high,low,0.9900027050645085,0.7023744645093108,0.9851363820559229,0.8887724461065569,0.6923076923076923
178,176,vehicle,high,low,0.9932174347219918,0.7336835386787144,0.991598376889974,0.9165859535559439,0.6785714285714286
178,182,vehicle,high,low,0.9918810435866126,0.6712750299724861,0.9882519985751389,0.9269442540719308,0.6774193548387097
178,128,vehicle,high,low,0.9923379549473211,0.6967799128139349,0.988918832126442,0.8689194946534555,0.6428571428571428
87,101,vehicle,high,low,0.9925031653541995,0.6908593941697686,0.988926502737403,0.918149829320061,0.59375
178,101,vehicle,high,low,0.9921256429881546,0.6768037936906663,0.9878567875394345,0.8931282816034382,0.736842105263158
