exp_a,exp_b,expertise_a,expertise_b,render_a,render_b,code_a,code_b,score
16,24,Beginner,Beginner,r1,r1,c1,c1,0.7380952380952381
16,27,Beginner,Beginner,r1,r1,c1,c1,0.7
16,33,Beginner,Beginner,r1,r1,c1,c1,0.7933333333333333
16,36,Beginner,Beginner,r1,r1,c1,c1,0.8412698412698413
16,40,Beginner,Beginner,r1,r1,c1,c1,0.9037037037037037
24,27,Beginner,Beginner,r1,r1,c1,c1,0.7133333333333334
24,33,Beginner,Beginner,r1,r1,c1,c1,0.7333333333333333
24,36,Beginner,Beginner,r1,r1,c1,c1,0.8067226890756303
24,40,Beginner,Beginner,r1,r1,c1,c1,0.8074074074074075
25,28,Beginner,Beginner,r1,r1,c2,c2,0.7012987012987013
25,37,Beginner,Beginner,r1,r1,c2,c2,0.6948051948051948
25,38,Beginner,Beginner,r1,r1,c2,c2,0.8376623376623377
25,41,Beginner,Beginner,r1,r1,c2,c2,0.7272727272727273
25,43,Beginner,Beginner,r1,r1,c2,c2,0.6168831168831169
25,47,Beginner,Beginner,r1,r1,c2,c2,0.6883116883116883
25,48,Beginner,Beginner,r1,r1,c2,c2,0.7484276729559748
25,52,Beginner,Beginner,r1,r1,c2,c2,0.7662337662337663
26,29,Beginner,Beginner,r1,r1,c3,c3,0.6602564102564102
26,30,Beginner,Beginner,r1,r1,c3,c3,0.782051282051282
26,39,Beginner,Beginner,r1,r1,c3,c3,0.6987179487179487
26,46,Beginner,Beginner,r1,r1,c3,c3,0.7243589743589743
26,9,Beginner,Beginner,r1,r1,c3,c3,0.7435897435897436
27,33,Beginner,Beginner,r1,r1,c1,c1,0.82
27,36,Beginner,Beginner,r1,r1,c1,c1,0.8666666666666667
27,40,Beginner,Beginner,r1,r1,c1,c1,0.8066666666666666
28,37,Beginner,Beginner,r1,r1,c2,c2,0.743801652892562
28,38,Beginner,Beginner,r1,r1,c2,c2,0.7570093457943925
28,41,Beginner,Beginner,r1,r1,c2,c2,0.8217054263565892
28,43,Beginner,Beginner,r1,r1,c2,c2,0.7723577235772358
28,47,Beginner,Beginner,r1,r1,c2,c2,0.5983606557377049
28,48,Beginner,Beginner,r1,r1,c2,c2,0.710691823899371
28,50,Beginner,Beginner,r1,r1,c2,c2,0.5700934579439252
28,52,Beginner,Beginner,r1,r1,c2,c2,0.7410714285714286
29,30,Beginner,Beginner,r1,r1,c3,c3,0.773109243697479
29,39,Beginner,Beginner,r1,r1,c3,c3,0.7014925373134329
29,46,Beginner,Beginner,r1,r1,c3,c3,0.7235772357723578
29,9,Beginner,Beginner,r1,r1,c3,c3,0.7448275862068966
30,39,Beginner,Beginner,r1,r1,c3,c3,0.753731343283582
30,46,Beginner,Beginner,r1,r1,c3,c3,0.7154471544715447
30,9,Beginner,Beginner,r1,r1,c3,c3,0.7517241379310344
33,36,Beginner,Beginner,r1,r1,c1,c1,0.8733333333333333
36,40,Beginner,Beginner,r1,r1,c1,c1,0.8740740740740741
37,38,Beginner,Beginner,r1,r1,c2,c2,0.8099173553719008
37,41,Beginner,Beginner,r1,r1,c2,c2,0.7596899224806202
37,43,Beginner,Beginner,r1,r1,c2,c2,0.7967479674796748
37,47,Beginner,Beginner,r1,r1,c2,c2,0.7295081967213115
37,48,Beginner,Beginner,r1,r1,c2,c2,0.6981132075471698
37,52,Beginner,Beginner,r1,r1,c2,c2,0.8925619834710744
38,41,Beginner,Beginner,r1,r1,c2,c2,0.8604651162790697
38,43,Beginner,Beginner,r1,r1,c2,c2,0.8617886178861789
38,47,Beginner,Beginner,r1,r1,c2,c2,0.7622950819672131
38,48,Beginner,Beginner,r1,r1,c2,c2,0.8490566037735849
38,50,Beginner,Beginner,r1,r1,c2,c2,0.7373737373737373
38,52,Beginner,Beginner,r1,r1,c2,c2,0.8035714285714286
39,46,Beginner,Beginner,r1,r1,c3,c3,0.7611940298507462
41,43,Beginner,Beginner,r1,r1,c2,c2,0.7441860465116279
41,47,Beginner,Beginner,r1,r1,c2,c2,0.7984496124031008
41,50,Beginner,Beginner,r1,r1,c2,c2,0.7829457364341085
43,47,Beginner,Beginner,r1,r1,c2,c2,0.7642276422764228
43,50,Beginner,Beginner,r1,r1,c2,c2,0.7398373983739838
46,9,Beginner,Beginner,r1,r1,c3,c3,0.7172413793103448
47,50,Beginner,Beginner,r1,r1,c2,c2,0.5819672131147541
47,52,Beginner,Beginner,r1,r1,c2,c2,0.7540983606557377
48,50,Beginner,Beginner,r1,r1,c2,c2,0.660377358490566
48,52,Beginner,Beginner,r1,r1,c2,c2,0.8238993710691824
50,52,Beginner,Beginner,r1,r1,c2,c2,0.7857142857142857
16,30,Beginner,Beginner,r1,r2,c1,c1,0.6884057971014492
16,37,Beginner,Beginner,r1,r2,c1,c1,0.6349206349206349
16,38,Beginner,Beginner,r1,r2,c1,c1,0.6984126984126984
16,39,Beginner,Beginner,r1,r2,c1,c1,0.6666666666666666
16,43,Beginner,Beginner,r1,r2,c1,c1,0.7063492063492064
16,50,Beginner,Beginner,r1,r2,c1,c1,0.5777777777777777
16,9,Beginner,Beginner,r1,r2,c1,c1,0.6619718309859155
24,30,Beginner,Beginner,r1,r2,c1,c1,0.782608695652174
24,37,Beginner,Beginner,r1,r2,c1,c1,0.6554621848739496
24,38,Beginner,Beginner,r1,r2,c1,c1,0.6974789915966386
24,39,Beginner,Beginner,r1,r2,c1,c1,0.6639344262295082
24,43,Beginner,Beginner,r1,r2,c1,c1,0.7355371900826446
24,47,Beginner,Beginner,r1,r2,c1,c1,0.7815126050420168
24,50,Beginner,Beginner,r1,r2,c1,c1,0.674074074074074
24,9,Beginner,Beginner,r1,r2,c1,c1,0.7112676056338029
25,16,Beginner,Beginner,r1,r2,c2,c2,0.7727272727272727
25,26,Beginner,Beginner,r1,r2,c2,c2,0.8246753246753247
25,29,Beginner,Beginner,r1,r2,c2,c2,0.8961038961038961
25,36,Beginner,Beginner,r1,r2,c2,c2,0.7142857142857143
25,46,Beginner,Beginner,r1,r2,c2,c2,0.7922077922077922
26,24,Beginner,Beginner,r1,r2,c3,c3,0.75
26,25,Beginner,Beginner,r1,r2,c3,c3,0.7125
26,27,Beginner,Beginner,r1,r2,c3,c3,0.6923076923076923
26,28,Beginner,Beginner,r1,r2,c3,c3,0.6153846153846154
26,33,Beginner,Beginner,r1,r2,c3,c3,0.7051282051282052
26,40,Beginner,Beginner,r1,r2,c3,c3,0.6858974358974359
26,41,Beginner,Beginner,r1,r2,c3,c3,0.7884615384615384
26,48,Beginner,Beginner,r1,r2,c3,c3,0.6538461538461539
26,52,Beginner,Beginner,r1,r2,c3,c3,0.7307692307692307
27,30,Beginner,Beginner,r1,r2,c1,c1,0.7533333333333333
27,39,Beginner,Beginner,r1,r2,c1,c1,0.7066666666666667
27,47,Beginner,Beginner,r1,r2,c1,c1,0.6866666666666666
28,16,Beginner,Beginner,r1,r2,c2,c2,0.5981308411214953
28,26,Beginner,Beginner,r1,r2,c2,c2,0.5944055944055944
28,29,Beginner,Beginner,r1,r2,c2,c2,0.6953125
28,36,Beginner,Beginner,r1,r2,c2,c2,0.5726495726495726
29,24,Beginner,Beginner,r1,r2,c3,c3,0.704
29,25,Beginner,Beginner,r1,r2,c3,c3,0.725
29,27,Beginner,Beginner,r1,r2,c3,c3,0.7651515151515151
29,28,Beginner,Beginner,r1,r2,c3,c3,0.7983193277310925
29,33,Beginner,Beginner,r1,r2,c3,c3,0.7372262773722628
29,40,Beginner,Beginner,r1,r2,c3,c3,0.7898550724637681
29,41,Beginner,Beginner,r1,r2,c3,c3,0.8211382113821138
29,48,Beginner,Beginner,r1,r2,c3,c3,0.7124183006535948
29,52,Beginner,Beginner,r1,r2,c3,c3,0.8235294117647058
30,24,Beginner,Beginner,r1,r2,c3,c3,0.72
30,25,Beginner,Beginner,r1,r2,c3,c3,0.74375
30,27,Beginner,Beginner,r1,r2,c3,c3,0.7424242424242424
30,28,Beginner,Beginner,r1,r2,c3,c3,0.6226415094339622
30,33,Beginner,Beginner,r1,r2,c3,c3,0.7445255474452555
30,40,Beginner,Beginner,r1,r2,c3,c3,0.717391304347826
30,48,Beginner,Beginner,r1,r2,c3,c3,0.738562091503268
30,52,Beginner,Beginner,r1,r2,c3,c3,0.7254901960784313
33,30,Beginner,Beginner,r1,r2,c1,c1,0.8466666666666667
33,37,Beginner,Beginner,r1,r2,c1,c1,0.74
33,38,Beginner,Beginner,r1,r2,c1,c1,0.8266666666666667
33,39,Beginner,Beginner,r1,r2,c1,c1,0.7266666666666667
33,43,Beginner,Beginner,r1,r2,c1,c1,0.68
33,50,Beginner,Beginner,r1,r2,c1,c1,0.8333333333333334
36,30,Beginner,Beginner,r1,r2,c1,c1,0.8840579710144928
36,37,Beginner,Beginner,r1,r2,c1,c1,0.8362068965517241
36,38,Beginner,Beginner,r1,r2,c1,c1,0.797752808988764
36,39,Beginner,Beginner,r1,r2,c1,c1,0.819672131147541
36,43,Beginner,Beginner,r1,r2,c1,c1,0.8264462809917356
36,47,Beginner,Beginner,r1,r2,c1,c1,0.8220338983050848
36,9,Beginner,Beginner,r1,r2,c1,c1,0.852112676056338
37,16,Beginner,Beginner,r1,r2,c2,c2,0.8181818181818182
37,26,Beginner,Beginner,r1,r2,c2,c2,0.7552447552447552
37,29,Beginner,Beginner,r1,r2,c2,c2,0.8671875
37,36,Beginner,Beginner,r1,r2,c2,c2,0.7933884297520661
37,46,Beginner,Beginner,r1,r2,c2,c2,0.753968253968254
38,16,Beginner,Beginner,r1,r2,c2,c2,0.7659574468085106
38,26,Beginner,Beginner,r1,r2,c2,c2,0.7902097902097902
38,29,Beginner,Beginner,r1,r2,c2,c2,0.7890625
38,36,Beginner,Beginner,r1,r2,c2,c2,0.7777777777777778
39,27,Beginner,Beginner,r1,r2,c3,c3,0.7835820895522388
39,28,Beginner,Beginner,r1,r2,c3,c3,0.7388059701492538
39,33,Beginner,Beginner,r1,r2,c3,c3,0.7956204379562044
39,40,Beginner,Beginner,r1,r2,c3,c3,0.7681159420289855
39,41,Beginner,Beginner,r1,r2,c3,c3,0.8134328358208955
39,48,Beginner,Beginner,r1,r2,c3,c3,0.7058823529411765
39,52,Beginner,Beginner,r1,r2,c3,c3,0.8582089552238806
40,30,Beginner,Beginner,r1,r2,c1,c1,0.8985507246376812
40,37,Beginner,Beginner,r1,r2,c1,c1,0.837037037037037
40,38,Beginner,Beginner,r1,r2,c1,c1,0.8518518518518519
40,43,Beginner,Beginner,r1,r2,c1,c1,0.8444444444444444
40,50,Beginner,Beginner,r1,r2,c1,c1,0.9259259259259259
40,9,Beginner,Beginner,r1,r2,c1,c1,0.8943661971830986
41,16,Beginner,Beginner,r1,r2,c2,c2,0.813953488372093
41,26,Beginner,Beginner,r1,r2,c2,c2,0.8671328671328671
41,29,Beginner,Beginner,r1,r2,c2,c2,0.8449612403100775
41,36,Beginner,Beginner,r1,r2,c2,c2,0.7674418604651163
43,26,Beginner,Beginner,r1,r2,c2,c2,0.8111888111888111
43,29,Beginner,Beginner,r1,r2,c2,c2,0.8984375
43,36,Beginner,Beginner,r1,r2,c2,c2,0.7804878048780488
43,46,Beginner,Beginner,r1,r2,c2,c2,0.8650793650793651
46,24,Beginner,Beginner,r1,r2,c3,c3,0.744
46,25,Beginner,Beginner,r1,r2,c3,c3,0.71875
46,28,Beginner,Beginner,r1,r2,c3,c3,0.7560975609756098
46,40,Beginner,Beginner,r1,r2,c3,c3,0.7101449275362319
46,48,Beginner,Beginner,r1,r2,c3,c3,0.6862745098039216
46,52,Beginner,Beginner,r1,r2,c3,c3,0.8373983739837398
47,16,Beginner,Beginner,r1,r2,c2,c2,0.6967213114754098
47,26,Beginner,Beginner,r1,r2,c2,c2,0.6293706293706294
47,29,Beginner,Beginner,r1,r2,c2,c2,0.7578125
47,36,Beginner,Beginner,r1,r2,c2,c2,0.6475409836065574
48,16,Beginner,Beginner,r1,r2,c2,c2,0.7672955974842768
48,26,Beginner,Beginner,r1,r2,c2,c2,0.7987421383647799
48,29,Beginner,Beginner,r1,r2,c2,c2,0.7924528301886793
48,36,Beginner,Beginner,r1,r2,c2,c2,0.6918238993710691
48,46,Beginner,Beginner,r1,r2,c2,c2,0.7044025157232704
50,16,Beginner,Beginner,r1,r2,c2,c2,0.6868686868686869
50,46,Beginner,Beginner,r1,r2,c2,c2,0.6587301587301587
52,29,Beginner,Beginner,r1,r2,c2,c2,0.8125
52,36,Beginner,Beginner,r1,r2,c2,c2,0.8290598290598291
52,46,Beginner,Beginner,r1,r2,c2,c2,0.8174603174603174
9,24,Beginner,Beginner,r1,r2,c3,c3,0.7310344827586207
9,27,Beginner,Beginner,r1,r2,c3,c3,0.7724137931034483
9,28,Beginner,Beginner,r1,r2,c3,c3,0.7793103448275862
9,33,Beginner,Beginner,r1,r2,c3,c3,0.7655172413793103
9,40,Beginner,Beginner,r1,r2,c3,c3,0.8068965517241379
9,41,Beginner,Beginner,r1,r2,c3,c3,0.8551724137931035
9,52,Beginner,Beginner,r1,r2,c3,c3,0.8206896551724138
16,25,Beginner,Beginner,r1,r3,c1,c1,0.6283783783783784
16,26,Beginner,Beginner,r1,r3,c1,c1,0.6917293233082706
16,28,Beginner,Beginner,r1,r3,c1,c1,0.6746031746031746
16,41,Beginner,Beginner,r1,r3,c1,c1,0.8062015503875969
16,46,Beginner,Beginner,r1,r3,c1,c1,0.7619047619047619
16,48,Beginner,Beginner,r1,r3,c1,c1,0.6690647482014388
24,25,Beginner,Beginner,r1,r3,c1,c1,0.6891891891891891
24,26,Beginner,Beginner,r1,r3,c1,c1,0.7669172932330827
24,28,Beginner,Beginner,r1,r3,c1,c1,0.7338709677419355
24,46,Beginner,Beginner,r1,r3,c1,c1,0.8347107438016529
24,48,Beginner,Beginner,r1,r3,c1,c1,0.7194244604316546
25,24,Beginner,Beginner,r1,r3,c2,c2,0.8441558441558441
25,33,Beginner,Beginner,r1,r3,c2,c2,0.8051948051948052
25,40,Beginner,Beginner,r1,r3,c2,c2,0.8701298701298701
25,9,Beginner,Beginner,r1,r3,c2,c2,0.7792207792207793
26,16,Beginner,Beginner,r1,r3,c3,c3,0.7628205128205128
26,36,Beginner,Beginner,r1,r3,c3,c3,0.7564102564102564
26,37,Beginner,Beginner,r1,r3,c3,c3,0.6794871794871795
26,47,Beginner,Beginner,r1,r3,c3,c3,0.7756410256410257
27,25,Beginner,Beginner,r1,r3,c1,c1,0.78
27,26,Beginner,Beginner,r1,r3,c1,c1,0.76
27,29,Beginner,Beginner,r1,r3,c1,c1,0.6733333333333333
27,41,Beginner,Beginner,r1,r3,c1,c1,0.8133333333333334
27,46,Beginner,Beginner,r1,r3,c1,c1,0.7866666666666666
28,24,Beginner,Beginner,r1,r3,c2,c2,0.624
28,27,Beginner,Beginner,r1,r3,c2,c2,0.556390977443609
28,33,Beginner,Beginner,r1,r3,c2,c2,0.5725806451612904
28,39,Beginner,Beginner,r1,r3,c2,c2,0.5692307692307692
28,40,Beginner,Beginner,r1,r3,c2,c2,0.6423357664233577
28,9,Beginner,Beginner,r1,r3,c2,c2,0.6119402985074627
29,16,Beginner,Beginner,r1,r3,c3,c3,0.8151260504201681
29,36,Beginner,Beginner,r1,r3,c3,c3,0.7647058823529411
29,43,Beginner,Beginner,r1,r3,c3,c3,0.8083333333333333
29,47,Beginner,Beginner,r1,r3,c3,c3,0.7563025210084033
29,50,Beginner,Beginner,r1,r3,c3,c3,0.7581699346405228
30,16,Beginner,Beginner,r1,r3,c3,c3,0.6973684210526315
30,36,Beginner,Beginner,r1,r3,c3,c3,0.7685185185185185
30,37,Beginner,Beginner,r1,r3,c3,c3,0.6696428571428571
30,43,Beginner,Beginner,r1,r3,c3,c3,0.675
30,47,Beginner,Beginner,r1,r3,c3,c3,0.7304347826086957
33,48,Beginner,Beginner,r1,r3,c1,c1,0.7466666666666667
33,52,Beginner,Beginner,r1,r3,c1,c1,0.9133333333333333
36,25,Beginner,Beginner,r1,r3,c1,c1,0.8513513513513513
36,26,Beginner,Beginner,r1,r3,c1,c1,0.8646616541353384
36,28,Beginner,Beginner,r1,r3,c1,c1,0.8387096774193549
36,29,Beginner,Beginner,r1,r3,c1,c1,0.8306451612903226
36,41,Beginner,Beginner,r1,r3,c1,c1,0.875968992248062
36,46,Beginner,Beginner,r1,r3,c1,c1,0.8677685950413223
36,48,Beginner,Beginner,r1,r3,c1,c1,0.8633093525179856
36,52,Beginner,Beginner,r1,r3,c1,c1,0.8571428571428571
37,24,Beginner,Beginner,r1,r3,c2,c2,0.856
37,27,Beginner,Beginner,r1,r3,c2,c2,0.7894736842105263
37,30,Beginner,Beginner,r1,r3,c2,c2,0.8968253968253969
37,33,Beginner,Beginner,r1,r3,c2,c2,0.7741935483870968
37,39,Beginner,Beginner,r1,r3,c2,c2,0.8538461538461538
37,40,Beginner,Beginner,r1,r3,c2,c2,0.7591240875912408
37,9,Beginner,Beginner,r1,r3,c2,c2,0.8283582089552238
38,24,Beginner,Beginner,r1,r3,c2,c2,0.784
38,27,Beginner,Beginner,r1,r3,c2,c2,0.7593984962406015
38,33,Beginner,Beginner,r1,r3,c2,c2,0.782258064516129
38,39,Beginner,Beginner,r1,r3,c2,c2,0.8153846153846154
38,9,Beginner,Beginner,r1,r3,c2,c2,0.8059701492537313
39,16,Beginner,Beginner,r1,r3,c3,c3,0.7910447761194029
39,36,Beginner,Beginner,r1,r3,c3,c3,0.746268656716418
39,38,Beginner,Beginner,r1,r3,c3,c3,0.7761194029850746
39,43,Beginner,Beginner,r1,r3,c3,c3,0.7164179104477612
39,47,Beginner,Beginner,r1,r3,c3,c3,0.8208955223880597
39,50,Beginner,Beginner,r1,r3,c3,c3,0.7908496732026143
40,25,Beginner,Beginner,r1,r3,c1,c1,0.8986486486486487
40,26,Beginner,Beginner,r1,r3,c1,c1,0.8962962962962963
40,28,Beginner,Beginner,r1,r3,c1,c1,0.8888888888888888
40,29,Beginner,Beginner,r1,r3,c1,c1,0.9407407407407408
40,46,Beginner,Beginner,r1,r3,c1,c1,0.9185185185185185
40,48,Beginner,Beginner,r1,r3,c1,c1,0.9712230215827338
40,52,Beginner,Beginner,r1,r3,c1,c1,0.9111111111111111
41,27,Beginner,Beginner,r1,r3,c2,c2,0.8947368421052632
41,30,Beginner,Beginner,r1,r3,c2,c2,0.9069767441860465
41,39,Beginner,Beginner,r1,r3,c2,c2,0.9
41,40,Beginner,Beginner,r1,r3,c2,c2,0.8540145985401459
41,9,Beginner,Beginner,r1,r3,c2,c2,0.917910447761194
43,24,Beginner,Beginner,r1,r3,c2,c2,0.88
43,27,Beginner,Beginner,r1,r3,c2,c2,0.8120300751879699
43,33,Beginner,Beginner,r1,r3,c2,c2,0.8709677419354839
43,39,Beginner,Beginner,r1,r3,c2,c2,0.8076923076923077
43,40,Beginner,Beginner,r1,r3,c2,c2,0.8467153284671532
46,50,Beginner,Beginner,r1,r3,c3,c3,0.7450980392156863
47,24,Beginner,Beginner,r1,r3,c2,c2,0.696
47,27,Beginner,Beginner,r1,r3,c2,c2,0.6766917293233082
47,30,Beginner,Beginner,r1,r3,c2,c2,0.7222222222222222
47,33,Beginner,Beginner,r1,r3,c2,c2,0.7016129032258065
47,40,Beginner,Beginner,r1,r3,c2,c2,0.6715328467153284
48,27,Beginner,Beginner,r1,r3,c2,c2,0.8113207547169812
48,30,Beginner,Beginner,r1,r3,c2,c2,0.8301886792452831
48,39,Beginner,Beginner,r1,r3,c2,c2,0.7547169811320755
48,9,Beginner,Beginner,r1,r3,c2,c2,0.8050314465408805
50,24,Beginner,Beginner,r1,r3,c2,c2,0.648
50,27,Beginner,Beginner,r1,r3,c2,c2,0.6090225563909775
50,30,Beginner,Beginner,r1,r3,c2,c2,0.6031746031746031
50,39,Beginner,Beginner,r1,r3,c2,c2,0.6
50,9,Beginner,Beginner,r1,r3,c2,c2,0.6343283582089553
52,24,Beginner,Beginner,r1,r3,c2,c2,0.808
52,27,Beginner,Beginner,r1,r3,c2,c2,0.706766917293233
52,39,Beginner,Beginner,r1,r3,c2,c2,0.7538461538461538
52,40,Beginner,Beginner,r1,r3,c2,c2,0.8248175182481752
52,9,Beginner,Beginner,r1,r3,c2,c2,0.7313432835820896
9,38,Beginner,Beginner,r1,r3,c3,c3,0.7241379310344828
9,43,Beginner,Beginner,r1,r3,c3,c3,0.7379310344827587
9,47,Beginner,Beginner,r1,r3,c3,c3,0.8344827586206897
9,50,Beginner,Beginner,r1,r3,c3,c3,0.8562091503267973
16,26,Beginner,Beginner,r2,r2,c2,c2,0.5804195804195804
16,29,Beginner,Beginner,r2,r2,c2,c2,0.6796875
24,25,Beginner,Beginner,r2,r2,c3,c3,0.59375
24,27,Beginner,Beginner,r2,r2,c3,c3,0.6590909090909091
24,28,Beginner,Beginner,r2,r2,c3,c3,0.712
24,33,Beginner,Beginner,r2,r2,c3,c3,0.6496350364963503
24,40,Beginner,Beginner,r2,r2,c3,c3,0.5797101449275363
24,52,Beginner,Beginner,r2,r2,c3,c3,0.816
25,27,Beginner,Beginner,r2,r2,c3,c3,0.64375
25,28,Beginner,Beginner,r2,r2,c3,c3,0.69375
25,33,Beginner,Beginner,r2,r2,c3,c3,0.65625
25,41,Beginner,Beginner,r2,r2,c3,c3,0.7375
25,48,Beginner,Beginner,r2,r2,c3,c3,0.65
26,29,Beginner,Beginner,r2,r2,c2,c2,0.7062937062937062
27,28,Beginner,Beginner,r2,r2,c3,c3,0.5909090909090909
27,33,Beginner,Beginner,r2,r2,c3,c3,0.7226277372262774
27,41,Beginner,Beginner,r2,r2,c3,c3,0.7121212121212122
27,48,Beginner,Beginner,r2,r2,c3,c3,0.6601307189542484
27,52,Beginner,Beginner,r2,r2,c3,c3,0.6742424242424242
28,33,Beginner,Beginner,r2,r2,c3,c3,0.635036496350365
28,40,Beginner,Beginner,r2,r2,c3,c3,0.6159420289855072
28,41,Beginner,Beginner,r2,r2,c3,c3,0.6991869918699187
28,48,Beginner,Beginner,r2,r2,c3,c3,0.5751633986928104
29,36,Beginner,Beginner,r2,r2,c2,c2,0.78125
29,46,Beginner,Beginner,r2,r2,c2,c2,0.7421875
30,37,Beginner,Beginner,r2,r2,c1,c1,0.6739130434782609
30,38,Beginner,Beginner,r2,r2,c1,c1,0.7028985507246377
30,39,Beginner,Beginner,r2,r2,c1,c1,0.644927536231884
30,43,Beginner,Beginner,r2,r2,c1,c1,0.7246376811594203
30,50,Beginner,Beginner,r2,r2,c1,c1,0.5942028985507246
30,9,Beginner,Beginner,r2,r2,c1,c1,0.7323943661971831
36,46,Beginner,Beginner,r2,r2,c2,c2,0.5793650793650794
37,38,Beginner,Beginner,r2,r2,c1,c1,0.6293103448275862
37,39,Beginner,Beginner,r2,r2,c1,c1,0.5327868852459017
37,43,Beginner,Beginner,r2,r2,c1,c1,0.5867768595041323
37,47,Beginner,Beginner,r2,r2,c1,c1,0.6694915254237288
37,50,Beginner,Beginner,r2,r2,c1,c1,0.5555555555555556
37,9,Beginner,Beginner,r2,r2,c1,c1,0.6338028169014085
38,39,Beginner,Beginner,r2,r2,c1,c1,0.6229508196721312
38,43,Beginner,Beginner,r2,r2,c1,c1,0.6033057851239669
38,47,Beginner,Beginner,r2,r2,c1,c1,0.635593220338983
38,50,Beginner,Beginner,r2,r2,c1,c1,0.6592592592592592
38,9,Beginner,Beginner,r2,r2,c1,c1,0.676056338028169
39,43,Beginner,Beginner,r2,r2,c1,c1,0.680327868852459
39,47,Beginner,Beginner,r2,r2,c1,c1,0.6147540983606558
39,50,Beginner,Beginner,r2,r2,c1,c1,0.5925925925925926
40,41,Beginner,Beginner,r2,r2,c3,c3,0.8188405797101449
40,48,Beginner,Beginner,r2,r2,c3,c3,0.5947712418300654
41,52,Beginner,Beginner,r2,r2,c3,c3,0.6341463414634146
43,47,Beginner,Beginner,r2,r2,c1,c1,0.628099173553719
43,9,Beginner,Beginner,r2,r2,c1,c1,0.6267605633802817
47,50,Beginner,Beginner,r2,r2,c1,c1,0.6518518518518519
47,9,Beginner,Beginner,r2,r2,c1,c1,0.6830985915492958
50,9,Beginner,Beginner,r2,r2,c1,c1,0.6690140845070423
16,24,Beginner,Beginner,r2,r3,c2,c2,0.752
16,27,Beginner,Beginner,r2,r3,c2,c2,0.6616541353383458
16,30,Beginner,Beginner,r2,r3,c2,c2,0.6190476190476191
16,33,Beginner,Beginner,r2,r3,c2,c2,0.6370967741935484
16,40,Beginner,Beginner,r2,r3,c2,c2,0.656934306569343
16,9,Beginner,Beginner,r2,r3,c2,c2,0.6567164179104478
24,16,Beginner,Beginner,r2,r3,c3,c3,0.736
24,37,Beginner,Beginner,r2,r3,c3,c3,0.64
25,37,Beginner,Beginner,r2,r3,c3,c3,0.6625
25,43,Beginner,Beginner,r2,r3,c3,c3,0.6125
25,47,Beginner,Beginner,r2,r3,c3,c3,0.7625
25,50,Beginner,Beginner,r2,r3,c3,c3,0.76875
26,24,Beginner,Beginner,r2,r3,c2,c2,0.6573426573426573
26,27,Beginner,Beginner,r2,r3,c2,c2,0.6363636363636364
26,30,Beginner,Beginner,r2,r3,c2,c2,0.6223776223776224
26,33,Beginner,Beginner,r2,r3,c2,c2,0.5314685314685315
27,16,Beginner,Beginner,r2,r3,c3,c3,0.6818181818181818
27,37,Beginner,Beginner,r2,r3,c3,c3,0.6287878787878788
27,38,Beginner,Beginner,r2,r3,c3,c3,0.7045454545454546
27,43,Beginner,Beginner,r2,r3,c3,c3,0.6060606060606061
27,47,Beginner,Beginner,r2,r3,c3,c3,0.7575757575757576
27,50,Beginner,Beginner,r2,r3,c3,c3,0.673202614379085
28,16,Beginner,Beginner,r2,r3,c3,c3,0.6792452830188679
28,36,Beginner,Beginner,r2,r3,c3,c3,0.8425925925925926
28,37,Beginner,Beginner,r2,r3,c3,c3,0.5535714285714286
28,38,Beginner,Beginner,r2,r3,c3,c3,0.6320754716981132
28,50,Beginner,Beginner,r2,r3,c3,c3,0.6078431372549019
29,24,Beginner,Beginner,r2,r3,c2,c2,0.796875
29,27,Beginner,Beginner,r2,r3,c2,c2,0.7368421052631579
29,30,Beginner,Beginner,r2,r3,c2,c2,0.6875
29,39,Beginner,Beginner,r2,r3,c2,c2,0.6692307692307692
29,40,Beginner,Beginner,r2,r3,c2,c2,0.7153284671532847
30,25,Beginner,Beginner,r2,r3,c1,c1,0.722972972972973
30,28,Beginner,Beginner,r2,r3,c1,c1,0.6521739130434783
30,29,Beginner,Beginner,r2,r3,c1,c1,0.6304347826086957
30,48,Beginner,Beginner,r2,r3,c1,c1,0.6546762589928058
33,36,Beginner,Beginner,r2,r3,c3,c3,0.7737226277372263
33,38,Beginner,Beginner,r2,r3,c3,c3,0.6058394160583942
33,43,Beginner,Beginner,r2,r3,c3,c3,0.5985401459854015
36,27,Beginner,Beginner,r2,r3,c2,c2,0.5714285714285714
36,33,Beginner,Beginner,r2,r3,c2,c2,0.5645161290322581
36,40,Beginner,Beginner,r2,r3,c2,c2,0.6277372262773723
36,9,Beginner,Beginner,r2,r3,c2,c2,0.5970149253731343
37,25,Beginner,Beginner,r2,r3,c1,c1,0.6216216216216216
37,26,Beginner,Beginner,r2,r3,c1,c1,0.6992481203007519
37,29,Beginner,Beginner,r2,r3,c1,c1,0.6935483870967742
37,46,Beginner,Beginner,r2,r3,c1,c1,0.6942148760330579
37,48,Beginner,Beginner,r2,r3,c1,c1,0.6330935251798561
37,52,Beginner,Beginner,r2,r3,c1,c1,0.7936507936507936
38,25,Beginner,Beginner,r2,r3,c1,c1,0.6486486486486487
38,26,Beginner,Beginner,r2,r3,c1,c1,0.7293233082706767
38,29,Beginner,Beginner,r2,r3,c1,c1,0.7258064516129032
38,41,Beginner,Beginner,r2,r3,c1,c1,0.689922480620155
38,46,Beginner,Beginner,r2,r3,c1,c1,0.71900826446281
38,48,Beginner,Beginner,r2,r3,c1,c1,0.6834532374100719
39,25,Beginner,Beginner,r2,r3,c1,c1,0.581081081081081
39,26,Beginner,Beginner,r2,r3,c1,c1,0.6390977443609023
39,29,Beginner,Beginner,r2,r3,c1,c1,0.6774193548387096
39,48,Beginner,Beginner,r2,r3,c1,c1,0.6187050359712231
39,52,Beginner,Beginner,r2,r3,c1,c1,0.8015873015873016
40,37,Beginner,Beginner,r2,r3,c3,c3,0.5869565217391305
40,43,Beginner,Beginner,r2,r3,c3,c3,0.6086956521739131
40,47,Beginner,Beginner,r2,r3,c3,c3,0.8478260869565217
41,16,Beginner,Beginner,r2,r3,c3,c3,0.6747967479674797
41,36,Beginner,Beginner,r2,r3,c3,c3,0.8292682926829268
41,47,Beginner,Beginner,r2,r3,c3,c3,0.6016260162601627
41,50,Beginner,Beginner,r2,r3,c3,c3,0.6993464052287581
43,25,Beginner,Beginner,r2,r3,c1,c1,0.6418918918918919
43,41,Beginner,Beginner,r2,r3,c1,c1,0.7209302325581395
43,46,Beginner,Beginner,r2,r3,c1,c1,0.7851239669421488
43,48,Beginner,Beginner,r2,r3,c1,c1,0.6474820143884892
43,52,Beginner,Beginner,r2,r3,c1,c1,0.8095238095238095
46,27,Beginner,Beginner,r2,r3,c2,c2,0.6165413533834586
46,30,Beginner,Beginner,r2,r3,c2,c2,0.746031746031746
46,33,Beginner,Beginner,r2,r3,c2,c2,0.6428571428571429
46,39,Beginner,Beginner,r2,r3,c2,c2,0.6846153846153846
46,9,Beginner,Beginner,r2,r3,c2,c2,0.6716417910447762
47,25,Beginner,Beginner,r2,r3,c1,c1,0.6824324324324325
47,26,Beginner,Beginner,r2,r3,c1,c1,0.6691729323308271
47,29,Beginner,Beginner,r2,r3,c1,c1,0.7419354838709677
47,41,Beginner,Beginner,r2,r3,c1,c1,0.7906976744186046
47,46,Beginner,Beginner,r2,r3,c1,c1,0.7768595041322314
48,16,Beginner,Beginner,r2,r3,c3,c3,0.7516339869281046
48,37,Beginner,Beginner,r2,r3,c3,c3,0.5816993464052288
48,38,Beginner,Beginner,r2,r3,c3,c3,0.6405228758169934
50,25,Beginner,Beginner,r2,r3,c1,c1,0.6554054054054054
50,26,Beginner,Beginner,r2,r3,c1,c1,0.6814814814814815
50,28,Beginner,Beginner,r2,r3,c1,c1,0.5851851851851851
50,41,Beginner,Beginner,r2,r3,c1,c1,0.725925925925926
50,46,Beginner,Beginner,r2,r3,c1,c1,0.7111111111111111
50,48,Beginner,Beginner,r2,r3,c1,c1,0.5611510791366906
50,52,Beginner,Beginner,r2,r3,c1,c1,0.7185185185185186
52,37,Beginner,Beginner,r2,r3,c3,c3,0.7946428571428571
52,38,Beginner,Beginner,r2,r3,c3,c3,0.6826923076923077
52,47,Beginner,Beginner,r2,r3,c3,c3,0.5652173913043478
52,50,Beginner,Beginner,r2,r3,c3,c3,0.6928104575163399
9,25,Beginner,Beginner,r2,r3,c1,c1,0.7162162162162162
9,26,Beginner,Beginner,r2,r3,c1,c1,0.6408450704225352
9,28,Beginner,Beginner,r2,r3,c1,c1,0.704225352112676
9,41,Beginner,Beginner,r2,r3,c1,c1,0.7746478873239436
9,52,Beginner,Beginner,r2,r3,c1,c1,0.7816901408450704
16,36,Beginner,Beginner,r3,r3,c3,c3,0.7962962962962963
16,37,Beginner,Beginner,r3,r3,c3,c3,0.7053571428571429
16,43,Beginner,Beginner,r3,r3,c3,c3,0.7083333333333334
16,47,Beginner,Beginner,r3,r3,c3,c3,0.7217391304347827
24,33,Beginner,Beginner,r3,r3,c2,c2,0.616
24,39,Beginner,Beginner,r3,r3,c2,c2,0.676923076923077
24,40,Beginner,Beginner,r3,r3,c2,c2,0.6861313868613139
25,28,Beginner,Beginner,r3,r3,c1,c1,0.668918918918919
25,41,Beginner,Beginner,r3,r3,c1,c1,0.7905405405405406
25,46,Beginner,Beginner,r3,r3,c1,c1,0.6621621621621622
25,48,Beginner,Beginner,r3,r3,c1,c1,0.6351351351351351
25,52,Beginner,Beginner,r3,r3,c1,c1,0.6959459459459459
26,46,Beginner,Beginner,r3,r3,c1,c1,0.7443609022556391
26,48,Beginner,Beginner,r3,r3,c1,c1,0.5971223021582733
27,33,Beginner,Beginner,r3,r3,c2,c2,0.5864661654135338
28,41,Beginner,Beginner,r3,r3,c1,c1,0.7364341085271318
28,48,Beginner,Beginner,r3,r3,c1,c1,0.60431654676259
29,46,Beginner,Beginner,r3,r3,c1,c1,0.6612903225806451
30,33,Beginner,Beginner,r3,r3,c2,c2,0.626984126984127
30,39,Beginner,Beginner,r3,r3,c2,c2,0.5461538461538461
30,40,Beginner,Beginner,r3,r3,c2,c2,0.6788321167883211
33,40,Beginner,Beginner,r3,r3,c2,c2,0.5182481751824818
33,9,Beginner,Beginner,r3,r3,c2,c2,0.6417910447761194
36,37,Beginner,Beginner,r3,r3,c3,c3,0.7767857142857143
36,43,Beginner,Beginner,r3,r3,c3,c3,0.7583333333333333
36,47,Beginner,Beginner,r3,r3,c3,c3,0.8260869565217391
36,50,Beginner,Beginner,r3,r3,c3,c3,0.7712418300653595
37,38,Beginner,Beginner,r3,r3,c3,c3,0.625
37,47,Beginner,Beginner,r3,r3,c3,c3,0.8173913043478261
37,50,Beginner,Beginner,r3,r3,c3,c3,0.6339869281045751
38,47,Beginner,Beginner,r3,r3,c3,c3,0.7043478260869566
39,40,Beginner,Beginner,r3,r3,c2,c2,0.6934306569343066
41,48,Beginner,Beginner,r3,r3,c1,c1,0.7985611510791367
43,47,Beginner,Beginner,r3,r3,c3,c3,0.775
46,48,Beginner,Beginner,r3,r3,c1,c1,0.6618705035971223
48,52,Beginner,Beginner,r3,r3,c1,c1,0.7338129496402878
