exp_a,exp_b,expertise_a,expertise_b,render_a,render_b,code_a,code_b,score,source_file
16,24,Beginner,Beginner,r1,r1,c1,c1,0.7380952380952381,Beginner_result.csv
16,27,Beginner,Beginner,r1,r1,c1,c1,0.7,Beginner_result.csv
16,33,Beginner,Beginner,r1,r1,c1,c1,0.7933333333333333,Beginner_result.csv
16,36,Beginner,Beginner,r1,r1,c1,c1,0.8412698412698413,Beginner_result.csv
16,40,Beginner,Beginner,r1,r1,c1,c1,0.9037037037037036,Beginner_result.csv
24,27,Beginner,Beginner,r1,r1,c1,c1,0.7133333333333334,Beginner_result.csv
24,33,Beginner,Beginner,r1,r1,c1,c1,0.7333333333333333,Beginner_result.csv
24,36,Beginner,Beginner,r1,r1,c1,c1,0.8067226890756303,Beginner_result.csv
24,40,Beginner,Beginner,r1,r1,c1,c1,0.8074074074074075,Beginner_result.csv
25,28,Beginner,Beginner,r1,r1,c2,c2,0.7012987012987013,Beginner_result.csv
25,37,Beginner,Beginner,r1,r1,c2,c2,0.6948051948051948,Beginner_result.csv
25,38,Beginner,Beginner,r1,r1,c2,c2,0.8376623376623377,Beginner_result.csv
25,41,Beginner,Beginner,r1,r1,c2,c2,0.7272727272727273,Beginner_result.csv
25,43,Beginner,Beginner,r1,r1,c2,c2,0.6168831168831169,Beginner_result.csv
25,47,Beginner,Beginner,r1,r1,c2,c2,0.6883116883116883,Beginner_result.csv
25,48,Beginner,Beginner,r1,r1,c2,c2,0.7484276729559748,Beginner_result.csv
25,52,Beginner,Beginner,r1,r1,c2,c2,0.7662337662337663,Beginner_result.csv
26,29,Beginner,Beginner,r1,r1,c3,c3,0.6602564102564102,Beginner_result.csv
26,30,Beginner,Beginner,r1,r1,c3,c3,0.782051282051282,Beginner_result.csv
26,39,Beginner,Beginner,r1,r1,c3,c3,0.6987179487179487,Beginner_result.csv
26,46,Beginner,Beginner,r1,r1,c3,c3,0.7243589743589743,Beginner_result.csv
26,9,Beginner,Beginner,r1,r1,c3,c3,0.7435897435897436,Beginner_result.csv
27,33,Beginner,Beginner,r1,r1,c1,c1,0.82,Beginner_result.csv
27,36,Beginner,Beginner,r1,r1,c1,c1,0.8666666666666667,Beginner_result.csv
27,40,Beginner,Beginner,r1,r1,c1,c1,0.8066666666666666,Beginner_result.csv
28,37,Beginner,Beginner,r1,r1,c2,c2,0.743801652892562,Beginner_result.csv
28,38,Beginner,Beginner,r1,r1,c2,c2,0.7570093457943925,Beginner_result.csv
28,41,Beginner,Beginner,r1,r1,c2,c2,0.8217054263565892,Beginner_result.csv
28,43,Beginner,Beginner,r1,r1,c2,c2,0.7723577235772358,Beginner_result.csv
28,47,Beginner,Beginner,r1,r1,c2,c2,0.5983606557377049,Beginner_result.csv
28,48,Beginner,Beginner,r1,r1,c2,c2,0.710691823899371,Beginner_result.csv
28,50,Beginner,Beginner,r1,r1,c2,c2,0.5700934579439252,Beginner_result.csv
28,52,Beginner,Beginner,r1,r1,c2,c2,0.7410714285714286,Beginner_result.csv
29,30,Beginner,Beginner,r1,r1,c3,c3,0.773109243697479,Beginner_result.csv
29,39,Beginner,Beginner,r1,r1,c3,c3,0.7014925373134329,Beginner_result.csv
29,46,Beginner,Beginner,r1,r1,c3,c3,0.7235772357723578,Beginner_result.csv
29,9,Beginner,Beginner,r1,r1,c3,c3,0.7448275862068966,Beginner_result.csv
30,39,Beginner,Beginner,r1,r1,c3,c3,0.753731343283582,Beginner_result.csv
30,46,Beginner,Beginner,r1,r1,c3,c3,0.7154471544715447,Beginner_result.csv
30,9,Beginner,Beginner,r1,r1,c3,c3,0.7517241379310344,Beginner_result.csv
33,36,Beginner,Beginner,r1,r1,c1,c1,0.8733333333333333,Beginner_result.csv
36,40,Beginner,Beginner,r1,r1,c1,c1,0.8740740740740741,Beginner_result.csv
37,38,Beginner,Beginner,r1,r1,c2,c2,0.8099173553719008,Beginner_result.csv
37,41,Beginner,Beginner,r1,r1,c2,c2,0.7596899224806202,Beginner_result.csv
37,43,Beginner,Beginner,r1,r1,c2,c2,0.7967479674796748,Beginner_result.csv
37,47,Beginner,Beginner,r1,r1,c2,c2,0.7295081967213115,Beginner_result.csv
37,48,Beginner,Beginner,r1,r1,c2,c2,0.6981132075471698,Beginner_result.csv
37,52,Beginner,Beginner,r1,r1,c2,c2,0.8925619834710744,Beginner_result.csv
38,41,Beginner,Beginner,r1,r1,c2,c2,0.8604651162790697,Beginner_result.csv
38,43,Beginner,Beginner,r1,r1,c2,c2,0.8617886178861789,Beginner_result.csv
38,47,Beginner,Beginner,r1,r1,c2,c2,0.7622950819672131,Beginner_result.csv
38,48,Beginner,Beginner,r1,r1,c2,c2,0.8490566037735849,Beginner_result.csv
38,50,Beginner,Beginner,r1,r1,c2,c2,0.7373737373737373,Beginner_result.csv
38,52,Beginner,Beginner,r1,r1,c2,c2,0.8035714285714286,Beginner_result.csv
39,46,Beginner,Beginner,r1,r1,c3,c3,0.7611940298507462,Beginner_result.csv
41,43,Beginner,Beginner,r1,r1,c2,c2,0.7441860465116279,Beginner_result.csv
41,47,Beginner,Beginner,r1,r1,c2,c2,0.7984496124031008,Beginner_result.csv
41,50,Beginner,Beginner,r1,r1,c2,c2,0.7829457364341085,Beginner_result.csv
43,47,Beginner,Beginner,r1,r1,c2,c2,0.7642276422764228,Beginner_result.csv
43,50,Beginner,Beginner,r1,r1,c2,c2,0.7398373983739838,Beginner_result.csv
46,9,Beginner,Beginner,r1,r1,c3,c3,0.7172413793103448,Beginner_result.csv
47,50,Beginner,Beginner,r1,r1,c2,c2,0.5819672131147541,Beginner_result.csv
47,52,Beginner,Beginner,r1,r1,c2,c2,0.7540983606557377,Beginner_result.csv
48,50,Beginner,Beginner,r1,r1,c2,c2,0.660377358490566,Beginner_result.csv
48,52,Beginner,Beginner,r1,r1,c2,c2,0.8238993710691824,Beginner_result.csv
50,52,Beginner,Beginner,r1,r1,c2,c2,0.7857142857142857,Beginner_result.csv
16,30,Beginner,Beginner,r1,r2,c1,c1,0.6884057971014492,Beginner_result.csv
16,37,Beginner,Beginner,r1,r2,c1,c1,0.6349206349206349,Beginner_result.csv
16,38,Beginner,Beginner,r1,r2,c1,c1,0.6984126984126984,Beginner_result.csv
16,39,Beginner,Beginner,r1,r2,c1,c1,0.6666666666666666,Beginner_result.csv
16,43,Beginner,Beginner,r1,r2,c1,c1,0.7063492063492064,Beginner_result.csv
16,50,Beginner,Beginner,r1,r2,c1,c1,0.5777777777777777,Beginner_result.csv
16,9,Beginner,Beginner,r1,r2,c1,c1,0.6619718309859155,Beginner_result.csv
24,30,Beginner,Beginner,r1,r2,c1,c1,0.782608695652174,Beginner_result.csv
24,37,Beginner,Beginner,r1,r2,c1,c1,0.6554621848739496,Beginner_result.csv
24,38,Beginner,Beginner,r1,r2,c1,c1,0.6974789915966386,Beginner_result.csv
24,39,Beginner,Beginner,r1,r2,c1,c1,0.6639344262295082,Beginner_result.csv
24,43,Beginner,Beginner,r1,r2,c1,c1,0.7355371900826446,Beginner_result.csv
24,47,Beginner,Beginner,r1,r2,c1,c1,0.7815126050420168,Beginner_result.csv
24,50,Beginner,Beginner,r1,r2,c1,c1,0.674074074074074,Beginner_result.csv
24,9,Beginner,Beginner,r1,r2,c1,c1,0.7112676056338029,Beginner_result.csv
25,16,Beginner,Beginner,r1,r2,c2,c2,0.7727272727272727,Beginner_result.csv
25,26,Beginner,Beginner,r1,r2,c2,c2,0.8246753246753247,Beginner_result.csv
25,29,Beginner,Beginner,r1,r2,c2,c2,0.8961038961038961,Beginner_result.csv
25,36,Beginner,Beginner,r1,r2,c2,c2,0.7142857142857143,Beginner_result.csv
25,46,Beginner,Beginner,r1,r2,c2,c2,0.7922077922077922,Beginner_result.csv
26,24,Beginner,Beginner,r1,r2,c3,c3,0.75,Beginner_result.csv
26,25,Beginner,Beginner,r1,r2,c3,c3,0.7125,Beginner_result.csv
26,27,Beginner,Beginner,r1,r2,c3,c3,0.6923076923076923,Beginner_result.csv
26,28,Beginner,Beginner,r1,r2,c3,c3,0.6153846153846154,Beginner_result.csv
26,33,Beginner,Beginner,r1,r2,c3,c3,0.7051282051282052,Beginner_result.csv
26,40,Beginner,Beginner,r1,r2,c3,c3,0.6858974358974359,Beginner_result.csv
26,41,Beginner,Beginner,r1,r2,c3,c3,0.7884615384615384,Beginner_result.csv
26,48,Beginner,Beginner,r1,r2,c3,c3,0.6538461538461539,Beginner_result.csv
26,52,Beginner,Beginner,r1,r2,c3,c3,0.7307692307692307,Beginner_result.csv
27,30,Beginner,Beginner,r1,r2,c1,c1,0.7533333333333333,Beginner_result.csv
27,39,Beginner,Beginner,r1,r2,c1,c1,0.7066666666666667,Beginner_result.csv
27,47,Beginner,Beginner,r1,r2,c1,c1,0.6866666666666666,Beginner_result.csv
28,16,Beginner,Beginner,r1,r2,c2,c2,0.5981308411214953,Beginner_result.csv
28,26,Beginner,Beginner,r1,r2,c2,c2,0.5944055944055944,Beginner_result.csv
28,29,Beginner,Beginner,r1,r2,c2,c2,0.6953125,Beginner_result.csv
28,36,Beginner,Beginner,r1,r2,c2,c2,0.5726495726495726,Beginner_result.csv
29,24,Beginner,Beginner,r1,r2,c3,c3,0.704,Beginner_result.csv
29,25,Beginner,Beginner,r1,r2,c3,c3,0.725,Beginner_result.csv
29,27,Beginner,Beginner,r1,r2,c3,c3,0.7651515151515151,Beginner_result.csv
29,28,Beginner,Beginner,r1,r2,c3,c3,0.7983193277310925,Beginner_result.csv
29,33,Beginner,Beginner,r1,r2,c3,c3,0.7372262773722628,Beginner_result.csv
29,40,Beginner,Beginner,r1,r2,c3,c3,0.7898550724637681,Beginner_result.csv
29,41,Beginner,Beginner,r1,r2,c3,c3,0.8211382113821138,Beginner_result.csv
29,48,Beginner,Beginner,r1,r2,c3,c3,0.7124183006535948,Beginner_result.csv
29,52,Beginner,Beginner,r1,r2,c3,c3,0.8235294117647058,Beginner_result.csv
30,24,Beginner,Beginner,r1,r2,c3,c3,0.72,Beginner_result.csv
30,25,Beginner,Beginner,r1,r2,c3,c3,0.74375,Beginner_result.csv
30,27,Beginner,Beginner,r1,r2,c3,c3,0.7424242424242424,Beginner_result.csv
30,28,Beginner,Beginner,r1,r2,c3,c3,0.6226415094339622,Beginner_result.csv
30,33,Beginner,Beginner,r1,r2,c3,c3,0.7445255474452555,Beginner_result.csv
30,40,Beginner,Beginner,r1,r2,c3,c3,0.717391304347826,Beginner_result.csv
30,48,Beginner,Beginner,r1,r2,c3,c3,0.738562091503268,Beginner_result.csv
30,52,Beginner,Beginner,r1,r2,c3,c3,0.7254901960784313,Beginner_result.csv
33,30,Beginner,Beginner,r1,r2,c1,c1,0.8466666666666667,Beginner_result.csv
33,37,Beginner,Beginner,r1,r2,c1,c1,0.74,Beginner_result.csv
33,38,Beginner,Beginner,r1,r2,c1,c1,0.8266666666666667,Beginner_result.csv
33,39,Beginner,Beginner,r1,r2,c1,c1,0.7266666666666667,Beginner_result.csv
33,43,Beginner,Beginner,r1,r2,c1,c1,0.68,Beginner_result.csv
33,50,Beginner,Beginner,r1,r2,c1,c1,0.8333333333333334,Beginner_result.csv
36,30,Beginner,Beginner,r1,r2,c1,c1,0.8840579710144928,Beginner_result.csv
36,37,Beginner,Beginner,r1,r2,c1,c1,0.8362068965517241,Beginner_result.csv
36,38,Beginner,Beginner,r1,r2,c1,c1,0.797752808988764,Beginner_result.csv
36,39,Beginner,Beginner,r1,r2,c1,c1,0.819672131147541,Beginner_result.csv
36,43,Beginner,Beginner,r1,r2,c1,c1,0.8264462809917356,Beginner_result.csv
36,47,Beginner,Beginner,r1,r2,c1,c1,0.8220338983050848,Beginner_result.csv
36,9,Beginner,Beginner,r1,r2,c1,c1,0.852112676056338,Beginner_result.csv
37,16,Beginner,Beginner,r1,r2,c2,c2,0.8181818181818182,Beginner_result.csv
37,26,Beginner,Beginner,r1,r2,c2,c2,0.7552447552447552,Beginner_result.csv
37,29,Beginner,Beginner,r1,r2,c2,c2,0.8671875,Beginner_result.csv
37,36,Beginner,Beginner,r1,r2,c2,c2,0.7933884297520661,Beginner_result.csv
37,46,Beginner,Beginner,r1,r2,c2,c2,0.753968253968254,Beginner_result.csv
38,16,Beginner,Beginner,r1,r2,c2,c2,0.7659574468085106,Beginner_result.csv
38,26,Beginner,Beginner,r1,r2,c2,c2,0.7902097902097902,Beginner_result.csv
38,29,Beginner,Beginner,r1,r2,c2,c2,0.7890625,Beginner_result.csv
38,36,Beginner,Beginner,r1,r2,c2,c2,0.7777777777777778,Beginner_result.csv
39,27,Beginner,Beginner,r1,r2,c3,c3,0.7835820895522388,Beginner_result.csv
39,28,Beginner,Beginner,r1,r2,c3,c3,0.7388059701492538,Beginner_result.csv
39,33,Beginner,Beginner,r1,r2,c3,c3,0.7956204379562044,Beginner_result.csv
39,40,Beginner,Beginner,r1,r2,c3,c3,0.7681159420289855,Beginner_result.csv
39,41,Beginner,Beginner,r1,r2,c3,c3,0.8134328358208955,Beginner_result.csv
39,48,Beginner,Beginner,r1,r2,c3,c3,0.7058823529411765,Beginner_result.csv
39,52,Beginner,Beginner,r1,r2,c3,c3,0.8582089552238806,Beginner_result.csv
40,30,Beginner,Beginner,r1,r2,c1,c1,0.8985507246376812,Beginner_result.csv
40,37,Beginner,Beginner,r1,r2,c1,c1,0.837037037037037,Beginner_result.csv
40,38,Beginner,Beginner,r1,r2,c1,c1,0.8518518518518519,Beginner_result.csv
40,43,Beginner,Beginner,r1,r2,c1,c1,0.8444444444444444,Beginner_result.csv
40,50,Beginner,Beginner,r1,r2,c1,c1,0.925925925925926,Beginner_result.csv
40,9,Beginner,Beginner,r1,r2,c1,c1,0.8943661971830986,Beginner_result.csv
41,16,Beginner,Beginner,r1,r2,c2,c2,0.813953488372093,Beginner_result.csv
41,26,Beginner,Beginner,r1,r2,c2,c2,0.8671328671328671,Beginner_result.csv
41,29,Beginner,Beginner,r1,r2,c2,c2,0.8449612403100775,Beginner_result.csv
41,36,Beginner,Beginner,r1,r2,c2,c2,0.7674418604651163,Beginner_result.csv
43,26,Beginner,Beginner,r1,r2,c2,c2,0.8111888111888111,Beginner_result.csv
43,29,Beginner,Beginner,r1,r2,c2,c2,0.8984375,Beginner_result.csv
43,36,Beginner,Beginner,r1,r2,c2,c2,0.7804878048780488,Beginner_result.csv
43,46,Beginner,Beginner,r1,r2,c2,c2,0.8650793650793651,Beginner_result.csv
46,24,Beginner,Beginner,r1,r2,c3,c3,0.744,Beginner_result.csv
46,25,Beginner,Beginner,r1,r2,c3,c3,0.71875,Beginner_result.csv
46,28,Beginner,Beginner,r1,r2,c3,c3,0.7560975609756098,Beginner_result.csv
46,40,Beginner,Beginner,r1,r2,c3,c3,0.7101449275362319,Beginner_result.csv
46,48,Beginner,Beginner,r1,r2,c3,c3,0.6862745098039216,Beginner_result.csv
46,52,Beginner,Beginner,r1,r2,c3,c3,0.8373983739837398,Beginner_result.csv
47,16,Beginner,Beginner,r1,r2,c2,c2,0.6967213114754098,Beginner_result.csv
47,26,Beginner,Beginner,r1,r2,c2,c2,0.6293706293706294,Beginner_result.csv
47,29,Beginner,Beginner,r1,r2,c2,c2,0.7578125,Beginner_result.csv
47,36,Beginner,Beginner,r1,r2,c2,c2,0.6475409836065574,Beginner_result.csv
48,16,Beginner,Beginner,r1,r2,c2,c2,0.7672955974842768,Beginner_result.csv
48,26,Beginner,Beginner,r1,r2,c2,c2,0.7987421383647799,Beginner_result.csv
48,29,Beginner,Beginner,r1,r2,c2,c2,0.7924528301886793,Beginner_result.csv
48,36,Beginner,Beginner,r1,r2,c2,c2,0.6918238993710691,Beginner_result.csv
48,46,Beginner,Beginner,r1,r2,c2,c2,0.7044025157232704,Beginner_result.csv
50,16,Beginner,Beginner,r1,r2,c2,c2,0.6868686868686869,Beginner_result.csv
50,46,Beginner,Beginner,r1,r2,c2,c2,0.6587301587301587,Beginner_result.csv
52,29,Beginner,Beginner,r1,r2,c2,c2,0.8125,Beginner_result.csv
52,36,Beginner,Beginner,r1,r2,c2,c2,0.8290598290598291,Beginner_result.csv
52,46,Beginner,Beginner,r1,r2,c2,c2,0.8174603174603174,Beginner_result.csv
9,24,Beginner,Beginner,r1,r2,c3,c3,0.7310344827586207,Beginner_result.csv
9,27,Beginner,Beginner,r1,r2,c3,c3,0.7724137931034483,Beginner_result.csv
9,28,Beginner,Beginner,r1,r2,c3,c3,0.7793103448275862,Beginner_result.csv
9,33,Beginner,Beginner,r1,r2,c3,c3,0.7655172413793103,Beginner_result.csv
9,40,Beginner,Beginner,r1,r2,c3,c3,0.8068965517241379,Beginner_result.csv
9,41,Beginner,Beginner,r1,r2,c3,c3,0.8551724137931035,Beginner_result.csv
9,52,Beginner,Beginner,r1,r2,c3,c3,0.8206896551724138,Beginner_result.csv
16,25,Beginner,Beginner,r1,r3,c1,c1,0.6283783783783784,Beginner_result.csv
16,26,Beginner,Beginner,r1,r3,c1,c1,0.6917293233082706,Beginner_result.csv
16,28,Beginner,Beginner,r1,r3,c1,c1,0.6746031746031746,Beginner_result.csv
16,41,Beginner,Beginner,r1,r3,c1,c1,0.8062015503875969,Beginner_result.csv
16,46,Beginner,Beginner,r1,r3,c1,c1,0.7619047619047619,Beginner_result.csv
16,48,Beginner,Beginner,r1,r3,c1,c1,0.6690647482014388,Beginner_result.csv
24,25,Beginner,Beginner,r1,r3,c1,c1,0.6891891891891891,Beginner_result.csv
24,26,Beginner,Beginner,r1,r3,c1,c1,0.7669172932330827,Beginner_result.csv
24,28,Beginner,Beginner,r1,r3,c1,c1,0.7338709677419355,Beginner_result.csv
24,46,Beginner,Beginner,r1,r3,c1,c1,0.8347107438016529,Beginner_result.csv
24,48,Beginner,Beginner,r1,r3,c1,c1,0.7194244604316546,Beginner_result.csv
25,24,Beginner,Beginner,r1,r3,c2,c2,0.8441558441558441,Beginner_result.csv
25,33,Beginner,Beginner,r1,r3,c2,c2,0.8051948051948052,Beginner_result.csv
25,40,Beginner,Beginner,r1,r3,c2,c2,0.8701298701298701,Beginner_result.csv
25,9,Beginner,Beginner,r1,r3,c2,c2,0.7792207792207793,Beginner_result.csv
26,16,Beginner,Beginner,r1,r3,c3,c3,0.7628205128205128,Beginner_result.csv
26,36,Beginner,Beginner,r1,r3,c3,c3,0.7564102564102564,Beginner_result.csv
26,37,Beginner,Beginner,r1,r3,c3,c3,0.6794871794871795,Beginner_result.csv
26,47,Beginner,Beginner,r1,r3,c3,c3,0.7756410256410257,Beginner_result.csv
27,25,Beginner,Beginner,r1,r3,c1,c1,0.78,Beginner_result.csv
27,26,Beginner,Beginner,r1,r3,c1,c1,0.76,Beginner_result.csv
27,29,Beginner,Beginner,r1,r3,c1,c1,0.6733333333333333,Beginner_result.csv
27,41,Beginner,Beginner,r1,r3,c1,c1,0.8133333333333334,Beginner_result.csv
27,46,Beginner,Beginner,r1,r3,c1,c1,0.7866666666666666,Beginner_result.csv
28,24,Beginner,Beginner,r1,r3,c2,c2,0.624,Beginner_result.csv
28,27,Beginner,Beginner,r1,r3,c2,c2,0.556390977443609,Beginner_result.csv
28,33,Beginner,Beginner,r1,r3,c2,c2,0.5725806451612904,Beginner_result.csv
28,39,Beginner,Beginner,r1,r3,c2,c2,0.5692307692307692,Beginner_result.csv
28,40,Beginner,Beginner,r1,r3,c2,c2,0.6423357664233577,Beginner_result.csv
28,9,Beginner,Beginner,r1,r3,c2,c2,0.6119402985074627,Beginner_result.csv
29,16,Beginner,Beginner,r1,r3,c3,c3,0.8151260504201681,Beginner_result.csv
29,36,Beginner,Beginner,r1,r3,c3,c3,0.7647058823529411,Beginner_result.csv
29,43,Beginner,Beginner,r1,r3,c3,c3,0.8083333333333333,Beginner_result.csv
29,47,Beginner,Beginner,r1,r3,c3,c3,0.7563025210084033,Beginner_result.csv
29,50,Beginner,Beginner,r1,r3,c3,c3,0.7581699346405228,Beginner_result.csv
30,16,Beginner,Beginner,r1,r3,c3,c3,0.6973684210526315,Beginner_result.csv
30,36,Beginner,Beginner,r1,r3,c3,c3,0.7685185185185185,Beginner_result.csv
30,37,Beginner,Beginner,r1,r3,c3,c3,0.6696428571428571,Beginner_result.csv
30,43,Beginner,Beginner,r1,r3,c3,c3,0.675,Beginner_result.csv
30,47,Beginner,Beginner,r1,r3,c3,c3,0.7304347826086957,Beginner_result.csv
33,48,Beginner,Beginner,r1,r3,c1,c1,0.7466666666666667,Beginner_result.csv
33,52,Beginner,Beginner,r1,r3,c1,c1,0.9133333333333332,Beginner_result.csv
36,25,Beginner,Beginner,r1,r3,c1,c1,0.8513513513513513,Beginner_result.csv
36,26,Beginner,Beginner,r1,r3,c1,c1,0.8646616541353384,Beginner_result.csv
36,28,Beginner,Beginner,r1,r3,c1,c1,0.8387096774193549,Beginner_result.csv
36,29,Beginner,Beginner,r1,r3,c1,c1,0.8306451612903226,Beginner_result.csv
36,41,Beginner,Beginner,r1,r3,c1,c1,0.875968992248062,Beginner_result.csv
36,46,Beginner,Beginner,r1,r3,c1,c1,0.8677685950413223,Beginner_result.csv
36,48,Beginner,Beginner,r1,r3,c1,c1,0.8633093525179856,Beginner_result.csv
36,52,Beginner,Beginner,r1,r3,c1,c1,0.8571428571428571,Beginner_result.csv
37,24,Beginner,Beginner,r1,r3,c2,c2,0.856,Beginner_result.csv
37,27,Beginner,Beginner,r1,r3,c2,c2,0.7894736842105263,Beginner_result.csv
37,30,Beginner,Beginner,r1,r3,c2,c2,0.8968253968253969,Beginner_result.csv
37,33,Beginner,Beginner,r1,r3,c2,c2,0.7741935483870968,Beginner_result.csv
37,39,Beginner,Beginner,r1,r3,c2,c2,0.8538461538461538,Beginner_result.csv
37,40,Beginner,Beginner,r1,r3,c2,c2,0.7591240875912408,Beginner_result.csv
37,9,Beginner,Beginner,r1,r3,c2,c2,0.8283582089552238,Beginner_result.csv
38,24,Beginner,Beginner,r1,r3,c2,c2,0.784,Beginner_result.csv
38,27,Beginner,Beginner,r1,r3,c2,c2,0.7593984962406015,Beginner_result.csv
38,33,Beginner,Beginner,r1,r3,c2,c2,0.782258064516129,Beginner_result.csv
38,39,Beginner,Beginner,r1,r3,c2,c2,0.8153846153846154,Beginner_result.csv
38,9,Beginner,Beginner,r1,r3,c2,c2,0.8059701492537313,Beginner_result.csv
39,16,Beginner,Beginner,r1,r3,c3,c3,0.7910447761194029,Beginner_result.csv
39,36,Beginner,Beginner,r1,r3,c3,c3,0.746268656716418,Beginner_result.csv
39,38,Beginner,Beginner,r1,r3,c3,c3,0.7761194029850746,Beginner_result.csv
39,43,Beginner,Beginner,r1,r3,c3,c3,0.7164179104477612,Beginner_result.csv
39,47,Beginner,Beginner,r1,r3,c3,c3,0.8208955223880597,Beginner_result.csv
39,50,Beginner,Beginner,r1,r3,c3,c3,0.7908496732026143,Beginner_result.csv
40,25,Beginner,Beginner,r1,r3,c1,c1,0.8986486486486487,Beginner_result.csv
40,26,Beginner,Beginner,r1,r3,c1,c1,0.8962962962962963,Beginner_result.csv
40,28,Beginner,Beginner,r1,r3,c1,c1,0.8888888888888888,Beginner_result.csv
40,29,Beginner,Beginner,r1,r3,c1,c1,0.9407407407407408,Beginner_result.csv
40,46,Beginner,Beginner,r1,r3,c1,c1,0.9185185185185184,Beginner_result.csv
40,48,Beginner,Beginner,r1,r3,c1,c1,0.9712230215827338,Beginner_result.csv
40,52,Beginner,Beginner,r1,r3,c1,c1,0.9111111111111112,Beginner_result.csv
41,27,Beginner,Beginner,r1,r3,c2,c2,0.8947368421052632,Beginner_result.csv
41,30,Beginner,Beginner,r1,r3,c2,c2,0.9069767441860463,Beginner_result.csv
41,39,Beginner,Beginner,r1,r3,c2,c2,0.9,Beginner_result.csv
41,40,Beginner,Beginner,r1,r3,c2,c2,0.8540145985401459,Beginner_result.csv
41,9,Beginner,Beginner,r1,r3,c2,c2,0.917910447761194,Beginner_result.csv
43,24,Beginner,Beginner,r1,r3,c2,c2,0.88,Beginner_result.csv
43,27,Beginner,Beginner,r1,r3,c2,c2,0.8120300751879699,Beginner_result.csv
43,33,Beginner,Beginner,r1,r3,c2,c2,0.8709677419354839,Beginner_result.csv
43,39,Beginner,Beginner,r1,r3,c2,c2,0.8076923076923077,Beginner_result.csv
43,40,Beginner,Beginner,r1,r3,c2,c2,0.8467153284671532,Beginner_result.csv
46,50,Beginner,Beginner,r1,r3,c3,c3,0.7450980392156863,Beginner_result.csv
47,24,Beginner,Beginner,r1,r3,c2,c2,0.696,Beginner_result.csv
47,27,Beginner,Beginner,r1,r3,c2,c2,0.6766917293233082,Beginner_result.csv
47,30,Beginner,Beginner,r1,r3,c2,c2,0.7222222222222222,Beginner_result.csv
47,33,Beginner,Beginner,r1,r3,c2,c2,0.7016129032258065,Beginner_result.csv
47,40,Beginner,Beginner,r1,r3,c2,c2,0.6715328467153284,Beginner_result.csv
48,27,Beginner,Beginner,r1,r3,c2,c2,0.8113207547169812,Beginner_result.csv
48,30,Beginner,Beginner,r1,r3,c2,c2,0.8301886792452831,Beginner_result.csv
48,39,Beginner,Beginner,r1,r3,c2,c2,0.7547169811320755,Beginner_result.csv
48,9,Beginner,Beginner,r1,r3,c2,c2,0.8050314465408805,Beginner_result.csv
50,24,Beginner,Beginner,r1,r3,c2,c2,0.648,Beginner_result.csv
50,27,Beginner,Beginner,r1,r3,c2,c2,0.6090225563909775,Beginner_result.csv
50,30,Beginner,Beginner,r1,r3,c2,c2,0.6031746031746031,Beginner_result.csv
50,39,Beginner,Beginner,r1,r3,c2,c2,0.6,Beginner_result.csv
50,9,Beginner,Beginner,r1,r3,c2,c2,0.6343283582089553,Beginner_result.csv
52,24,Beginner,Beginner,r1,r3,c2,c2,0.808,Beginner_result.csv
52,27,Beginner,Beginner,r1,r3,c2,c2,0.706766917293233,Beginner_result.csv
52,39,Beginner,Beginner,r1,r3,c2,c2,0.7538461538461538,Beginner_result.csv
52,40,Beginner,Beginner,r1,r3,c2,c2,0.8248175182481752,Beginner_result.csv
52,9,Beginner,Beginner,r1,r3,c2,c2,0.7313432835820896,Beginner_result.csv
9,38,Beginner,Beginner,r1,r3,c3,c3,0.7241379310344828,Beginner_result.csv
9,43,Beginner,Beginner,r1,r3,c3,c3,0.7379310344827587,Beginner_result.csv
9,47,Beginner,Beginner,r1,r3,c3,c3,0.8344827586206897,Beginner_result.csv
9,50,Beginner,Beginner,r1,r3,c3,c3,0.8562091503267973,Beginner_result.csv
16,26,Beginner,Beginner,r2,r2,c2,c2,0.5804195804195804,Beginner_result.csv
16,29,Beginner,Beginner,r2,r2,c2,c2,0.6796875,Beginner_result.csv
24,25,Beginner,Beginner,r2,r2,c3,c3,0.59375,Beginner_result.csv
24,27,Beginner,Beginner,r2,r2,c3,c3,0.6590909090909091,Beginner_result.csv
24,28,Beginner,Beginner,r2,r2,c3,c3,0.712,Beginner_result.csv
24,33,Beginner,Beginner,r2,r2,c3,c3,0.6496350364963503,Beginner_result.csv
24,40,Beginner,Beginner,r2,r2,c3,c3,0.5797101449275363,Beginner_result.csv
24,52,Beginner,Beginner,r2,r2,c3,c3,0.816,Beginner_result.csv
25,27,Beginner,Beginner,r2,r2,c3,c3,0.64375,Beginner_result.csv
25,28,Beginner,Beginner,r2,r2,c3,c3,0.69375,Beginner_result.csv
25,33,Beginner,Beginner,r2,r2,c3,c3,0.65625,Beginner_result.csv
25,41,Beginner,Beginner,r2,r2,c3,c3,0.7375,Beginner_result.csv
25,48,Beginner,Beginner,r2,r2,c3,c3,0.65,Beginner_result.csv
26,29,Beginner,Beginner,r2,r2,c2,c2,0.7062937062937062,Beginner_result.csv
27,28,Beginner,Beginner,r2,r2,c3,c3,0.5909090909090909,Beginner_result.csv
27,33,Beginner,Beginner,r2,r2,c3,c3,0.7226277372262774,Beginner_result.csv
27,41,Beginner,Beginner,r2,r2,c3,c3,0.7121212121212122,Beginner_result.csv
27,48,Beginner,Beginner,r2,r2,c3,c3,0.6601307189542484,Beginner_result.csv
27,52,Beginner,Beginner,r2,r2,c3,c3,0.6742424242424242,Beginner_result.csv
28,33,Beginner,Beginner,r2,r2,c3,c3,0.635036496350365,Beginner_result.csv
28,40,Beginner,Beginner,r2,r2,c3,c3,0.6159420289855072,Beginner_result.csv
28,41,Beginner,Beginner,r2,r2,c3,c3,0.6991869918699187,Beginner_result.csv
28,48,Beginner,Beginner,r2,r2,c3,c3,0.5751633986928104,Beginner_result.csv
29,36,Beginner,Beginner,r2,r2,c2,c2,0.78125,Beginner_result.csv
29,46,Beginner,Beginner,r2,r2,c2,c2,0.7421875,Beginner_result.csv
30,37,Beginner,Beginner,r2,r2,c1,c1,0.6739130434782609,Beginner_result.csv
30,38,Beginner,Beginner,r2,r2,c1,c1,0.7028985507246377,Beginner_result.csv
30,39,Beginner,Beginner,r2,r2,c1,c1,0.644927536231884,Beginner_result.csv
30,43,Beginner,Beginner,r2,r2,c1,c1,0.7246376811594203,Beginner_result.csv
30,50,Beginner,Beginner,r2,r2,c1,c1,0.5942028985507246,Beginner_result.csv
30,9,Beginner,Beginner,r2,r2,c1,c1,0.7323943661971831,Beginner_result.csv
36,46,Beginner,Beginner,r2,r2,c2,c2,0.5793650793650794,Beginner_result.csv
37,38,Beginner,Beginner,r2,r2,c1,c1,0.6293103448275862,Beginner_result.csv
37,39,Beginner,Beginner,r2,r2,c1,c1,0.5327868852459017,Beginner_result.csv
37,43,Beginner,Beginner,r2,r2,c1,c1,0.5867768595041323,Beginner_result.csv
37,47,Beginner,Beginner,r2,r2,c1,c1,0.6694915254237288,Beginner_result.csv
37,50,Beginner,Beginner,r2,r2,c1,c1,0.5555555555555556,Beginner_result.csv
37,9,Beginner,Beginner,r2,r2,c1,c1,0.6338028169014085,Beginner_result.csv
38,39,Beginner,Beginner,r2,r2,c1,c1,0.6229508196721312,Beginner_result.csv
38,43,Beginner,Beginner,r2,r2,c1,c1,0.6033057851239669,Beginner_result.csv
38,47,Beginner,Beginner,r2,r2,c1,c1,0.635593220338983,Beginner_result.csv
38,50,Beginner,Beginner,r2,r2,c1,c1,0.6592592592592592,Beginner_result.csv
38,9,Beginner,Beginner,r2,r2,c1,c1,0.676056338028169,Beginner_result.csv
39,43,Beginner,Beginner,r2,r2,c1,c1,0.680327868852459,Beginner_result.csv
39,47,Beginner,Beginner,r2,r2,c1,c1,0.6147540983606558,Beginner_result.csv
39,50,Beginner,Beginner,r2,r2,c1,c1,0.5925925925925926,Beginner_result.csv
40,41,Beginner,Beginner,r2,r2,c3,c3,0.8188405797101449,Beginner_result.csv
40,48,Beginner,Beginner,r2,r2,c3,c3,0.5947712418300654,Beginner_result.csv
41,52,Beginner,Beginner,r2,r2,c3,c3,0.6341463414634146,Beginner_result.csv
43,47,Beginner,Beginner,r2,r2,c1,c1,0.628099173553719,Beginner_result.csv
43,9,Beginner,Beginner,r2,r2,c1,c1,0.6267605633802817,Beginner_result.csv
47,50,Beginner,Beginner,r2,r2,c1,c1,0.6518518518518519,Beginner_result.csv
47,9,Beginner,Beginner,r2,r2,c1,c1,0.6830985915492958,Beginner_result.csv
50,9,Beginner,Beginner,r2,r2,c1,c1,0.6690140845070423,Beginner_result.csv
16,24,Beginner,Beginner,r2,r3,c2,c2,0.752,Beginner_result.csv
16,27,Beginner,Beginner,r2,r3,c2,c2,0.6616541353383458,Beginner_result.csv
16,30,Beginner,Beginner,r2,r3,c2,c2,0.6190476190476191,Beginner_result.csv
16,33,Beginner,Beginner,r2,r3,c2,c2,0.6370967741935484,Beginner_result.csv
16,40,Beginner,Beginner,r2,r3,c2,c2,0.656934306569343,Beginner_result.csv
16,9,Beginner,Beginner,r2,r3,c2,c2,0.6567164179104478,Beginner_result.csv
24,16,Beginner,Beginner,r2,r3,c3,c3,0.736,Beginner_result.csv
24,37,Beginner,Beginner,r2,r3,c3,c3,0.64,Beginner_result.csv
25,37,Beginner,Beginner,r2,r3,c3,c3,0.6625,Beginner_result.csv
25,43,Beginner,Beginner,r2,r3,c3,c3,0.6125,Beginner_result.csv
25,47,Beginner,Beginner,r2,r3,c3,c3,0.7625,Beginner_result.csv
25,50,Beginner,Beginner,r2,r3,c3,c3,0.76875,Beginner_result.csv
26,24,Beginner,Beginner,r2,r3,c2,c2,0.6573426573426573,Beginner_result.csv
26,27,Beginner,Beginner,r2,r3,c2,c2,0.6363636363636364,Beginner_result.csv
26,30,Beginner,Beginner,r2,r3,c2,c2,0.6223776223776224,Beginner_result.csv
26,33,Beginner,Beginner,r2,r3,c2,c2,0.5314685314685315,Beginner_result.csv
27,16,Beginner,Beginner,r2,r3,c3,c3,0.6818181818181818,Beginner_result.csv
27,37,Beginner,Beginner,r2,r3,c3,c3,0.6287878787878788,Beginner_result.csv
27,38,Beginner,Beginner,r2,r3,c3,c3,0.7045454545454546,Beginner_result.csv
27,43,Beginner,Beginner,r2,r3,c3,c3,0.6060606060606061,Beginner_result.csv
27,47,Beginner,Beginner,r2,r3,c3,c3,0.7575757575757576,Beginner_result.csv
27,50,Beginner,Beginner,r2,r3,c3,c3,0.673202614379085,Beginner_result.csv
28,16,Beginner,Beginner,r2,r3,c3,c3,0.6792452830188679,Beginner_result.csv
28,36,Beginner,Beginner,r2,r3,c3,c3,0.8425925925925926,Beginner_result.csv
28,37,Beginner,Beginner,r2,r3,c3,c3,0.5535714285714286,Beginner_result.csv
28,38,Beginner,Beginner,r2,r3,c3,c3,0.6320754716981132,Beginner_result.csv
28,50,Beginner,Beginner,r2,r3,c3,c3,0.6078431372549019,Beginner_result.csv
29,24,Beginner,Beginner,r2,r3,c2,c2,0.796875,Beginner_result.csv
29,27,Beginner,Beginner,r2,r3,c2,c2,0.7368421052631579,Beginner_result.csv
29,30,Beginner,Beginner,r2,r3,c2,c2,0.6875,Beginner_result.csv
29,39,Beginner,Beginner,r2,r3,c2,c2,0.6692307692307692,Beginner_result.csv
29,40,Beginner,Beginner,r2,r3,c2,c2,0.7153284671532847,Beginner_result.csv
30,25,Beginner,Beginner,r2,r3,c1,c1,0.722972972972973,Beginner_result.csv
30,28,Beginner,Beginner,r2,r3,c1,c1,0.6521739130434783,Beginner_result.csv
30,29,Beginner,Beginner,r2,r3,c1,c1,0.6304347826086957,Beginner_result.csv
30,48,Beginner,Beginner,r2,r3,c1,c1,0.6546762589928058,Beginner_result.csv
33,36,Beginner,Beginner,r2,r3,c3,c3,0.7737226277372263,Beginner_result.csv
33,38,Beginner,Beginner,r2,r3,c3,c3,0.6058394160583942,Beginner_result.csv
33,43,Beginner,Beginner,r2,r3,c3,c3,0.5985401459854015,Beginner_result.csv
36,27,Beginner,Beginner,r2,r3,c2,c2,0.5714285714285714,Beginner_result.csv
36,33,Beginner,Beginner,r2,r3,c2,c2,0.5645161290322581,Beginner_result.csv
36,40,Beginner,Beginner,r2,r3,c2,c2,0.6277372262773723,Beginner_result.csv
36,9,Beginner,Beginner,r2,r3,c2,c2,0.5970149253731343,Beginner_result.csv
37,25,Beginner,Beginner,r2,r3,c1,c1,0.6216216216216216,Beginner_result.csv
37,26,Beginner,Beginner,r2,r3,c1,c1,0.6992481203007519,Beginner_result.csv
37,29,Beginner,Beginner,r2,r3,c1,c1,0.6935483870967742,Beginner_result.csv
37,46,Beginner,Beginner,r2,r3,c1,c1,0.6942148760330579,Beginner_result.csv
37,48,Beginner,Beginner,r2,r3,c1,c1,0.6330935251798561,Beginner_result.csv
37,52,Beginner,Beginner,r2,r3,c1,c1,0.7936507936507936,Beginner_result.csv
38,25,Beginner,Beginner,r2,r3,c1,c1,0.6486486486486487,Beginner_result.csv
38,26,Beginner,Beginner,r2,r3,c1,c1,0.7293233082706767,Beginner_result.csv
38,29,Beginner,Beginner,r2,r3,c1,c1,0.7258064516129032,Beginner_result.csv
38,41,Beginner,Beginner,r2,r3,c1,c1,0.689922480620155,Beginner_result.csv
38,46,Beginner,Beginner,r2,r3,c1,c1,0.71900826446281,Beginner_result.csv
38,48,Beginner,Beginner,r2,r3,c1,c1,0.6834532374100719,Beginner_result.csv
39,25,Beginner,Beginner,r2,r3,c1,c1,0.581081081081081,Beginner_result.csv
39,26,Beginner,Beginner,r2,r3,c1,c1,0.6390977443609023,Beginner_result.csv
39,29,Beginner,Beginner,r2,r3,c1,c1,0.6774193548387096,Beginner_result.csv
39,48,Beginner,Beginner,r2,r3,c1,c1,0.6187050359712231,Beginner_result.csv
39,52,Beginner,Beginner,r2,r3,c1,c1,0.8015873015873016,Beginner_result.csv
40,37,Beginner,Beginner,r2,r3,c3,c3,0.5869565217391305,Beginner_result.csv
40,43,Beginner,Beginner,r2,r3,c3,c3,0.6086956521739131,Beginner_result.csv
40,47,Beginner,Beginner,r2,r3,c3,c3,0.8478260869565217,Beginner_result.csv
41,16,Beginner,Beginner,r2,r3,c3,c3,0.6747967479674797,Beginner_result.csv
41,36,Beginner,Beginner,r2,r3,c3,c3,0.8292682926829268,Beginner_result.csv
41,47,Beginner,Beginner,r2,r3,c3,c3,0.6016260162601627,Beginner_result.csv
41,50,Beginner,Beginner,r2,r3,c3,c3,0.6993464052287581,Beginner_result.csv
43,25,Beginner,Beginner,r2,r3,c1,c1,0.6418918918918919,Beginner_result.csv
43,41,Beginner,Beginner,r2,r3,c1,c1,0.7209302325581395,Beginner_result.csv
43,46,Beginner,Beginner,r2,r3,c1,c1,0.7851239669421488,Beginner_result.csv
43,48,Beginner,Beginner,r2,r3,c1,c1,0.6474820143884892,Beginner_result.csv
43,52,Beginner,Beginner,r2,r3,c1,c1,0.8095238095238095,Beginner_result.csv
46,27,Beginner,Beginner,r2,r3,c2,c2,0.6165413533834586,Beginner_result.csv
46,30,Beginner,Beginner,r2,r3,c2,c2,0.746031746031746,Beginner_result.csv
46,33,Beginner,Beginner,r2,r3,c2,c2,0.6428571428571429,Beginner_result.csv
46,39,Beginner,Beginner,r2,r3,c2,c2,0.6846153846153846,Beginner_result.csv
46,9,Beginner,Beginner,r2,r3,c2,c2,0.6716417910447762,Beginner_result.csv
47,25,Beginner,Beginner,r2,r3,c1,c1,0.6824324324324325,Beginner_result.csv
47,26,Beginner,Beginner,r2,r3,c1,c1,0.6691729323308271,Beginner_result.csv
47,29,Beginner,Beginner,r2,r3,c1,c1,0.7419354838709677,Beginner_result.csv
47,41,Beginner,Beginner,r2,r3,c1,c1,0.7906976744186046,Beginner_result.csv
47,46,Beginner,Beginner,r2,r3,c1,c1,0.7768595041322314,Beginner_result.csv
48,16,Beginner,Beginner,r2,r3,c3,c3,0.7516339869281046,Beginner_result.csv
48,37,Beginner,Beginner,r2,r3,c3,c3,0.5816993464052288,Beginner_result.csv
48,38,Beginner,Beginner,r2,r3,c3,c3,0.6405228758169934,Beginner_result.csv
50,25,Beginner,Beginner,r2,r3,c1,c1,0.6554054054054054,Beginner_result.csv
50,26,Beginner,Beginner,r2,r3,c1,c1,0.6814814814814815,Beginner_result.csv
50,28,Beginner,Beginner,r2,r3,c1,c1,0.5851851851851851,Beginner_result.csv
50,41,Beginner,Beginner,r2,r3,c1,c1,0.725925925925926,Beginner_result.csv
50,46,Beginner,Beginner,r2,r3,c1,c1,0.7111111111111111,Beginner_result.csv
50,48,Beginner,Beginner,r2,r3,c1,c1,0.5611510791366906,Beginner_result.csv
50,52,Beginner,Beginner,r2,r3,c1,c1,0.7185185185185186,Beginner_result.csv
52,37,Beginner,Beginner,r2,r3,c3,c3,0.7946428571428571,Beginner_result.csv
52,38,Beginner,Beginner,r2,r3,c3,c3,0.6826923076923077,Beginner_result.csv
52,47,Beginner,Beginner,r2,r3,c3,c3,0.5652173913043478,Beginner_result.csv
52,50,Beginner,Beginner,r2,r3,c3,c3,0.6928104575163399,Beginner_result.csv
9,25,Beginner,Beginner,r2,r3,c1,c1,0.7162162162162162,Beginner_result.csv
9,26,Beginner,Beginner,r2,r3,c1,c1,0.6408450704225352,Beginner_result.csv
9,28,Beginner,Beginner,r2,r3,c1,c1,0.704225352112676,Beginner_result.csv
9,41,Beginner,Beginner,r2,r3,c1,c1,0.7746478873239436,Beginner_result.csv
9,52,Beginner,Beginner,r2,r3,c1,c1,0.7816901408450704,Beginner_result.csv
16,36,Beginner,Beginner,r3,r3,c3,c3,0.7962962962962963,Beginner_result.csv
16,37,Beginner,Beginner,r3,r3,c3,c3,0.7053571428571429,Beginner_result.csv
16,43,Beginner,Beginner,r3,r3,c3,c3,0.7083333333333334,Beginner_result.csv
16,47,Beginner,Beginner,r3,r3,c3,c3,0.7217391304347827,Beginner_result.csv
24,33,Beginner,Beginner,r3,r3,c2,c2,0.616,Beginner_result.csv
24,39,Beginner,Beginner,r3,r3,c2,c2,0.676923076923077,Beginner_result.csv
24,40,Beginner,Beginner,r3,r3,c2,c2,0.6861313868613139,Beginner_result.csv
25,28,Beginner,Beginner,r3,r3,c1,c1,0.668918918918919,Beginner_result.csv
25,41,Beginner,Beginner,r3,r3,c1,c1,0.7905405405405406,Beginner_result.csv
25,46,Beginner,Beginner,r3,r3,c1,c1,0.6621621621621622,Beginner_result.csv
25,48,Beginner,Beginner,r3,r3,c1,c1,0.6351351351351351,Beginner_result.csv
25,52,Beginner,Beginner,r3,r3,c1,c1,0.6959459459459459,Beginner_result.csv
26,46,Beginner,Beginner,r3,r3,c1,c1,0.7443609022556391,Beginner_result.csv
26,48,Beginner,Beginner,r3,r3,c1,c1,0.5971223021582733,Beginner_result.csv
27,33,Beginner,Beginner,r3,r3,c2,c2,0.5864661654135338,Beginner_result.csv
28,41,Beginner,Beginner,r3,r3,c1,c1,0.7364341085271318,Beginner_result.csv
28,48,Beginner,Beginner,r3,r3,c1,c1,0.60431654676259,Beginner_result.csv
29,46,Beginner,Beginner,r3,r3,c1,c1,0.6612903225806451,Beginner_result.csv
30,33,Beginner,Beginner,r3,r3,c2,c2,0.626984126984127,Beginner_result.csv
30,39,Beginner,Beginner,r3,r3,c2,c2,0.5461538461538461,Beginner_result.csv
30,40,Beginner,Beginner,r3,r3,c2,c2,0.6788321167883211,Beginner_result.csv
33,40,Beginner,Beginner,r3,r3,c2,c2,0.5182481751824818,Beginner_result.csv
33,9,Beginner,Beginner,r3,r3,c2,c2,0.6417910447761194,Beginner_result.csv
36,37,Beginner,Beginner,r3,r3,c3,c3,0.7767857142857143,Beginner_result.csv
36,43,Beginner,Beginner,r3,r3,c3,c3,0.7583333333333333,Beginner_result.csv
36,47,Beginner,Beginner,r3,r3,c3,c3,0.8260869565217391,Beginner_result.csv
36,50,Beginner,Beginner,r3,r3,c3,c3,0.7712418300653595,Beginner_result.csv
37,38,Beginner,Beginner,r3,r3,c3,c3,0.625,Beginner_result.csv
37,47,Beginner,Beginner,r3,r3,c3,c3,0.8173913043478261,Beginner_result.csv
37,50,Beginner,Beginner,r3,r3,c3,c3,0.6339869281045751,Beginner_result.csv
38,47,Beginner,Beginner,r3,r3,c3,c3,0.7043478260869566,Beginner_result.csv
39,40,Beginner,Beginner,r3,r3,c2,c2,0.6934306569343066,Beginner_result.csv
41,48,Beginner,Beginner,r3,r3,c1,c1,0.7985611510791367,Beginner_result.csv
43,47,Beginner,Beginner,r3,r3,c3,c3,0.775,Beginner_result.csv
46,48,Beginner,Beginner,r3,r3,c1,c1,0.6618705035971223,Beginner_result.csv
48,52,Beginner,Beginner,r3,r3,c1,c1,0.7338129496402878,Beginner_result.csv
10,18,Intermediate,Intermediate,r1,r1,c1,c1,0.7375,Intermediate_result.csv
10,31,Intermediate,Intermediate,r1,r1,c1,c1,0.775,Intermediate_result.csv
10,32,Intermediate,Intermediate,r1,r1,c1,c1,0.73125,Intermediate_result.csv
10,35,Intermediate,Intermediate,r1,r1,c1,c1,0.7875,Intermediate_result.csv
10,51,Intermediate,Intermediate,r1,r1,c1,c1,0.74375,Intermediate_result.csv
11,15,Intermediate,Intermediate,r1,r1,c3,c3,0.7883211678832117,Intermediate_result.csv
11,19,Intermediate,Intermediate,r1,r1,c3,c3,0.708029197080292,Intermediate_result.csv
11,20,Intermediate,Intermediate,r1,r1,c3,c3,0.8248175182481752,Intermediate_result.csv
11,21,Intermediate,Intermediate,r1,r1,c3,c3,0.7591240875912408,Intermediate_result.csv
11,22,Intermediate,Intermediate,r1,r1,c3,c3,0.8029197080291971,Intermediate_result.csv
11,23,Intermediate,Intermediate,r1,r1,c3,c3,0.8467153284671532,Intermediate_result.csv
11,44,Intermediate,Intermediate,r1,r1,c3,c3,0.7792207792207793,Intermediate_result.csv
11,45,Intermediate,Intermediate,r1,r1,c3,c3,0.7872340425531915,Intermediate_result.csv
12,13,Intermediate,Intermediate,r1,r1,c2,c2,0.8074074074074075,Intermediate_result.csv
12,14,Intermediate,Intermediate,r1,r1,c2,c2,0.8571428571428571,Intermediate_result.csv
12,17,Intermediate,Intermediate,r1,r1,c2,c2,0.8,Intermediate_result.csv
12,34,Intermediate,Intermediate,r1,r1,c2,c2,0.825,Intermediate_result.csv
12,42,Intermediate,Intermediate,r1,r1,c2,c2,0.7481481481481481,Intermediate_result.csv
13,14,Intermediate,Intermediate,r1,r1,c2,c2,0.7428571428571429,Intermediate_result.csv
13,17,Intermediate,Intermediate,r1,r1,c2,c2,0.6923076923076923,Intermediate_result.csv
13,42,Intermediate,Intermediate,r1,r1,c2,c2,0.7844827586206896,Intermediate_result.csv
14,17,Intermediate,Intermediate,r1,r1,c2,c2,0.8071428571428572,Intermediate_result.csv
14,34,Intermediate,Intermediate,r1,r1,c2,c2,0.75625,Intermediate_result.csv
14,42,Intermediate,Intermediate,r1,r1,c2,c2,0.6928571428571428,Intermediate_result.csv
15,19,Intermediate,Intermediate,r1,r1,c3,c3,0.7195121951219512,Intermediate_result.csv
15,20,Intermediate,Intermediate,r1,r1,c3,c3,0.7443609022556391,Intermediate_result.csv
15,21,Intermediate,Intermediate,r1,r1,c3,c3,0.7058823529411765,Intermediate_result.csv
15,22,Intermediate,Intermediate,r1,r1,c3,c3,0.6583333333333333,Intermediate_result.csv
15,23,Intermediate,Intermediate,r1,r1,c3,c3,0.7664233576642335,Intermediate_result.csv
15,45,Intermediate,Intermediate,r1,r1,c3,c3,0.8368794326241135,Intermediate_result.csv
17,42,Intermediate,Intermediate,r1,r1,c2,c2,0.7413793103448276,Intermediate_result.csv
18,31,Intermediate,Intermediate,r1,r1,c1,c1,0.8666666666666667,Intermediate_result.csv
18,32,Intermediate,Intermediate,r1,r1,c1,c1,0.9,Intermediate_result.csv
18,35,Intermediate,Intermediate,r1,r1,c1,c1,0.7835820895522388,Intermediate_result.csv
18,51,Intermediate,Intermediate,r1,r1,c1,c1,0.7985074626865671,Intermediate_result.csv
18,53,Intermediate,Intermediate,r1,r1,c1,c1,0.7579617834394905,Intermediate_result.csv
19,20,Intermediate,Intermediate,r1,r1,c3,c3,0.7969924812030075,Intermediate_result.csv
19,21,Intermediate,Intermediate,r1,r1,c3,c3,0.6176470588235294,Intermediate_result.csv
19,22,Intermediate,Intermediate,r1,r1,c3,c3,0.65,Intermediate_result.csv
19,23,Intermediate,Intermediate,r1,r1,c3,c3,0.8102189781021898,Intermediate_result.csv
19,44,Intermediate,Intermediate,r1,r1,c3,c3,0.7467532467532467,Intermediate_result.csv
20,21,Intermediate,Intermediate,r1,r1,c3,c3,0.7368421052631579,Intermediate_result.csv
20,45,Intermediate,Intermediate,r1,r1,c3,c3,0.8297872340425532,Intermediate_result.csv
21,22,Intermediate,Intermediate,r1,r1,c3,c3,0.6666666666666666,Intermediate_result.csv
21,23,Intermediate,Intermediate,r1,r1,c3,c3,0.7956204379562044,Intermediate_result.csv
21,44,Intermediate,Intermediate,r1,r1,c3,c3,0.7532467532467533,Intermediate_result.csv
22,44,Intermediate,Intermediate,r1,r1,c3,c3,0.8051948051948052,Intermediate_result.csv
23,45,Intermediate,Intermediate,r1,r1,c3,c3,0.8085106382978723,Intermediate_result.csv
31,32,Intermediate,Intermediate,r1,r1,c1,c1,0.7714285714285715,Intermediate_result.csv
31,51,Intermediate,Intermediate,r1,r1,c1,c1,0.7333333333333333,Intermediate_result.csv
31,53,Intermediate,Intermediate,r1,r1,c1,c1,0.8280254777070064,Intermediate_result.csv
32,35,Intermediate,Intermediate,r1,r1,c1,c1,0.8642857142857143,Intermediate_result.csv
32,51,Intermediate,Intermediate,r1,r1,c1,c1,0.7928571428571428,Intermediate_result.csv
32,53,Intermediate,Intermediate,r1,r1,c1,c1,0.7643312101910829,Intermediate_result.csv
34,42,Intermediate,Intermediate,r1,r1,c2,c2,0.71875,Intermediate_result.csv
35,51,Intermediate,Intermediate,r1,r1,c1,c1,0.7894736842105263,Intermediate_result.csv
35,53,Intermediate,Intermediate,r1,r1,c1,c1,0.7770700636942676,Intermediate_result.csv
44,45,Intermediate,Intermediate,r1,r1,c3,c3,0.7662337662337663,Intermediate_result.csv
51,53,Intermediate,Intermediate,r1,r1,c1,c1,0.8407643312101911,Intermediate_result.csv
10,11,Intermediate,Intermediate,r1,r2,c1,c1,0.89375,Intermediate_result.csv
10,12,Intermediate,Intermediate,r1,r2,c1,c1,0.8625,Intermediate_result.csv
10,19,Intermediate,Intermediate,r1,r2,c1,c1,0.88125,Intermediate_result.csv
10,34,Intermediate,Intermediate,r1,r2,c1,c1,0.8375,Intermediate_result.csv
10,44,Intermediate,Intermediate,r1,r2,c1,c1,0.78125,Intermediate_result.csv
11,14,Intermediate,Intermediate,r1,r2,c3,c3,0.7911392405063291,Intermediate_result.csv
11,31,Intermediate,Intermediate,r1,r2,c3,c3,0.8028169014084507,Intermediate_result.csv
11,51,Intermediate,Intermediate,r1,r2,c3,c3,0.8613138686131386,Intermediate_result.csv
12,15,Intermediate,Intermediate,r1,r2,c2,c2,0.837037037037037,Intermediate_result.csv
12,18,Intermediate,Intermediate,r1,r2,c2,c2,0.9057971014492754,Intermediate_result.csv
12,21,Intermediate,Intermediate,r1,r2,c2,c2,0.8322147651006712,Intermediate_result.csv
12,22,Intermediate,Intermediate,r1,r2,c2,c2,0.8814814814814815,Intermediate_result.csv
12,32,Intermediate,Intermediate,r1,r2,c2,c2,0.8518518518518519,Intermediate_result.csv
12,45,Intermediate,Intermediate,r1,r2,c2,c2,0.8309859154929577,Intermediate_result.csv
12,53,Intermediate,Intermediate,r1,r2,c2,c2,0.8456375838926175,Intermediate_result.csv
13,10,Intermediate,Intermediate,r1,r2,c2,c2,0.7687074829931972,Intermediate_result.csv
13,15,Intermediate,Intermediate,r1,r2,c2,c2,0.7909090909090909,Intermediate_result.csv
13,18,Intermediate,Intermediate,r1,r2,c2,c2,0.717391304347826,Intermediate_result.csv
13,21,Intermediate,Intermediate,r1,r2,c2,c2,0.8120805369127517,Intermediate_result.csv
13,22,Intermediate,Intermediate,r1,r2,c2,c2,0.8473282442748091,Intermediate_result.csv
13,32,Intermediate,Intermediate,r1,r2,c2,c2,0.8333333333333334,Intermediate_result.csv
13,35,Intermediate,Intermediate,r1,r2,c2,c2,0.8320610687022901,Intermediate_result.csv
13,45,Intermediate,Intermediate,r1,r2,c2,c2,0.8591549295774648,Intermediate_result.csv
13,53,Intermediate,Intermediate,r1,r2,c2,c2,0.7718120805369127,Intermediate_result.csv
14,10,Intermediate,Intermediate,r1,r2,c2,c2,0.7142857142857143,Intermediate_result.csv
14,15,Intermediate,Intermediate,r1,r2,c2,c2,0.7,Intermediate_result.csv
14,18,Intermediate,Intermediate,r1,r2,c2,c2,0.7214285714285714,Intermediate_result.csv
14,21,Intermediate,Intermediate,r1,r2,c2,c2,0.7583892617449665,Intermediate_result.csv
14,22,Intermediate,Intermediate,r1,r2,c2,c2,0.7785714285714286,Intermediate_result.csv
14,35,Intermediate,Intermediate,r1,r2,c2,c2,0.8214285714285714,Intermediate_result.csv
14,45,Intermediate,Intermediate,r1,r2,c2,c2,0.8802816901408451,Intermediate_result.csv
15,14,Intermediate,Intermediate,r1,r2,c3,c3,0.7025316455696202,Intermediate_result.csv
15,17,Intermediate,Intermediate,r1,r2,c3,c3,0.631578947368421,Intermediate_result.csv
15,31,Intermediate,Intermediate,r1,r2,c3,c3,0.704225352112676,Intermediate_result.csv
15,42,Intermediate,Intermediate,r1,r2,c3,c3,0.6944444444444444,Intermediate_result.csv
15,51,Intermediate,Intermediate,r1,r2,c3,c3,0.6370967741935484,Intermediate_result.csv
17,10,Intermediate,Intermediate,r1,r2,c2,c2,0.8503401360544217,Intermediate_result.csv
17,15,Intermediate,Intermediate,r1,r2,c2,c2,0.8363636363636363,Intermediate_result.csv
17,18,Intermediate,Intermediate,r1,r2,c2,c2,0.8260869565217391,Intermediate_result.csv
17,21,Intermediate,Intermediate,r1,r2,c2,c2,0.8187919463087249,Intermediate_result.csv
17,22,Intermediate,Intermediate,r1,r2,c2,c2,0.816793893129771,Intermediate_result.csv
17,32,Intermediate,Intermediate,r1,r2,c2,c2,0.875,Intermediate_result.csv
17,45,Intermediate,Intermediate,r1,r2,c2,c2,0.8661971830985915,Intermediate_result.csv
17,53,Intermediate,Intermediate,r1,r2,c2,c2,0.8389261744966443,Intermediate_result.csv
18,11,Intermediate,Intermediate,r1,r2,c1,c1,0.8367346938775511,Intermediate_result.csv
18,12,Intermediate,Intermediate,r1,r2,c1,c1,0.8582089552238806,Intermediate_result.csv
18,13,Intermediate,Intermediate,r1,r2,c1,c1,0.8656716417910447,Intermediate_result.csv
18,19,Intermediate,Intermediate,r1,r2,c1,c1,0.8561643835616438,Intermediate_result.csv
18,23,Intermediate,Intermediate,r1,r2,c1,c1,0.9104477611940298,Intermediate_result.csv
18,34,Intermediate,Intermediate,r1,r2,c1,c1,0.8397435897435898,Intermediate_result.csv
18,44,Intermediate,Intermediate,r1,r2,c1,c1,0.8843537414965986,Intermediate_result.csv
19,14,Intermediate,Intermediate,r1,r2,c3,c3,0.6392405063291139,Intermediate_result.csv
19,17,Intermediate,Intermediate,r1,r2,c3,c3,0.5877192982456141,Intermediate_result.csv
19,31,Intermediate,Intermediate,r1,r2,c3,c3,0.6830985915492958,Intermediate_result.csv
19,42,Intermediate,Intermediate,r1,r2,c3,c3,0.6111111111111112,Intermediate_result.csv
19,51,Intermediate,Intermediate,r1,r2,c3,c3,0.6854838709677419,Intermediate_result.csv
20,14,Intermediate,Intermediate,r1,r2,c3,c3,0.8164556962025317,Intermediate_result.csv
20,17,Intermediate,Intermediate,r1,r2,c3,c3,0.7518796992481203,Intermediate_result.csv
20,31,Intermediate,Intermediate,r1,r2,c3,c3,0.7464788732394366,Intermediate_result.csv
20,42,Intermediate,Intermediate,r1,r2,c3,c3,0.7744360902255639,Intermediate_result.csv
20,51,Intermediate,Intermediate,r1,r2,c3,c3,0.8045112781954887,Intermediate_result.csv
21,14,Intermediate,Intermediate,r1,r2,c3,c3,0.6835443037974683,Intermediate_result.csv
21,17,Intermediate,Intermediate,r1,r2,c3,c3,0.6754385964912281,Intermediate_result.csv
21,31,Intermediate,Intermediate,r1,r2,c3,c3,0.676056338028169,Intermediate_result.csv
21,42,Intermediate,Intermediate,r1,r2,c3,c3,0.7129629629629629,Intermediate_result.csv
21,51,Intermediate,Intermediate,r1,r2,c3,c3,0.6209677419354839,Intermediate_result.csv
22,14,Intermediate,Intermediate,r1,r2,c3,c3,0.6518987341772152,Intermediate_result.csv
22,17,Intermediate,Intermediate,r1,r2,c3,c3,0.7416666666666667,Intermediate_result.csv
22,31,Intermediate,Intermediate,r1,r2,c3,c3,0.6971830985915493,Intermediate_result.csv
22,51,Intermediate,Intermediate,r1,r2,c3,c3,0.7258064516129032,Intermediate_result.csv
23,31,Intermediate,Intermediate,r1,r2,c3,c3,0.8450704225352113,Intermediate_result.csv
23,42,Intermediate,Intermediate,r1,r2,c3,c3,0.8175182481751825,Intermediate_result.csv
31,11,Intermediate,Intermediate,r1,r2,c1,c1,0.7891156462585034,Intermediate_result.csv
31,12,Intermediate,Intermediate,r1,r2,c1,c1,0.7037037037037037,Intermediate_result.csv
31,13,Intermediate,Intermediate,r1,r2,c1,c1,0.6962962962962963,Intermediate_result.csv
31,19,Intermediate,Intermediate,r1,r2,c1,c1,0.815068493150685,Intermediate_result.csv
31,20,Intermediate,Intermediate,r1,r2,c1,c1,0.7555555555555555,Intermediate_result.csv
31,34,Intermediate,Intermediate,r1,r2,c1,c1,0.7371794871794872,Intermediate_result.csv
31,44,Intermediate,Intermediate,r1,r2,c1,c1,0.7755102040816326,Intermediate_result.csv
32,19,Intermediate,Intermediate,r1,r2,c1,c1,0.8424657534246576,Intermediate_result.csv
32,20,Intermediate,Intermediate,r1,r2,c1,c1,0.8142857142857143,Intermediate_result.csv
32,23,Intermediate,Intermediate,r1,r2,c1,c1,0.8285714285714286,Intermediate_result.csv
32,34,Intermediate,Intermediate,r1,r2,c1,c1,0.75,Intermediate_result.csv
34,10,Intermediate,Intermediate,r1,r2,c2,c2,0.79375,Intermediate_result.csv
34,21,Intermediate,Intermediate,r1,r2,c2,c2,0.84375,Intermediate_result.csv
34,35,Intermediate,Intermediate,r1,r2,c2,c2,0.76875,Intermediate_result.csv
34,53,Intermediate,Intermediate,r1,r2,c2,c2,0.83125,Intermediate_result.csv
35,11,Intermediate,Intermediate,r1,r2,c1,c1,0.8435374149659864,Intermediate_result.csv
35,19,Intermediate,Intermediate,r1,r2,c1,c1,0.773972602739726,Intermediate_result.csv
35,20,Intermediate,Intermediate,r1,r2,c1,c1,0.6466165413533834,Intermediate_result.csv
35,23,Intermediate,Intermediate,r1,r2,c1,c1,0.9477611940298508,Intermediate_result.csv
35,34,Intermediate,Intermediate,r1,r2,c1,c1,0.7564102564102564,Intermediate_result.csv
35,44,Intermediate,Intermediate,r1,r2,c1,c1,0.8231292517006803,Intermediate_result.csv
42,10,Intermediate,Intermediate,r1,r2,c2,c2,0.8095238095238095,Intermediate_result.csv
42,15,Intermediate,Intermediate,r1,r2,c2,c2,0.913793103448276,Intermediate_result.csv
42,18,Intermediate,Intermediate,r1,r2,c2,c2,0.8405797101449275,Intermediate_result.csv
42,21,Intermediate,Intermediate,r1,r2,c2,c2,0.825503355704698,Intermediate_result.csv
42,22,Intermediate,Intermediate,r1,r2,c2,c2,0.8702290076335878,Intermediate_result.csv
42,32,Intermediate,Intermediate,r1,r2,c2,c2,0.853448275862069,Intermediate_result.csv
42,53,Intermediate,Intermediate,r1,r2,c2,c2,0.8523489932885906,Intermediate_result.csv
44,17,Intermediate,Intermediate,r1,r2,c3,c3,0.7857142857142857,Intermediate_result.csv
44,42,Intermediate,Intermediate,r1,r2,c3,c3,0.8376623376623377,Intermediate_result.csv
45,14,Intermediate,Intermediate,r1,r2,c3,c3,0.8544303797468354,Intermediate_result.csv
45,17,Intermediate,Intermediate,r1,r2,c3,c3,0.8723404255319149,Intermediate_result.csv
45,31,Intermediate,Intermediate,r1,r2,c3,c3,0.9014084507042254,Intermediate_result.csv
45,42,Intermediate,Intermediate,r1,r2,c3,c3,0.8439716312056738,Intermediate_result.csv
45,51,Intermediate,Intermediate,r1,r2,c3,c3,0.8581560283687943,Intermediate_result.csv
51,12,Intermediate,Intermediate,r1,r2,c1,c1,0.6984126984126984,Intermediate_result.csv
51,13,Intermediate,Intermediate,r1,r2,c1,c1,0.6942148760330579,Intermediate_result.csv
51,19,Intermediate,Intermediate,r1,r2,c1,c1,0.6712328767123288,Intermediate_result.csv
51,20,Intermediate,Intermediate,r1,r2,c1,c1,0.7355371900826446,Intermediate_result.csv
51,23,Intermediate,Intermediate,r1,r2,c1,c1,0.6567164179104478,Intermediate_result.csv
51,34,Intermediate,Intermediate,r1,r2,c1,c1,0.5961538461538461,Intermediate_result.csv
51,44,Intermediate,Intermediate,r1,r2,c1,c1,0.6394557823129252,Intermediate_result.csv
53,12,Intermediate,Intermediate,r1,r2,c1,c1,0.8471337579617835,Intermediate_result.csv
53,19,Intermediate,Intermediate,r1,r2,c1,c1,0.8662420382165605,Intermediate_result.csv
53,20,Intermediate,Intermediate,r1,r2,c1,c1,0.8343949044585988,Intermediate_result.csv
53,23,Intermediate,Intermediate,r1,r2,c1,c1,0.8089171974522293,Intermediate_result.csv
53,34,Intermediate,Intermediate,r1,r2,c1,c1,0.8789808917197452,Intermediate_result.csv
10,15,Intermediate,Intermediate,r1,r3,c1,c1,0.85625,Intermediate_result.csv
10,17,Intermediate,Intermediate,r1,r3,c1,c1,0.86875,Intermediate_result.csv
11,10,Intermediate,Intermediate,r1,r3,c3,c3,0.7847222222222222,Intermediate_result.csv
11,12,Intermediate,Intermediate,r1,r3,c3,c3,0.8540145985401459,Intermediate_result.csv
11,18,Intermediate,Intermediate,r1,r3,c3,c3,0.8321167883211679,Intermediate_result.csv
11,53,Intermediate,Intermediate,r1,r3,c3,c3,0.803921568627451,Intermediate_result.csv
12,11,Intermediate,Intermediate,r1,r3,c2,c2,0.8740740740740741,Intermediate_result.csv
12,20,Intermediate,Intermediate,r1,r3,c2,c2,0.8962962962962963,Intermediate_result.csv
12,44,Intermediate,Intermediate,r1,r3,c2,c2,0.9197080291970804,Intermediate_result.csv
12,51,Intermediate,Intermediate,r1,r3,c2,c2,0.8444444444444444,Intermediate_result.csv
13,20,Intermediate,Intermediate,r1,r3,c2,c2,0.712,Intermediate_result.csv
13,23,Intermediate,Intermediate,r1,r3,c2,c2,0.7435897435897436,Intermediate_result.csv
13,31,Intermediate,Intermediate,r1,r3,c2,c2,0.7768595041322314,Intermediate_result.csv
13,51,Intermediate,Intermediate,r1,r3,c2,c2,0.8220338983050848,Intermediate_result.csv
14,20,Intermediate,Intermediate,r1,r3,c2,c2,0.7357142857142858,Intermediate_result.csv
14,31,Intermediate,Intermediate,r1,r3,c2,c2,0.6428571428571429,Intermediate_result.csv
14,44,Intermediate,Intermediate,r1,r3,c2,c2,0.7571428571428571,Intermediate_result.csv
15,10,Intermediate,Intermediate,r1,r3,c3,c3,0.7222222222222222,Intermediate_result.csv
15,12,Intermediate,Intermediate,r1,r3,c3,c3,0.7441860465116279,Intermediate_result.csv
15,18,Intermediate,Intermediate,r1,r3,c3,c3,0.7045454545454546,Intermediate_result.csv
15,32,Intermediate,Intermediate,r1,r3,c3,c3,0.7155172413793104,Intermediate_result.csv
15,34,Intermediate,Intermediate,r1,r3,c3,c3,0.7089552238805971,Intermediate_result.csv
15,35,Intermediate,Intermediate,r1,r3,c3,c3,0.7155963302752294,Intermediate_result.csv
15,53,Intermediate,Intermediate,r1,r3,c3,c3,0.7320261437908496,Intermediate_result.csv
17,11,Intermediate,Intermediate,r1,r3,c2,c2,0.8270676691729323,Intermediate_result.csv
17,19,Intermediate,Intermediate,r1,r3,c2,c2,0.8148148148148148,Intermediate_result.csv
17,20,Intermediate,Intermediate,r1,r3,c2,c2,0.808,Intermediate_result.csv
17,23,Intermediate,Intermediate,r1,r3,c2,c2,0.811965811965812,Intermediate_result.csv
17,31,Intermediate,Intermediate,r1,r3,c2,c2,0.8099173553719008,Intermediate_result.csv
17,51,Intermediate,Intermediate,r1,r3,c2,c2,0.8389830508474576,Intermediate_result.csv
18,14,Intermediate,Intermediate,r1,r3,c1,c1,0.835820895522388,Intermediate_result.csv
18,15,Intermediate,Intermediate,r1,r3,c1,c1,0.8955223880597015,Intermediate_result.csv
18,21,Intermediate,Intermediate,r1,r3,c1,c1,0.8283582089552238,Intermediate_result.csv
18,22,Intermediate,Intermediate,r1,r3,c1,c1,0.8805970149253731,Intermediate_result.csv
18,42,Intermediate,Intermediate,r1,r3,c1,c1,0.8432835820895522,Intermediate_result.csv
18,45,Intermediate,Intermediate,r1,r3,c1,c1,0.8507462686567164,Intermediate_result.csv
19,10,Intermediate,Intermediate,r1,r3,c3,c3,0.6527777777777778,Intermediate_result.csv
19,12,Intermediate,Intermediate,r1,r3,c3,c3,0.6356589147286822,Intermediate_result.csv
19,13,Intermediate,Intermediate,r1,r3,c3,c3,0.7682926829268293,Intermediate_result.csv
19,18,Intermediate,Intermediate,r1,r3,c3,c3,0.6287878787878788,Intermediate_result.csv
19,32,Intermediate,Intermediate,r1,r3,c3,c3,0.5775862068965517,Intermediate_result.csv
19,34,Intermediate,Intermediate,r1,r3,c3,c3,0.6343283582089553,Intermediate_result.csv
19,35,Intermediate,Intermediate,r1,r3,c3,c3,0.6330275229357798,Intermediate_result.csv
20,12,Intermediate,Intermediate,r1,r3,c3,c3,0.8345864661654135,Intermediate_result.csv
20,32,Intermediate,Intermediate,r1,r3,c3,c3,0.7593984962406015,Intermediate_result.csv
20,34,Intermediate,Intermediate,r1,r3,c3,c3,0.8059701492537313,Intermediate_result.csv
20,35,Intermediate,Intermediate,r1,r3,c3,c3,0.7669172932330827,Intermediate_result.csv
21,10,Intermediate,Intermediate,r1,r3,c3,c3,0.6319444444444444,Intermediate_result.csv
21,12,Intermediate,Intermediate,r1,r3,c3,c3,0.7131782945736435,Intermediate_result.csv
21,13,Intermediate,Intermediate,r1,r3,c3,c3,0.7450980392156863,Intermediate_result.csv
21,18,Intermediate,Intermediate,r1,r3,c3,c3,0.7121212121212122,Intermediate_result.csv
21,32,Intermediate,Intermediate,r1,r3,c3,c3,0.6982758620689655,Intermediate_result.csv
21,34,Intermediate,Intermediate,r1,r3,c3,c3,0.6492537313432836,Intermediate_result.csv
21,35,Intermediate,Intermediate,r1,r3,c3,c3,0.6880733944954128,Intermediate_result.csv
21,53,Intermediate,Intermediate,r1,r3,c3,c3,0.6862745098039216,Intermediate_result.csv
22,10,Intermediate,Intermediate,r1,r3,c3,c3,0.6805555555555556,Intermediate_result.csv
22,12,Intermediate,Intermediate,r1,r3,c3,c3,0.7596899224806202,Intermediate_result.csv
22,13,Intermediate,Intermediate,r1,r3,c3,c3,0.8166666666666667,Intermediate_result.csv
22,18,Intermediate,Intermediate,r1,r3,c3,c3,0.6893939393939394,Intermediate_result.csv
22,32,Intermediate,Intermediate,r1,r3,c3,c3,0.725,Intermediate_result.csv
22,53,Intermediate,Intermediate,r1,r3,c3,c3,0.6993464052287581,Intermediate_result.csv
23,10,Intermediate,Intermediate,r1,r3,c3,c3,0.8541666666666666,Intermediate_result.csv
23,12,Intermediate,Intermediate,r1,r3,c3,c3,0.8394160583941606,Intermediate_result.csv
23,18,Intermediate,Intermediate,r1,r3,c3,c3,0.8686131386861314,Intermediate_result.csv
23,35,Intermediate,Intermediate,r1,r3,c3,c3,0.781021897810219,Intermediate_result.csv
31,15,Intermediate,Intermediate,r1,r3,c1,c1,0.762962962962963,Intermediate_result.csv
31,22,Intermediate,Intermediate,r1,r3,c1,c1,0.7407407407407407,Intermediate_result.csv
31,42,Intermediate,Intermediate,r1,r3,c1,c1,0.8222222222222222,Intermediate_result.csv
32,14,Intermediate,Intermediate,r1,r3,c1,c1,0.85,Intermediate_result.csv
32,15,Intermediate,Intermediate,r1,r3,c1,c1,0.8428571428571429,Intermediate_result.csv
32,22,Intermediate,Intermediate,r1,r3,c1,c1,0.8714285714285714,Intermediate_result.csv
32,42,Intermediate,Intermediate,r1,r3,c1,c1,0.8857142857142857,Intermediate_result.csv
34,19,Intermediate,Intermediate,r1,r3,c2,c2,0.8125,Intermediate_result.csv
34,20,Intermediate,Intermediate,r1,r3,c2,c2,0.7625,Intermediate_result.csv
35,14,Intermediate,Intermediate,r1,r3,c1,c1,0.8721804511278195,Intermediate_result.csv
35,17,Intermediate,Intermediate,r1,r3,c1,c1,0.8195488721804511,Intermediate_result.csv
35,45,Intermediate,Intermediate,r1,r3,c1,c1,0.8646616541353384,Intermediate_result.csv
42,20,Intermediate,Intermediate,r1,r3,c2,c2,0.824,Intermediate_result.csv
42,23,Intermediate,Intermediate,r1,r3,c2,c2,0.9145299145299144,Intermediate_result.csv
42,31,Intermediate,Intermediate,r1,r3,c2,c2,0.8429752066115702,Intermediate_result.csv
42,51,Intermediate,Intermediate,r1,r3,c2,c2,0.940677966101695,Intermediate_result.csv
44,10,Intermediate,Intermediate,r1,r3,c3,c3,0.8116883116883117,Intermediate_result.csv
44,12,Intermediate,Intermediate,r1,r3,c3,c3,0.7337662337662337,Intermediate_result.csv
44,13,Intermediate,Intermediate,r1,r3,c3,c3,0.8311688311688312,Intermediate_result.csv
44,32,Intermediate,Intermediate,r1,r3,c3,c3,0.7207792207792207,Intermediate_result.csv
44,53,Intermediate,Intermediate,r1,r3,c3,c3,0.8701298701298701,Intermediate_result.csv
45,13,Intermediate,Intermediate,r1,r3,c3,c3,0.8652482269503546,Intermediate_result.csv
45,18,Intermediate,Intermediate,r1,r3,c3,c3,0.9078014184397164,Intermediate_result.csv
45,53,Intermediate,Intermediate,r1,r3,c3,c3,0.8496732026143791,Intermediate_result.csv
51,14,Intermediate,Intermediate,r1,r3,c1,c1,0.627906976744186,Intermediate_result.csv
51,15,Intermediate,Intermediate,r1,r3,c1,c1,0.72,Intermediate_result.csv
51,17,Intermediate,Intermediate,r1,r3,c1,c1,0.6910569105691057,Intermediate_result.csv
51,21,Intermediate,Intermediate,r1,r3,c1,c1,0.7007874015748031,Intermediate_result.csv
51,22,Intermediate,Intermediate,r1,r3,c1,c1,0.7230769230769231,Intermediate_result.csv
51,45,Intermediate,Intermediate,r1,r3,c1,c1,0.6363636363636364,Intermediate_result.csv
53,15,Intermediate,Intermediate,r1,r3,c1,c1,0.8853503184713376,Intermediate_result.csv
53,17,Intermediate,Intermediate,r1,r3,c1,c1,0.8152866242038217,Intermediate_result.csv
53,42,Intermediate,Intermediate,r1,r3,c1,c1,0.8726114649681529,Intermediate_result.csv
53,45,Intermediate,Intermediate,r1,r3,c1,c1,0.821656050955414,Intermediate_result.csv
10,15,Intermediate,Intermediate,r2,r2,c2,c2,0.673469387755102,Intermediate_result.csv
10,18,Intermediate,Intermediate,r2,r2,c2,c2,0.6054421768707483,Intermediate_result.csv
10,21,Intermediate,Intermediate,r2,r2,c2,c2,0.7114093959731543,Intermediate_result.csv
10,32,Intermediate,Intermediate,r2,r2,c2,c2,0.7278911564625851,Intermediate_result.csv
10,35,Intermediate,Intermediate,r2,r2,c2,c2,0.6802721088435374,Intermediate_result.csv
10,45,Intermediate,Intermediate,r2,r2,c2,c2,0.6870748299319728,Intermediate_result.csv
10,53,Intermediate,Intermediate,r2,r2,c2,c2,0.5704697986577181,Intermediate_result.csv
11,12,Intermediate,Intermediate,r2,r2,c1,c1,0.6530612244897959,Intermediate_result.csv
11,13,Intermediate,Intermediate,r2,r2,c1,c1,0.7482993197278912,Intermediate_result.csv
11,19,Intermediate,Intermediate,r2,r2,c1,c1,0.6462585034013606,Intermediate_result.csv
11,23,Intermediate,Intermediate,r2,r2,c1,c1,0.5918367346938775,Intermediate_result.csv
11,44,Intermediate,Intermediate,r2,r2,c1,c1,0.5510204081632653,Intermediate_result.csv
12,19,Intermediate,Intermediate,r2,r2,c1,c1,0.636986301369863,Intermediate_result.csv
12,20,Intermediate,Intermediate,r2,r2,c1,c1,0.5238095238095238,Intermediate_result.csv
12,23,Intermediate,Intermediate,r2,r2,c1,c1,0.6940298507462687,Intermediate_result.csv
12,34,Intermediate,Intermediate,r2,r2,c1,c1,0.6153846153846154,Intermediate_result.csv
12,44,Intermediate,Intermediate,r2,r2,c1,c1,0.6190476190476191,Intermediate_result.csv
13,19,Intermediate,Intermediate,r2,r2,c1,c1,0.726027397260274,Intermediate_result.csv
13,20,Intermediate,Intermediate,r2,r2,c1,c1,0.5702479338842975,Intermediate_result.csv
13,23,Intermediate,Intermediate,r2,r2,c1,c1,0.753731343283582,Intermediate_result.csv
13,34,Intermediate,Intermediate,r2,r2,c1,c1,0.6602564102564102,Intermediate_result.csv
13,44,Intermediate,Intermediate,r2,r2,c1,c1,0.6598639455782312,Intermediate_result.csv
14,17,Intermediate,Intermediate,r2,r2,c3,c3,0.5506329113924051,Intermediate_result.csv
14,31,Intermediate,Intermediate,r2,r2,c3,c3,0.5443037974683544,Intermediate_result.csv
14,51,Intermediate,Intermediate,r2,r2,c3,c3,0.689873417721519,Intermediate_result.csv
15,18,Intermediate,Intermediate,r2,r2,c2,c2,0.6086956521739131,Intermediate_result.csv
15,21,Intermediate,Intermediate,r2,r2,c2,c2,0.5973154362416108,Intermediate_result.csv
15,22,Intermediate,Intermediate,r2,r2,c2,c2,0.6183206106870229,Intermediate_result.csv
15,35,Intermediate,Intermediate,r2,r2,c2,c2,0.6106870229007634,Intermediate_result.csv
15,45,Intermediate,Intermediate,r2,r2,c2,c2,0.6056338028169014,Intermediate_result.csv
15,53,Intermediate,Intermediate,r2,r2,c2,c2,0.6375838926174496,Intermediate_result.csv
17,31,Intermediate,Intermediate,r2,r2,c3,c3,0.5704225352112676,Intermediate_result.csv
17,42,Intermediate,Intermediate,r2,r2,c3,c3,0.6403508771929824,Intermediate_result.csv
17,51,Intermediate,Intermediate,r2,r2,c3,c3,0.6532258064516129,Intermediate_result.csv
18,21,Intermediate,Intermediate,r2,r2,c2,c2,0.5033557046979866,Intermediate_result.csv
18,22,Intermediate,Intermediate,r2,r2,c2,c2,0.6304347826086957,Intermediate_result.csv
18,32,Intermediate,Intermediate,r2,r2,c2,c2,0.6884057971014492,Intermediate_result.csv
18,35,Intermediate,Intermediate,r2,r2,c2,c2,0.5797101449275363,Intermediate_result.csv
18,53,Intermediate,Intermediate,r2,r2,c2,c2,0.5838926174496645,Intermediate_result.csv
19,20,Intermediate,Intermediate,r2,r2,c1,c1,0.6095890410958904,Intermediate_result.csv
19,23,Intermediate,Intermediate,r2,r2,c1,c1,0.5821917808219178,Intermediate_result.csv
19,34,Intermediate,Intermediate,r2,r2,c1,c1,0.5641025641025641,Intermediate_result.csv
20,23,Intermediate,Intermediate,r2,r2,c1,c1,0.6865671641791045,Intermediate_result.csv
20,44,Intermediate,Intermediate,r2,r2,c1,c1,0.6258503401360545,Intermediate_result.csv
21,22,Intermediate,Intermediate,r2,r2,c2,c2,0.6577181208053692,Intermediate_result.csv
21,32,Intermediate,Intermediate,r2,r2,c2,c2,0.697986577181208,Intermediate_result.csv
21,45,Intermediate,Intermediate,r2,r2,c2,c2,0.6241610738255033,Intermediate_result.csv
21,53,Intermediate,Intermediate,r2,r2,c2,c2,0.6778523489932886,Intermediate_result.csv
22,32,Intermediate,Intermediate,r2,r2,c2,c2,0.6870229007633588,Intermediate_result.csv
22,35,Intermediate,Intermediate,r2,r2,c2,c2,0.7709923664122137,Intermediate_result.csv
22,45,Intermediate,Intermediate,r2,r2,c2,c2,0.6901408450704225,Intermediate_result.csv
23,34,Intermediate,Intermediate,r2,r2,c1,c1,0.5833333333333334,Intermediate_result.csv
31,42,Intermediate,Intermediate,r2,r2,c3,c3,0.5070422535211268,Intermediate_result.csv
32,45,Intermediate,Intermediate,r2,r2,c2,c2,0.7253521126760564,Intermediate_result.csv
32,53,Intermediate,Intermediate,r2,r2,c2,c2,0.7046979865771812,Intermediate_result.csv
35,45,Intermediate,Intermediate,r2,r2,c2,c2,0.6408450704225352,Intermediate_result.csv
45,53,Intermediate,Intermediate,r2,r2,c2,c2,0.6442953020134228,Intermediate_result.csv
10,11,Intermediate,Intermediate,r2,r3,c2,c2,0.5782312925170068,Intermediate_result.csv
10,23,Intermediate,Intermediate,r2,r3,c2,c2,0.5578231292517006,Intermediate_result.csv
10,31,Intermediate,Intermediate,r2,r3,c2,c2,0.5102040816326531,Intermediate_result.csv
11,15,Intermediate,Intermediate,r2,r3,c1,c1,0.7619047619047619,Intermediate_result.csv
11,17,Intermediate,Intermediate,r2,r3,c1,c1,0.5986394557823129,Intermediate_result.csv
11,21,Intermediate,Intermediate,r2,r3,c1,c1,0.5850340136054422,Intermediate_result.csv
11,22,Intermediate,Intermediate,r2,r3,c1,c1,0.7210884353741497,Intermediate_result.csv
11,42,Intermediate,Intermediate,r2,r3,c1,c1,0.782312925170068,Intermediate_result.csv
12,14,Intermediate,Intermediate,r2,r3,c1,c1,0.6124031007751938,Intermediate_result.csv
12,15,Intermediate,Intermediate,r2,r3,c1,c1,0.6746031746031746,Intermediate_result.csv
12,17,Intermediate,Intermediate,r2,r3,c1,c1,0.6587301587301587,Intermediate_result.csv
12,21,Intermediate,Intermediate,r2,r3,c1,c1,0.5826771653543307,Intermediate_result.csv
12,22,Intermediate,Intermediate,r2,r3,c1,c1,0.7153846153846154,Intermediate_result.csv
13,14,Intermediate,Intermediate,r2,r3,c1,c1,0.7054263565891473,Intermediate_result.csv
13,15,Intermediate,Intermediate,r2,r3,c1,c1,0.624,Intermediate_result.csv
13,21,Intermediate,Intermediate,r2,r3,c1,c1,0.6692913385826772,Intermediate_result.csv
13,42,Intermediate,Intermediate,r2,r3,c1,c1,0.7094017094017094,Intermediate_result.csv
13,45,Intermediate,Intermediate,r2,r3,c1,c1,0.7024793388429752,Intermediate_result.csv
14,12,Intermediate,Intermediate,r2,r3,c3,c3,0.569620253164557,Intermediate_result.csv
14,13,Intermediate,Intermediate,r2,r3,c3,c3,0.8037974683544303,Intermediate_result.csv
14,18,Intermediate,Intermediate,r2,r3,c3,c3,0.5949367088607594,Intermediate_result.csv
14,34,Intermediate,Intermediate,r2,r3,c3,c3,0.6455696202531646,Intermediate_result.csv
15,11,Intermediate,Intermediate,r2,r3,c2,c2,0.5939849624060151,Intermediate_result.csv
15,19,Intermediate,Intermediate,r2,r3,c2,c2,0.6296296296296297,Intermediate_result.csv
15,23,Intermediate,Intermediate,r2,r3,c2,c2,0.6752136752136753,Intermediate_result.csv
15,44,Intermediate,Intermediate,r2,r3,c2,c2,0.6496350364963503,Intermediate_result.csv
15,51,Intermediate,Intermediate,r2,r3,c2,c2,0.635593220338983,Intermediate_result.csv
17,13,Intermediate,Intermediate,r2,r3,c3,c3,0.7280701754385965,Intermediate_result.csv
17,18,Intermediate,Intermediate,r2,r3,c3,c3,0.5681818181818182,Intermediate_result.csv
17,32,Intermediate,Intermediate,r2,r3,c3,c3,0.5258620689655172,Intermediate_result.csv
17,53,Intermediate,Intermediate,r2,r3,c3,c3,0.6209150326797386,Intermediate_result.csv
18,19,Intermediate,Intermediate,r2,r3,c2,c2,0.5652173913043478,Intermediate_result.csv
18,23,Intermediate,Intermediate,r2,r3,c2,c2,0.5217391304347826,Intermediate_result.csv
18,44,Intermediate,Intermediate,r2,r3,c2,c2,0.5434782608695652,Intermediate_result.csv
18,51,Intermediate,Intermediate,r2,r3,c2,c2,0.6594202898550725,Intermediate_result.csv
19,14,Intermediate,Intermediate,r2,r3,c1,c1,0.6164383561643836,Intermediate_result.csv
19,15,Intermediate,Intermediate,r2,r3,c1,c1,0.7123287671232876,Intermediate_result.csv
19,22,Intermediate,Intermediate,r2,r3,c1,c1,0.6506849315068494,Intermediate_result.csv
19,42,Intermediate,Intermediate,r2,r3,c1,c1,0.7054794520547946,Intermediate_result.csv
20,14,Intermediate,Intermediate,r2,r3,c1,c1,0.6511627906976745,Intermediate_result.csv
20,15,Intermediate,Intermediate,r2,r3,c1,c1,0.608,Intermediate_result.csv
20,17,Intermediate,Intermediate,r2,r3,c1,c1,0.6991869918699187,Intermediate_result.csv
20,21,Intermediate,Intermediate,r2,r3,c1,c1,0.6299212598425197,Intermediate_result.csv
20,42,Intermediate,Intermediate,r2,r3,c1,c1,0.6611570247933884,Intermediate_result.csv
21,11,Intermediate,Intermediate,r2,r3,c2,c2,0.6510067114093959,Intermediate_result.csv
21,19,Intermediate,Intermediate,r2,r3,c2,c2,0.610738255033557,Intermediate_result.csv
21,44,Intermediate,Intermediate,r2,r3,c2,c2,0.5503355704697986,Intermediate_result.csv
21,51,Intermediate,Intermediate,r2,r3,c2,c2,0.6711409395973155,Intermediate_result.csv
22,11,Intermediate,Intermediate,r2,r3,c2,c2,0.6691729323308271,Intermediate_result.csv
22,19,Intermediate,Intermediate,r2,r3,c2,c2,0.674074074074074,Intermediate_result.csv
22,20,Intermediate,Intermediate,r2,r3,c2,c2,0.6946564885496184,Intermediate_result.csv
22,23,Intermediate,Intermediate,r2,r3,c2,c2,0.648854961832061,Intermediate_result.csv
22,31,Intermediate,Intermediate,r2,r3,c2,c2,0.5801526717557252,Intermediate_result.csv
22,44,Intermediate,Intermediate,r2,r3,c2,c2,0.7445255474452555,Intermediate_result.csv
23,21,Intermediate,Intermediate,r2,r3,c1,c1,0.7611940298507462,Intermediate_result.csv
23,22,Intermediate,Intermediate,r2,r3,c1,c1,0.8208955223880597,Intermediate_result.csv
31,10,Intermediate,Intermediate,r2,r3,c3,c3,0.6875,Intermediate_result.csv
31,13,Intermediate,Intermediate,r2,r3,c3,c3,0.7535211267605634,Intermediate_result.csv
31,18,Intermediate,Intermediate,r2,r3,c3,c3,0.5563380281690141,Intermediate_result.csv
31,32,Intermediate,Intermediate,r2,r3,c3,c3,0.6267605633802817,Intermediate_result.csv
31,34,Intermediate,Intermediate,r2,r3,c3,c3,0.528169014084507,Intermediate_result.csv
31,35,Intermediate,Intermediate,r2,r3,c3,c3,0.4718309859154929,Intermediate_result.csv
31,53,Intermediate,Intermediate,r2,r3,c3,c3,0.5555555555555556,Intermediate_result.csv
32,11,Intermediate,Intermediate,r2,r3,c2,c2,0.6917293233082706,Intermediate_result.csv
32,19,Intermediate,Intermediate,r2,r3,c2,c2,0.6592592592592592,Intermediate_result.csv
32,20,Intermediate,Intermediate,r2,r3,c2,c2,0.672,Intermediate_result.csv
32,44,Intermediate,Intermediate,r2,r3,c2,c2,0.6715328467153284,Intermediate_result.csv
32,51,Intermediate,Intermediate,r2,r3,c2,c2,0.6610169491525424,Intermediate_result.csv
34,22,Intermediate,Intermediate,r2,r3,c1,c1,0.6730769230769231,Intermediate_result.csv
34,45,Intermediate,Intermediate,r2,r3,c1,c1,0.6089743589743589,Intermediate_result.csv
35,11,Intermediate,Intermediate,r2,r3,c2,c2,0.706766917293233,Intermediate_result.csv
35,19,Intermediate,Intermediate,r2,r3,c2,c2,0.6518518518518519,Intermediate_result.csv
35,20,Intermediate,Intermediate,r2,r3,c2,c2,0.6717557251908397,Intermediate_result.csv
35,23,Intermediate,Intermediate,r2,r3,c2,c2,0.6412213740458015,Intermediate_result.csv
35,44,Intermediate,Intermediate,r2,r3,c2,c2,0.6058394160583942,Intermediate_result.csv
35,51,Intermediate,Intermediate,r2,r3,c2,c2,0.6335877862595419,Intermediate_result.csv
42,10,Intermediate,Intermediate,r2,r3,c3,c3,0.6458333333333334,Intermediate_result.csv
42,18,Intermediate,Intermediate,r2,r3,c3,c3,0.6212121212121212,Intermediate_result.csv
42,32,Intermediate,Intermediate,r2,r3,c3,c3,0.6896551724137931,Intermediate_result.csv
42,34,Intermediate,Intermediate,r2,r3,c3,c3,0.6044776119402985,Intermediate_result.csv
42,35,Intermediate,Intermediate,r2,r3,c3,c3,0.5596330275229358,Intermediate_result.csv
44,14,Intermediate,Intermediate,r2,r3,c1,c1,0.54421768707483,Intermediate_result.csv
44,21,Intermediate,Intermediate,r2,r3,c1,c1,0.5714285714285714,Intermediate_result.csv
44,22,Intermediate,Intermediate,r2,r3,c1,c1,0.6938775510204082,Intermediate_result.csv
45,19,Intermediate,Intermediate,r2,r3,c2,c2,0.6549295774647887,Intermediate_result.csv
45,20,Intermediate,Intermediate,r2,r3,c2,c2,0.7394366197183099,Intermediate_result.csv
45,51,Intermediate,Intermediate,r2,r3,c2,c2,0.647887323943662,Intermediate_result.csv
51,10,Intermediate,Intermediate,r2,r3,c3,c3,0.7152777777777778,Intermediate_result.csv
51,12,Intermediate,Intermediate,r2,r3,c3,c3,0.8062015503875969,Intermediate_result.csv
51,18,Intermediate,Intermediate,r2,r3,c3,c3,0.7575757575757576,Intermediate_result.csv
51,32,Intermediate,Intermediate,r2,r3,c3,c3,0.7096774193548387,Intermediate_result.csv
51,35,Intermediate,Intermediate,r2,r3,c3,c3,0.6935483870967742,Intermediate_result.csv
51,53,Intermediate,Intermediate,r2,r3,c3,c3,0.673202614379085,Intermediate_result.csv
53,11,Intermediate,Intermediate,r2,r3,c2,c2,0.4697986577181208,Intermediate_result.csv
53,19,Intermediate,Intermediate,r2,r3,c2,c2,0.5570469798657718,Intermediate_result.csv
53,20,Intermediate,Intermediate,r2,r3,c2,c2,0.5234899328859061,Intermediate_result.csv
53,23,Intermediate,Intermediate,r2,r3,c2,c2,0.5100671140939598,Intermediate_result.csv
10,12,Intermediate,Intermediate,r3,r3,c3,c3,0.6388888888888888,Intermediate_result.csv
10,13,Intermediate,Intermediate,r3,r3,c3,c3,0.7638888888888888,Intermediate_result.csv
10,18,Intermediate,Intermediate,r3,r3,c3,c3,0.6597222222222222,Intermediate_result.csv
11,19,Intermediate,Intermediate,r3,r3,c2,c2,0.5925925925925926,Intermediate_result.csv
11,20,Intermediate,Intermediate,r3,r3,c2,c2,0.5864661654135338,Intermediate_result.csv
11,23,Intermediate,Intermediate,r3,r3,c2,c2,0.4812030075187969,Intermediate_result.csv
11,31,Intermediate,Intermediate,r3,r3,c2,c2,0.5263157894736842,Intermediate_result.csv
11,44,Intermediate,Intermediate,r3,r3,c2,c2,0.5766423357664233,Intermediate_result.csv
11,51,Intermediate,Intermediate,r3,r3,c2,c2,0.556390977443609,Intermediate_result.csv
12,18,Intermediate,Intermediate,r3,r3,c3,c3,0.5757575757575758,Intermediate_result.csv
12,32,Intermediate,Intermediate,r3,r3,c3,c3,0.6201550387596899,Intermediate_result.csv
12,34,Intermediate,Intermediate,r3,r3,c3,c3,0.5970149253731343,Intermediate_result.csv
12,35,Intermediate,Intermediate,r3,r3,c3,c3,0.5658914728682171,Intermediate_result.csv
12,53,Intermediate,Intermediate,r3,r3,c3,c3,0.6535947712418301,Intermediate_result.csv
13,18,Intermediate,Intermediate,r3,r3,c3,c3,0.7727272727272727,Intermediate_result.csv
13,32,Intermediate,Intermediate,r3,r3,c3,c3,0.7672413793103449,Intermediate_result.csv
13,35,Intermediate,Intermediate,r3,r3,c3,c3,0.7798165137614679,Intermediate_result.csv
13,53,Intermediate,Intermediate,r3,r3,c3,c3,0.7516339869281046,Intermediate_result.csv
14,15,Intermediate,Intermediate,r3,r3,c1,c1,0.6976744186046512,Intermediate_result.csv
14,17,Intermediate,Intermediate,r3,r3,c1,c1,0.5271317829457365,Intermediate_result.csv
14,21,Intermediate,Intermediate,r3,r3,c1,c1,0.4108527131782946,Intermediate_result.csv
14,22,Intermediate,Intermediate,r3,r3,c1,c1,0.7461538461538462,Intermediate_result.csv
14,42,Intermediate,Intermediate,r3,r3,c1,c1,0.7829457364341085,Intermediate_result.csv
14,45,Intermediate,Intermediate,r3,r3,c1,c1,0.4806201550387597,Intermediate_result.csv
15,17,Intermediate,Intermediate,r3,r3,c1,c1,0.752,Intermediate_result.csv
15,21,Intermediate,Intermediate,r3,r3,c1,c1,0.6850393700787402,Intermediate_result.csv
15,22,Intermediate,Intermediate,r3,r3,c1,c1,0.676923076923077,Intermediate_result.csv
15,42,Intermediate,Intermediate,r3,r3,c1,c1,0.616,Intermediate_result.csv
15,45,Intermediate,Intermediate,r3,r3,c1,c1,0.68,Intermediate_result.csv
17,21,Intermediate,Intermediate,r3,r3,c1,c1,0.5433070866141733,Intermediate_result.csv
17,42,Intermediate,Intermediate,r3,r3,c1,c1,0.7967479674796748,Intermediate_result.csv
17,45,Intermediate,Intermediate,r3,r3,c1,c1,0.5853658536585366,Intermediate_result.csv
18,32,Intermediate,Intermediate,r3,r3,c3,c3,0.5909090909090909,Intermediate_result.csv
18,34,Intermediate,Intermediate,r3,r3,c3,c3,0.5895522388059702,Intermediate_result.csv
18,35,Intermediate,Intermediate,r3,r3,c3,c3,0.5227272727272727,Intermediate_result.csv
18,53,Intermediate,Intermediate,r3,r3,c3,c3,0.6013071895424836,Intermediate_result.csv
19,20,Intermediate,Intermediate,r3,r3,c2,c2,0.5851851851851851,Intermediate_result.csv
19,23,Intermediate,Intermediate,r3,r3,c2,c2,0.5185185185185185,Intermediate_result.csv
19,31,Intermediate,Intermediate,r3,r3,c2,c2,0.6,Intermediate_result.csv
19,44,Intermediate,Intermediate,r3,r3,c2,c2,0.5474452554744526,Intermediate_result.csv
19,51,Intermediate,Intermediate,r3,r3,c2,c2,0.6222222222222222,Intermediate_result.csv
20,23,Intermediate,Intermediate,r3,r3,c2,c2,0.472,Intermediate_result.csv
20,51,Intermediate,Intermediate,r3,r3,c2,c2,0.648,Intermediate_result.csv
21,22,Intermediate,Intermediate,r3,r3,c1,c1,0.7692307692307693,Intermediate_result.csv
21,42,Intermediate,Intermediate,r3,r3,c1,c1,0.7637795275590551,Intermediate_result.csv
21,45,Intermediate,Intermediate,r3,r3,c1,c1,0.5354330708661418,Intermediate_result.csv
23,31,Intermediate,Intermediate,r3,r3,c2,c2,0.4876033057851239,Intermediate_result.csv
23,44,Intermediate,Intermediate,r3,r3,c2,c2,0.4890510948905109,Intermediate_result.csv
23,51,Intermediate,Intermediate,r3,r3,c2,c2,0.5677966101694916,Intermediate_result.csv
31,44,Intermediate,Intermediate,r3,r3,c2,c2,0.5912408759124088,Intermediate_result.csv
31,51,Intermediate,Intermediate,r3,r3,c2,c2,0.6033057851239669,Intermediate_result.csv
32,35,Intermediate,Intermediate,r3,r3,c3,c3,0.5948275862068966,Intermediate_result.csv
34,35,Intermediate,Intermediate,r3,r3,c3,c3,0.5298507462686567,Intermediate_result.csv
35,53,Intermediate,Intermediate,r3,r3,c3,c3,0.6274509803921569,Intermediate_result.csv
42,45,Intermediate,Intermediate,r3,r3,c1,c1,0.7520661157024794,Intermediate_result.csv
44,51,Intermediate,Intermediate,r3,r3,c2,c2,0.6642335766423357,Intermediate_result.csv
