"random_effect","experiment","dimension","AIC","BIC"
"rand_a","within_trial_within_2","Shape",-23305.9966901743,-23269.2856597688
"rand_a","within_trial_within_2","Length",-11780.5906515267,-11743.8796211212
"rand_a","within_trial_within_2","Direction",-16997.5653709965,-16960.854340591
"rand_a","within_trial_within_2","Position",-14653.4092229687,-14616.6981925632
"rand_a","within_trial_within_2","Duration",-10694.5925778231,-10657.8815474176
"rand_a","within_trial_within_5","Shape",-17250.8264094802,-17215.9013642007
"rand_a","within_trial_within_5","Length",-8829.84952890447,-8794.92448362502
"rand_a","within_trial_within_5","Direction",-12375.7611592552,-12340.8361139757
"rand_a","within_trial_within_5","Position",-10891.9556539313,-10857.0306086518
"rand_a","within_trial_within_5","Duration",-7424.23122735611,-7389.30618207666
"rand_a","within_trial_between_2","Shape",-46652.6207870333,-46618.4996039466
"rand_a","within_trial_between_2","Length",-23766.8243577545,-23732.7031746678
"rand_a","within_trial_between_2","Direction",-33208.7539673367,-33174.63278425
"rand_a","within_trial_between_2","Position",-28854.8525699414,-28820.7313868546
"rand_a","within_trial_between_2","Duration",-21707.4594374587,-21673.338254372
"rand_a","within_trial_between_5","Shape",-33463.8448031035,-33431.3710877906
"rand_a","within_trial_between_5","Length",-17270.519377244,-17238.0456619311
"rand_a","within_trial_between_5","Direction",-23954.8922196958,-23922.4185043829
"rand_a","within_trial_between_5","Position",-21303.1167140367,-21270.6429987238
"rand_a","within_trial_between_5","Duration",-15021.3111475042,-14988.8374321913
"rand_a","within_group","Shape",-40467.0211576101,-40400.2826075958
"rand_a","within_group","Length",-20503.4927410172,-20436.754191003
"rand_a","within_group","Direction",-29208.9648927063,-29142.226342692
"rand_a","within_group","Position",-25385.7524197713,-25319.013869757
"rand_a","within_group","Duration",-18119.8147845172,-18053.0762345029
"rand_a","between_group","Shape",-80005.5079090397,-79961.311028101
"rand_a","between_group","Length",-41061.7322831101,-41017.5354021714
"rand_a","between_group","Direction",-56769.9417601906,-56725.7448792519
"rand_a","between_group","Position",-49801.5936856642,-49757.3968047255
"rand_a","between_group","Duration",-36645.4898838792,-36601.2930029406
"rand_b","within_trial_within_2","Shape",-23374.8567156483,-23338.1456852428
"rand_b","within_trial_within_2","Length",-11697.3047768071,-11660.5937464016
"rand_b","within_trial_within_2","Direction",-16952.5808357495,-16915.869805344
"rand_b","within_trial_within_2","Position",-14651.1934765314,-14614.4824461258
"rand_b","within_trial_within_2","Duration",-10451.79527791,-10415.0842475045
"rand_b","within_trial_within_5","Shape",-17376.8812480901,-17341.9562028107
"rand_b","within_trial_within_5","Length",-8864.40242758353,-8829.47738230409
"rand_b","within_trial_within_5","Direction",-12638.3922451526,-12603.4671998732
"rand_b","within_trial_within_5","Position",-10824.5139059082,-10789.5888606288
"rand_b","within_trial_within_5","Duration",-7240.0946792235,-7205.16963394406
"rand_b","within_trial_between_2","Shape",-47645.6090707892,-47611.4878877025
"rand_b","within_trial_between_2","Length",-23943.4283977493,-23909.3072146626
"rand_b","within_trial_between_2","Direction",-34283.4585111456,-34249.3373280589
"rand_b","within_trial_between_2","Position",-29130.0879594843,-29095.9667763975
"rand_b","within_trial_between_2","Duration",-21927.0632274605,-21892.9420443738
"rand_b","within_trial_between_5","Shape",-34104.9517227162,-34072.4780074033
"rand_b","within_trial_between_5","Length",-17404.274216499,-17371.8005011861
"rand_b","within_trial_between_5","Direction",-24551.664856172,-24519.1911408591
"rand_b","within_trial_between_5","Position",-21178.8974962132,-21146.4237809003
"rand_b","within_trial_between_5","Duration",-15278.0215893174,-15245.5478740045
"rand_b","within_group","Shape",-40598.1108782551,-40531.3723282408
"rand_b","within_group","Length",-20491.4896419761,-20424.7510919618
"rand_b","within_group","Direction",-29369.6714466926,-29302.9328966783
"rand_b","within_group","Position",-25390.923711613,-25324.1851615987
"rand_b","within_group","Duration",-17746.2986644129,-17679.5601143986
"rand_b","between_group","Shape",-81562.2183513726,-81518.0214704339
"rand_b","between_group","Length",-41037.651408087,-40993.4545271483
"rand_b","between_group","Direction",-58471.7430418453,-58427.5461609066
"rand_b","between_group","Position",-50061.5721770877,-50017.375296149
"rand_b","between_group","Duration",-37076.5454413491,-37032.3485604105
"rand_both","within_trial_within_2","Shape",-23644.6007188023,-23601.7711833292
"rand_both","within_trial_within_2","Length",-12103.2937330256,-12060.4641975525
"rand_both","within_trial_within_2","Direction",-17421.0741556263,-17378.2446201532
"rand_both","within_trial_within_2","Position",-14964.3422145569,-14921.5126790838
"rand_both","within_trial_within_2","Duration",-11908.1954072334,-11865.3658717603
"rand_both","within_trial_within_5","Shape",-17610.4913464428,-17569.7454602834
"rand_both","within_trial_within_5","Length",-9008.31653117319,-8967.57064501384
"rand_both","within_trial_within_5","Direction",-12979.8156533325,-12939.0697671731
"rand_both","within_trial_within_5","Position",-11137.4641800132,-11096.7182938539
"rand_both","within_trial_within_5","Duration",-8227.53001375435,-8186.784127595
"rand_both","within_trial_between_2","Shape",-48233.8953308813,-48192.9499111772
"rand_both","within_trial_between_2","Length",-24865.5346641205,-24824.5892444164
"rand_both","within_trial_between_2","Direction",-35209.1961787599,-35168.2507590558
"rand_both","within_trial_between_2","Position",-29763.1732913979,-29722.2278716938
"rand_both","within_trial_between_2","Duration",-24640.169874175,-24599.224454471
"rand_both","within_trial_between_5","Shape",-34509.0765931631,-34470.1081347876
"rand_both","within_trial_between_5","Length",-17928.5338862119,-17889.5654278364
"rand_both","within_trial_between_5","Direction",-25344.3948695706,-25305.4264111951
"rand_both","within_trial_between_5","Position",-21724.9850769674,-21686.016618592
"rand_both","within_trial_between_5","Duration",-16985.585831174,-16946.6173727985
"rand_both","within_group","Shape",-40933.2146479346,-40859.8022429188
"rand_both","within_group","Length",-20876.2388783605,-20802.8264733448
"rand_both","within_group","Direction",-29875.0837441047,-29801.671339089
"rand_both","within_group","Position",-25785.6365018665,-25712.2240968508
"rand_both","within_group","Duration",-20079.573320921,-20006.1609159053
"rand_both","between_group","Shape",-82181.6686922767,-82130.1056645149
"rand_both","between_group","Length",-42136.7405065387,-42085.1774787769
"rand_both","between_group","Direction",-59359.6303136445,-59308.0672858827
"rand_both","between_group","Position",-50836.959015512,-50785.3959877502
"rand_both","between_group","Duration",-41045.2581884106,-40993.6951606488
"rand_none","within_trial_within_2","Shape",-23161.6403482717,-23131.0478229338
"rand_none","within_trial_within_2","Length",-11504.8973317467,-11474.3048064088
"rand_none","within_trial_within_2","Direction",-16687.9138077774,-16657.3212824394
"rand_none","within_trial_within_2","Position",-14452.4818833158,-14421.8893579779
"rand_none","within_trial_within_2","Duration",-9839.55155212982,-9808.95902679188
"rand_none","within_trial_within_5","Shape",-17144.7174578294,-17115.6132534299
"rand_none","within_trial_within_5","Length",-8761.10618963112,-8732.00198523159
"rand_none","within_trial_within_5","Direction",-12215.8405299792,-12186.7363255797
"rand_none","within_trial_within_5","Position",-10691.8265066658,-10662.7223022662
"rand_none","within_trial_within_5","Duration",-6833.40713011681,-6804.30292571727
"rand_none","within_trial_between_2","Shape",-46295.5394212679,-46268.2424747985
"rand_none","within_trial_between_2","Length",-23085.6203881032,-23058.3234416338
"rand_none","within_trial_between_2","Direction",-32642.8484141918,-32615.5514677224
"rand_none","within_trial_between_2","Position",-28387.3240005836,-28360.0270541143
"rand_none","within_trial_between_2","Duration",-20063.731632495,-20036.4346860257
"rand_none","within_trial_between_5","Shape",-33235.4453836556,-33209.4664114053
"rand_none","within_trial_between_5","Length",-16896.6733514468,-16870.6943791965
"rand_none","within_trial_between_5","Direction",-23473.7872509907,-23447.8082787404
"rand_none","within_trial_between_5","Position",-20879.3137152552,-20853.3347430049
"rand_none","within_trial_between_5","Duration",-13995.6534651062,-13969.6744928558
"rand_none","within_group","Shape",-40308.0533082609,-40247.988613248
"rand_none","within_group","Length",-20262.420660589,-20202.3559655761
"rand_none","within_group","Direction",-28902.2888375135,-28842.2241425006
"rand_none","within_group","Position",-25146.1480858427,-25086.0833908299
"rand_none","within_group","Duration",-16649.2813467509,-16589.216651738
"rand_none","between_group","Shape",-79601.3781322746,-79564.547398159
"rand_none","between_group","Length",-40113.075091858,-40076.2443577424
"rand_none","between_group","Direction",-56174.3944844036,-56137.563750288
"rand_none","between_group","Position",-49180.7219110209,-49143.8911769053
"rand_none","between_group","Duration",-34036.0202334151,-33999.1894992995
