exp_a,exp_b,trial_id,expertise_a,expertise_b,Shape,Direction,Length,Position,Duration,baseline_Shape,baseline_Direction,baseline_Length,baseline_Position,baseline_Duration
1,3,2,high,none,0.1157280413701944,-0.111726462597495,0.1120693552019926,0.0900561013227605,-0.1477837699453243,0.8769395889718996,0.7704575914118367,0.8797755286677909,0.7696264643295008,0.8685629907245451
1,5,2,high,none,0.1239326019950158,-0.0729152267996964,0.1099294210724909,0.1438910765538742,-0.1362453785423772,0.8670514099321397,0.7799808574593219,0.8780322622970838,0.766859045354837,0.8332150755120742
1,12,2,high,none,0.1202781719228571,-0.0815198502276715,0.1443764201021045,0.1482776258710133,-0.1880285036450125,0.8711342149140312,0.6822744024002427,0.842912171003519,0.7360405093057936,0.8437397105415643
1,28,2,high,none,0.1099851615279547,-0.0215215554718696,0.1232275977530076,0.1691235619763617,-0.1854080497043042,0.8797712695749899,0.7154088264104954,0.8637671190763145,0.7306424668753068,0.807029671325926
1,30,2,high,none,0.1165346652227007,-0.1007949435920907,0.1200496972854262,0.1725090161086565,-0.2091373783606327,0.8722926330243913,0.835151239882852,0.8657300903214934,0.7759026390966539,0.8437527629760174
1,36,2,high,none,0.1083001736450091,-0.1115778886382357,0.1143159294211992,0.1203202394162119,-0.1195154546613794,0.8795052816600919,0.7918009083046116,0.8717220929172729,0.7614372453988636,0.8195154546613794
1,38,2,high,none,0.1050694300599852,-0.0934440491376517,0.0987412655492498,0.0768645257904844,-0.1179290426131285,0.8858432571576886,0.7682331582581344,0.8879888239213446,0.7765131553851919,0.829910609433405
1,59,2,high,none,0.108969991242705,-0.031006791232489,0.1095614455106989,0.1880583385599484,-0.1670140907035372,0.880166132355912,0.7601523506700025,0.8743557623971064,0.7491264396722954,0.8566692631173304
1,93,2,high,none,0.115442172621934,0.0193530004370889,0.0989997535648737,0.0914329017156743,-0.1747576111785043,0.873178003368967,0.711523640787272,0.8809820739019862,0.7665855832080617,0.8269315242219826
1,96,2,high,none,0.1124171701029926,-0.1143125058296118,0.1144156868773539,0.1474067105482301,-0.2102721127027084,0.8777632504842177,0.7711811047146855,0.8715556598779988,0.7435534540154358,0.82317533850916
1,106,2,high,none,0.1003641604212143,-0.0619696416712898,0.1058868075282177,0.1511164849616724,-0.1271624203729882,0.8876107657784816,0.789061794333562,0.8796864652612693,0.7713617920642418,0.8414481346587024
1,110,2,high,none,0.1141810637891288,-0.0275630982904422,0.0998343091058659,0.1296162205935356,-0.1377877827307023,0.8759174182328399,0.8006914381757644,0.8871311976613199,0.7884873190994377,0.8274429551444955
1,116,2,high,none,0.1128570041402768,0.032190523480825,0.1050962873609003,0.1708935152924878,-0.2393594596532611,0.8785122040346127,0.7627860238380809,0.8828482173413187,0.7677350141534088,0.8454200657138671
1,141,2,high,none,0.1229519619955442,-0.0429899693652091,0.129298735463056,0.1708128796630875,-0.2463285708224711,0.8663601896466222,0.7601408848162452,0.8546768440990089,0.7582882535568958,0.8550242229963843
1,154,2,high,none,0.1251294258906228,-0.1051231029148169,0.1463776562177605,0.1541024352080737,-0.1111967715653384,0.8667678030598382,0.6749729548660472,0.8427863339993574,0.736225117307677,0.8503272063479472
1,163,2,high,none,0.1118415910334161,-0.0052096051063037,0.117675829845754,0.1013342213443116,-0.1920497815768125,0.8767416012095938,0.7905284351489013,0.8668835853912097,0.7814608070791663,0.8239377671233347
1,181,2,high,none,0.1261468742546651,-0.004881218697724,0.1074379941157815,0.1471849578671861,-0.1319543951917565,0.8638696403692585,0.7740834167264109,0.877021405357683,0.7769524154965396,0.8094543951917565
1,189,2,high,none,0.1121138426624638,-0.0903460819091257,0.104108974294593,0.088445318056593,-0.2302565640879702,0.87689335221579,0.8062328503090714,0.8819121068298452,0.7873497965236186,0.8431597898944219
1,196,2,high,none,0.1169665186397155,-0.0497328005114656,0.1423402332374157,0.1249887665466912,-0.1004052895150782,0.8721809097155355,0.6828711730986852,0.8419232511794964,0.7531807234770574,0.8579810470908358
1,201,2,high,none,0.1124100026800515,-0.0316562452150643,0.0842985229906478,0.113806340707088,-0.1418075494507075,0.8789608649882162,0.7876899057730186,0.9031315791916372,0.7651041461168917,0.8501408827840409
1,204,2,high,none,0.1366506436466544,-0.0750803949895133,0.1866793373853914,0.13195253911166,-0.0847964467419264,0.8467976714385895,0.6223896828743809,0.7892459311348468,0.7301935990511054,0.8347964467419264
1,211,2,high,none,0.109973620186175,-0.0593955225289264,0.1094556916382173,0.1562824075826473,-0.1759095739981018,0.8836606354971366,0.7416023352352796,0.8831922106359209,0.7632141026398109,0.8055392036277316
1,216,2,high,none,0.1152135958058536,-0.0545376713610227,0.1181955844929207,0.1646760667667669,-0.1218662765108555,0.8728550417166165,0.7647745301361502,0.8662746484610007,0.7676750836849329,0.8361519907965698
26,3,2,high,none,0.1189063501889649,-0.0546747613527733,0.112308611118894,0.0768596536762826,-0.208473749302715,0.8729013466918305,0.7847506091135605,0.8777890435303899,0.7738212426365866,0.8448373856663515
26,5,2,high,none,0.1093710395454703,-0.0238233514185116,0.1169002243807212,0.1346548044301712,-0.2034371164544391,0.8814309886627925,0.8104051086027976,0.8699940545333185,0.7854980530669307,0.8131932140154148
26,12,2,high,none,0.1163459718208133,-0.0250004481345096,0.1307509850828244,0.1027127777182068,-0.2101695968813675,0.8746270005788319,0.7753553343183475,0.8578603796627374,0.7569766707382799,0.8369553111670818
26,28,2,high,none,0.1034770508930261,0.003989755607835,0.1010328558007152,0.1676825951176984,-0.2311118518957676,0.8859280206933757,0.7551146306037775,0.8861372360274148,0.7605889761774025,0.8447482155321313
26,30,2,high,none,0.1212163575455171,-0.0868530602856135,0.1071922402291031,0.0956465006878796,-0.174939527355324,0.8686357909538719,0.7846727604466897,0.8807551549591639,0.7674480212085464,0.8286126907736149
26,36,2,high,none,0.1215155274111888,0.0307881211700637,0.1054612099340442,0.1437882937798797,-0.2243338566611898,0.8687401735803058,0.6947483862986894,0.8798221905885741,0.7433301777363075,0.833029508835103
26,38,2,high,none,0.1204326097933264,-0.0395104027596902,0.1060912010213268,0.0429551361348425,-0.205596434297709,0.8711448892005106,0.7924322290570871,0.8822590013668927,0.7792083248875511,0.83654881525009
26,59,2,high,none,0.1082169076412989,-0.0327811985913084,0.0945326181515071,0.1284544217793679,-0.1658731895276688,0.880139832019663,0.7938792121386952,0.8895654116848651,0.7646948574817859,0.8230160466705259
26,93,2,high,none,0.1230443182871906,0.0267116174604133,0.1121832828461772,0.0823824442887817,-0.207418901473408,0.866067098471374,0.6405695276176728,0.871124997746364,0.7681799121798927,0.8426738903869335
26,96,2,high,none,0.1077449682756467,-0.0523254276787333,0.1170150465675868,0.1316516624949782,-0.194432412316257,0.8840530932481787,0.8124613212844974,0.8729137948287351,0.770962641631885,0.8372895551733999
26,106,2,high,none,0.1140144490491598,0.0171977029325531,0.0907620004358731,0.1435346164802269,-0.2608740041907571,0.8757544168429063,0.7995510845882797,0.895374062415984,0.7747307875615781,0.8396581232974569
26,110,2,high,none,0.1147403088216268,-0.0588634019161214,0.118947210607017,0.1446082612157275,-0.1824857071936527,0.876886983743508,0.8065367064405732,0.8690943843720729,0.7769520778463126,0.834659620237131
26,116,2,high,none,0.1104224181732278,-0.0320126219224137,0.1269276116532498,0.1607888186482476,-0.2112009815398127,0.8803191882262408,0.8217943689971208,0.8607291449689407,0.7616503913499844,0.8244707762612203
26,141,2,high,none,0.1128946717321338,0.0180328279839718,0.0940473108570466,0.1447052053225566,-0.183441220894277,0.8765404098152406,0.7858915155763807,0.8925471304179562,0.7704428869114233,0.8233984858515421
26,154,2,high,none,0.1225377076268373,-0.1143567739159289,0.120121222519816,0.1777695388623602,-0.237226835033437,0.8685202518235711,0.7475528574578747,0.867836844167929,0.7430432528431493,0.8248227429618258
26,163,2,high,none,0.1163277804029775,-0.0504173134607052,0.1093043926677875,0.0901645686084136,-0.2133392677851568,0.8734628319160584,0.8112170476349853,0.8753253006907079,0.7785906371323186,0.8349608894067786
26,181,2,high,none,0.1063918125533902,-0.0733323150827043,0.0901219067453802,0.1371517865331277,-0.2107849379053008,0.8824325699149633,0.7491322147749448,0.8925058509476238,0.7587552550732966,0.8408171440244635
26,189,2,high,none,0.1102295893853694,-0.0699446616030508,0.1221980321053159,0.1144182059140774,-0.1819135845485376,0.8804654422747188,0.7742039502411298,0.8647295926775097,0.7548306866933283,0.8123483671572334
26,196,2,high,none,0.1134995180601101,-0.0744310731644952,0.1115413258067127,0.1629279634431699,-0.2034100891673701,0.8754447665077316,0.7210557635061621,0.8726237756808278,0.7660989892891827,0.8397737255310066
26,201,2,high,none,0.1175885063208436,-0.0377879905229618,0.1154859515122967,0.1286606764263216,-0.2238345923884607,0.8727013358201117,0.7560998227788207,0.8725818765680465,0.7678074362766892,0.8238345923884607
26,204,2,high,none,0.1426629519055331,0.0506923447483875,0.1236223122129746,0.2480541215474034,-0.2866002144941771,0.8433738147676559,0.5685418873081318,0.8514613061746832,0.6225688057208236,0.8535645002084629
26,211,2,high,none,0.1099804459494164,-0.0515364802724178,0.1064846276255813,0.1597242961605143,-0.226888114632046,0.8832283593722859,0.7823340047426133,0.8840574767243313,0.7517318381778487,0.8343811118309257
26,216,2,high,none,0.0944129456883492,-0.0572522048709318,0.0735397725232921,0.1277026693988664,-0.2609638842416951,0.893957746103078,0.7778758468184332,0.9097661551896108,0.7510235560453343,0.8535564768342877
48,3,2,high,none,0.117011241649692,-0.0889569211854255,0.1046052645057838,0.0872791167210892,-0.1102344354023419,0.8772356934520328,0.8386473194659193,0.8876034714053163,0.788333064606045,0.8375071626750692
48,5,2,high,none,0.1127073413759137,-0.177913743656909,0.1298955115968324,0.1393968549182008,-0.1206551616862089,0.8813868601414734,0.8052756834500311,0.862613781229898,0.7666694546611488,0.8048656880019983
48,12,2,high,none,0.1167493525144858,-0.036654506314984,0.1144580574279651,0.1553287395835223,-0.1663712250512649,0.8763653880472907,0.7547394951619942,0.8751805924253339,0.7708267636792198,0.8122045583845982
48,28,2,high,none,0.1107825671769631,-0.1155192819481938,0.1083328519119998,0.1226868940895267,-0.1620345297978768,0.8810037332706709,0.8056238057559448,0.8794870950887457,0.7564770201158076,0.8101114528747999
48,30,2,high,none,0.130031861754319,-0.0374192400260867,0.1383857071167172,0.1996876067451091,-0.146127345577095,0.8611373752705825,0.7506482049828136,0.8513503100387132,0.7498885569642502,0.8127940122437618
48,36,2,high,none,0.1223259418024084,-0.0493596304253407,0.1094524066748967,0.1577830419935023,-0.151166855412091,0.8703248545018221,0.7563683591777903,0.8815531289514527,0.7331954848169605,0.8304525696978053
48,38,2,high,none,0.1102637546330161,-0.0955336140557716,0.1109039438512722,0.1241476407069065,-0.1373516381922893,0.8834637194753483,0.8087476381652645,0.880416650959846,0.7555800583084358,0.8516373524780035
48,59,2,high,none,0.1103481751726577,-0.0581409232565981,0.0955200370205688,0.154524196394123,-0.196503339264894,0.8819309339569099,0.7875500565644604,0.8932102346417747,0.7699504768391519,0.8540221362573752
48,93,2,high,none,0.1144583339809672,-0.0569817955359376,0.1461476972268791,0.1527103490473761,-0.1880684406466208,0.8773359383453936,0.6937197194172804,0.84472231811948,0.7516615700083404,0.8269573295355098
48,96,2,high,none,0.120888629156321,-0.0381334796997057,0.1222232461698075,0.1638936027532987,-0.2601768622315157,0.8717632343974875,0.8104576523772877,0.866572597072149,0.7915087651882694,0.8408220235218382
48,106,2,high,none,0.1138276796952947,-0.117070306001826,0.1146113782277857,0.1469999359736159,-0.0939061509283911,0.8779881625741192,0.8114317862558423,0.8762303764902303,0.7789316035781718,0.8330365857109999
48,110,2,high,none,0.1187756907985431,-0.0825473934030761,0.1341615805668888,0.126666153355924,-0.1338286049073467,0.8754540050795264,0.8045829710854301,0.8583980588234832,0.770796251079765,0.8294807788203902
48,116,2,high,none,0.1048733707038579,-0.0574836554574015,0.0951265517504394,0.1334092663283949,-0.2145946260268708,0.8892617581672316,0.8067198436569281,0.8970051355038304,0.7990343713148392,0.8431660545982993
48,141,2,high,none,0.1198080499739251,-0.0249420997970823,0.0975495548742227,0.1183993052667783,-0.1994586628001972,0.8722153608299988,0.763206541867212,0.89212051430398,0.7605055710660972,0.8394586628001971
48,154,2,high,none,0.1177192621509768,-0.0581156878147277,0.1241915414103738,0.0992504800816038,-0.1220569589495788,0.8743584577856988,0.7575111059283426,0.865445479173919,0.7620345926141544,0.836342673235293
48,163,2,high,none,0.1247991136341956,-0.0560821673602227,0.107566367414578,0.1441406000444492,-0.1771057752545828,0.8675257485049341,0.7831609520354625,0.8814250536803817,0.7758129580849255,0.8292796882980611
48,181,2,high,none,0.117836806955729,-0.0780141055340029,0.1222760005719754,0.1385430709820672,-0.1305008472077807,0.876166925061252,0.7592434575514404,0.8696893280465147,0.7638530340908578,0.8447865614934951
48,189,2,high,none,0.1136227329319977,-0.0426484506509137,0.0995029257235079,0.1722847095665868,-0.194146785624555,0.8789142813421432,0.7628515235688222,0.8917159743994445,0.7817830543857756,0.8608134522912216
48,196,2,high,none,0.1132397398989114,-0.0376346253374468,0.1130522414423865,0.1506003275524123,-0.1188362963136597,0.8772875472251371,0.7739469251377249,0.8713568326595331,0.7576830679444568,0.8461090235863871
48,201,2,high,none,0.1204913305302018,-0.1345714856330784,0.1404162242799089,0.1664930862759108,-0.1251873045082128,0.8730239117555069,0.7947916858503941,0.8509287245685365,0.7460250946143816,0.8423301616510699
48,204,2,high,none,0.1356781370779659,0.1091119000882345,0.1729926241874829,0.1109365034120275,-0.0696596921780738,0.8546215767230232,0.5485974558831086,0.8119884120834161,0.7480204807663209,0.8474374699558518
48,211,2,high,none,0.1151998214163345,-0.0986402955904053,0.1182358997290655,0.1015902425186621,-0.1894381468672953,0.8794247670134653,0.8089685185939581,0.876092114638443,0.7706964892207442,0.8416120599107736
48,216,2,high,none,0.11516584140663,-0.0203181138871575,0.1102368495986889,0.1904678660815854,-0.0982729613568453,0.875717673483287,0.7778320874078339,0.8763944045245966,0.7607716588482831,0.8351150666200033
68,3,2,high,none,0.1108307019024676,-0.0385765622764748,0.100158379061893,0.1134827844435647,-0.1521056106836457,0.8840202426533603,0.775355151408933,0.8942594486439968,0.7683128925603879,0.8708556106836457
68,5,2,high,none,0.1162014194963124,-0.0079335391540797,0.103425582515605,0.1889163441977275,-0.1306732220288015,0.8773236165465728,0.784373801409605,0.8896263252917097,0.7652702001807525,0.8269841574701717
68,12,2,high,none,0.1188067627640191,-0.0280964892953164,0.1193836785364934,0.1253641098703193,-0.1522156134918723,0.874886945335544,0.7682750815755345,0.8723398301283347,0.758898813833419,0.8261286569701332
68,28,2,high,none,0.1120263149214627,-0.0750907057651875,0.1133107744657448,0.16043844636809,-0.1516856118637053,0.8809340698000542,0.758284880535421,0.877905334949949,0.7647908917215633,0.818352278530372
68,30,2,high,none,0.1278860022078815,-0.0319568335988358,0.130194006462281,0.1680531823929069,-0.1457002546476213,0.8652500685634588,0.7790906035167198,0.8622578128239402,0.7762881214491931,0.8470516059989728
68,36,2,high,none,0.1181828499228118,-0.0303219549432072,0.1415090821449143,0.141056176925832,-0.1166329573617538,0.8763385511059096,0.7274848248212451,0.8519283916751919,0.7443066865320356,0.8221509753797719
68,38,2,high,none,0.1175156654319936,-0.0328033648089426,0.10153383402023,0.0891225776272448,-0.1609779072100288,0.8767592835790945,0.8110444575752948,0.8905050330247005,0.7534531355711802,0.8395493357814574
68,59,2,high,none,0.1095279971979809,-0.1010479487475187,0.1048327971900453,0.1364124733645797,-0.1804507560512873,0.8828099443360561,0.7920265538680423,0.8845060290331939,0.775620219378159,0.8356231698443908
68,93,2,high,none,0.12308506102177,0.0564901685886304,0.1766547045369483,0.1282915459140079,-0.1847399938754853,0.8712353087803504,0.5983344912870343,0.8156638248018547,0.7097131502867783,0.851406660542152
68,96,2,high,none,0.1130685036165437,-0.0256413843781257,0.1164519527589003,0.1431803674179266,-0.2039648933606294,0.8803254881191235,0.8062004651536724,0.8748207696322438,0.7806854909542069,0.8335945229902592
68,106,2,high,none,0.1106469403116255,-0.0375996605744841,0.1080591229116475,0.1600394018443901,-0.129320805310327,0.8825591744003772,0.8076219059617897,0.8839355255286782,0.7631680039736684,0.8311726571621789
68,110,2,high,none,0.1194378143570769,-0.0190586728687026,0.1080658276969532,0.2022160791330154,-0.1340125514999691,0.8751011171323781,0.7755770565559879,0.8858559493921371,0.7480539794443746,0.8340125514999691
68,116,2,high,none,0.1131666950745067,-0.0053953839105551,0.1158748614063089,0.1382957063699839,-0.1809102419806212,0.8809785023891884,0.8168903471691444,0.876580209018354,0.7944676452875838,0.8347563958267752
68,141,2,high,none,0.1169390645721387,-0.0379565952102367,0.1214751446159226,0.1365536340108192,-0.2110742254619639,0.8766274791194345,0.813998282715212,0.8691584421126942,0.7715419394551123,0.8255847149724536
68,154,2,high,none,0.1134862110955484,-0.0692308256501874,0.1188244426388864,0.1424451708057452,-0.142986522558083,0.8793915663781736,0.7691397197453154,0.8716791227902501,0.7453776827028835,0.8386386964711265
68,163,2,high,none,0.1148984439079116,-0.033912524683884,0.1022116256237517,0.1402004682338984,-0.1689105496587746,0.8770654965611941,0.7886217082822107,0.8880903540533016,0.7689781893977159,0.8491053548535799
68,181,2,high,none,0.1281466815964789,-0.0508312460353705,0.1330694762320053,0.1843871258691858,-0.1327155539366777,0.8667504669329696,0.7476461135477985,0.8605297000508287,0.7698368248998583,0.8205360667571906
68,189,2,high,none,0.1161862284469704,-0.0491584251013468,0.140465816138432,0.1434127550801431,-0.2225062468947461,0.8775610963877429,0.7538223620468444,0.8513278818308977,0.7513166251132132,0.8408535858303203
68,196,2,high,none,0.1034811136864378,-0.0483550036223693,0.1132646255148439,0.1182020325210908,-0.1398419115617012,0.8863282092756272,0.796371468636445,0.8734350188008182,0.7669266291411303,0.8354940854747447
68,201,2,high,none,0.1218551396400503,-0.0976615525772387,0.1038480890721162,0.1947860913968839,-0.1702444225509296,0.8726855386771,0.7720592876762112,0.8895689653091389,0.7466536975439383,0.8369110892175963
68,204,2,high,none,0.143109826655552,0.0144225495131595,0.2186015186114588,0.1363118621232001,-0.0837032920242808,0.8508178437506693,0.5899352095291921,0.772699600614222,0.7347271338305829,0.8337032920242808
68,211,2,high,none,0.1193081043810846,-0.0447890299927387,0.1250004563108544,0.1803149553808248,-0.1703265666199226,0.8755295647858455,0.8006609951223154,0.8688640750492508,0.7733851772471798,0.8369932332865893
68,216,2,high,none,0.1249086354975664,-0.0937033632703581,0.1236259694261469,0.1613750957433969,-0.1061979299791725,0.8685494557632581,0.7583695397845178,0.8670746746953558,0.7397477075428416,0.8441842000020559
69,3,2,high,none,0.1209099313085735,-0.0549637901011272,0.1039638493344677,0.0649018958313699,-0.1841487810605975,0.8722673241854972,0.7707453782709783,0.8862512156963321,0.7802771408463456,0.832816382743627
69,5,2,high,none,0.1173016698583921,-0.0822485193614867,0.1101248465085262,0.2047561548828536,-0.2076288824534111,0.8753910828236586,0.7745734711797462,0.8796761698655603,0.7418827711475264,0.8409622157867445
69,12,2,high,none,0.1203757019605566,-0.0968056812996532,0.1078982623951999,0.1066665644416178,-0.1692812847793493,0.8717176061745512,0.7938477756483973,0.8818436717926413,0.780280266432801,0.835947951446016
69,28,2,high,none,0.1091822307607948,-0.0804733183710433,0.1183676769777805,0.1763966194190005,-0.1811842674252866,0.8827610722387151,0.793295843696777,0.8699390341748483,0.7657191833545111,0.8333581804687649
69,30,2,high,none,0.1215348797709565,-0.0664719599978399,0.1194938192506308,0.1432440212209975,-0.1779320140859699,0.8705315476034012,0.7616972926241846,0.8684418391361131,0.7668639649219995,0.8131870029994954
69,36,2,high,none,0.1259948376030286,-0.0373424974969777,0.1508502542249042,0.1270353290748983,-0.1732856766680751,0.8655089065289217,0.6879557425797322,0.835305046104137,0.7396432966822276,0.8184469669906559
69,38,2,high,none,0.1080521969902901,-0.074983849870864,0.1127266126609536,0.0900766125450505,-0.1737601203841663,0.8835752577803488,0.7843025937949372,0.8751478618516128,0.772388972466725,0.840426787050833
69,59,2,high,none,0.1141397535462337,-0.0382037639489092,0.1064726139946579,0.1227191015092644,-0.1637450444366153,0.8762914186891191,0.7918153826100847,0.8803500729467673,0.7725408517161858,0.830411711103282
69,93,2,high,none,0.131914248296291,-0.0153830285186014,0.1742435015191684,0.1507539362186037,-0.1724189696489502,0.8593776420914253,0.6285687923848366,0.8116040307260861,0.7267670635640037,0.8390856363156167
69,96,2,high,none,0.1050529602252809,-0.0645371927481787,0.1068505012789143,0.1252128581017951,-0.1711764252900299,0.8872742920638452,0.7814247211861358,0.8827460413446311,0.7915337880795102,0.8271702777490464
69,106,2,high,none,0.1083318030309923,-0.1046308336593784,0.1097702056980844,0.141812446680239,-0.2371674068786772,0.8819704740132412,0.7857024173378805,0.8776409182688526,0.761670827929263,0.842430564773414
69,110,2,high,none,0.1072408437668112,0.0050490930617544,0.1008282794888327,0.1800380700601097,-0.2090534343118513,0.8851680822378476,0.751485064876739,0.88889544456753,0.7385129780608546,0.8396577228108766
69,116,2,high,none,0.108329718429293,-0.0014307669795207,0.109651406498993,0.1443233797692369,-0.2389665473156139,0.8843293158543859,0.7863066116739491,0.880456004669953,0.7866484276318333,0.8347112281666778
69,141,2,high,none,0.1107333161756274,-0.0334338805232756,0.1062211462317767,0.1429465317688063,-0.1553149639770539,0.8809787850880866,0.7956922425050557,0.8826332807462907,0.7687601436546376,0.8219816306437205
69,154,2,high,none,0.1078613186149931,-0.1004806492891899,0.1075647646791716,0.1319497995193229,-0.1659133625306047,0.8844709592302297,0.7692453538878107,0.8814696092563657,0.7746623001911247,0.8325800291972714
69,163,2,high,none,0.1208216313515966,-0.0566463922735972,0.1198932173060057,0.1496458326738813,-0.1994946823405554,0.8701986989622605,0.7965879583667024,0.8662979637550238,0.7540281422761336,0.8228054931513662
69,181,2,high,none,0.1246106948531351,-0.0190769398983272,0.1533218388964466,0.1834831710704373,-0.2063668232158284,0.8676989400352574,0.701393308076278,0.8355490944968424,0.7399742595745914,0.8534256467452401
69,189,2,high,none,0.1142382165521351,-0.0849858998256795,0.1065794247291488,0.104946039819652,-0.2212093649097889,0.8776253336852636,0.711178424005203,0.8814525455444826,0.760562134132988,0.8335831022835263
69,196,2,high,none,0.1161220381578457,-0.0804810707429808,0.1184344485356041,0.0972146443678931,-0.1517651694325602,0.8747799993403136,0.792371493011947,0.870142318241656,0.7744054454815952,0.8335833512507421
69,201,2,high,none,0.1211430680591167,-0.1328972097119458,0.1358564510639948,0.1322483793653515,-0.1950015192055595,0.8718066679746577,0.7637242722708522,0.8531765650815033,0.7471494370895451,0.8512515192055595
69,204,2,high,none,0.1496214713272864,0.0342181323403848,0.2382728923846311,0.1067644754239378,-0.1327512168564676,0.8410716151712784,0.5637544404403533,0.7465183427050297,0.7457028489922892,0.7756083597136104
69,211,2,high,none,0.1208676009511355,-0.0807690819884943,0.1116172805106813,0.1452633536195809,-0.1539234892231031,0.8734397398888428,0.794044400036882,0.8810669252586333,0.7823506363971536,0.8344790447786588
69,216,2,high,none,0.1206487200612252,-0.0895582838218111,0.121829861464798,0.1609946469458241,-0.2297191977761346,0.8692122605401204,0.7014233542995867,0.8638089868227852,0.7664723358571975,0.8405186367663169
80,3,2,high,none,0.1168325634548348,-0.1527565389139925,0.1315571149988083,0.1146736001006418,-0.1151130867007755,0.8750296563304174,0.7603573103641191,0.8582159030869609,0.7416700445482431,0.8423858139735029
80,5,2,high,none,0.1135028933017612,-0.0430131449792824,0.1254353788409439,0.1467159187283981,-0.1154934021368608,0.8756220094188267,0.6968637978796972,0.8615944875395687,0.7523232711341103,0.8427661294095882
80,12,2,high,none,0.1259903266218381,-0.0613634959900494,0.1702368655969608,0.1201402420932378,-0.1416142867996009,0.8629955156605839,0.620385573170987,0.8168826300862349,0.7431186591680246,0.8339219791072933
80,28,2,high,none,0.1276845510027581,-0.0163498581840373,0.1508627605528101,0.1155545995057606,-0.213197577977158,0.8600948544875191,0.6383632401737158,0.8348555494426564,0.7299992876529613,0.8308446368006874
80,30,2,high,none,0.1217893705131658,-0.0505796710356221,0.1347782442695355,0.1115159188710492,-0.2035489923103483,0.8663789983778174,0.7561778554985467,0.851647027088936,0.7431861235988972,0.8362020535348381
80,36,2,high,none,0.1142420820090278,-0.0700669730078352,0.1083741707635929,0.0929413266730272,-0.1206425872419048,0.8731150309825397,0.7964139262041477,0.8745958253844808,0.7650893280344955,0.8574846925050628
80,38,2,high,none,0.1166854716196106,-0.0359678674304758,0.1162092252554465,0.1110953489904263,-0.1509670913643673,0.8733468883902282,0.6933812224221656,0.8702144017139865,0.7771516452490651,0.8384670913643674
80,59,2,high,none,0.1260459442611676,0.0187909774525474,0.1388701766765229,0.0776577895282744,-0.1319751392687062,0.8604348942015703,0.6584631937190644,0.8423010618901943,0.7497792921530324,0.8242828315763985
80,93,2,high,none,0.1302094595696499,-0.056961687879288,0.1234480237256674,0.155920886229808,-0.0979038080315877,0.8556423016443342,0.7496343942932819,0.8526837616061138,0.7268037079448251,0.8186830288108085
80,96,2,high,none,0.110794426043419,-0.0104359988843331,0.1299577835519838,0.0882377957206294,-0.2450533842650881,0.8791761812315594,0.7272393851071406,0.8544918752278665,0.7450796826988814,0.8145514537631577
80,106,2,high,none,0.1143622624311103,-0.0428940803837554,0.1089943552646427,0.1701712502186264,-0.0772569154216764,0.8723817380489675,0.7219766012878919,0.8765315232807916,0.7493501987852362,0.8391616773264383
80,110,2,high,none,0.1148480085825813,-0.1156803403640686,0.1027008240984337,0.0774882094219382,-0.0817036901417738,0.8756489821799825,0.7924796721139894,0.8849813649476173,0.778469145288588,0.8317036901417738
80,116,2,high,none,0.109821816591951,-0.0116621971382916,0.1194862306624066,0.0736040245359591,-0.1907885031885424,0.8794275850245918,0.7025444589791374,0.8678851689080244,0.7807234695821532,0.8289703213703606
80,141,2,high,none,0.1155518955084315,-0.0462781185400205,0.1202126978123282,0.15352588588864,-0.2608834433986786,0.871208910929236,0.7428426586863506,0.863061373749058,0.775527141518009,0.8442167767320119
80,154,2,high,none,0.1394979177833312,-0.0384434596399384,0.1831902748590217,0.1574534447303529,-0.1070419027043534,0.8519071912989744,0.6285215046741885,0.8054017971265015,0.728313460009196,0.8235597598472105
80,163,2,high,none,0.1072132332885434,-0.0149382270922627,0.1113375359328316,0.1060623818343171,-0.2267237658357218,0.8783564781111842,0.7311811687882476,0.8673978826467811,0.7804447364964611,0.8630874021993583
80,181,2,high,none,0.1116756919197019,0.0092264227658425,0.095751156728449,0.0632096003033489,-0.1260861442836793,0.8762651398752153,0.785785186675384,0.8866953981837961,0.7846836576401749,0.8403718585693936
80,189,2,high,none,0.1067266470850233,0.0176667712430913,0.0967900889449122,0.1496693967499599,-0.2314186317111126,0.8803618399058932,0.7628521330671187,0.8836624834116507,0.775368306907434,0.8260132263057072
80,196,2,high,none,0.1309861744354242,-0.01376116781433,0.1659165423289959,0.1566787057918296,-0.1123989290621043,0.8558732686197285,0.6023679349505986,0.8152497739036757,0.7232390677233396,0.8396716563348317
80,201,2,high,none,0.1086957043807419,-0.1218694630713637,0.1040800415546875,0.0657797985273966,-0.142005796083257,0.8806991615713846,0.8147562913251496,0.8824627487719738,0.7780157298696712,0.842005796083257
80,204,2,high,none,0.1168624501041503,-0.0834975916827488,0.1536942688368485,0.0700642829154112,-0.0679277546911465,0.8638504500586222,0.7301569304757243,0.8212361598685117,0.7455436173429584,0.8457055324689244
80,211,2,high,none,0.1183390439883395,0.0017433827802109,0.1502293457441894,0.149728172028953,-0.1703511680901669,0.8749558974501602,0.6630176692199614,0.8420975464547897,0.7224875368082992,0.8370178347568337
80,216,2,high,none,0.1128469845013911,-0.0540222365281094,0.1163073047658855,0.0771515930838443,-0.0803910654125155,0.8712006947919241,0.7808562854480134,0.8627458857287804,0.7625296908206662,0.8581688431902934
82,3,2,high,none,0.1170398126194094,-0.0367118969609678,0.1078527295190736,0.0812532274646978,-0.226613105690536,0.8754898186081477,0.8063174232099597,0.8819176169178193,0.7957539271007914,0.8353087578644491
82,5,2,high,none,0.1243642870180152,-0.009875393841033,0.1218320382139042,0.1420071480908196,-0.234177727223114,0.866946798094837,0.7899196393929333,0.8659371735144734,0.7742304220485835,0.859177727223114
82,12,2,high,none,0.1172081563568682,-0.0291776988727641,0.1142397551040032,0.0950294722139533,-0.1447578935776272,0.8743617412887215,0.7746569670763865,0.874416422926936,0.776545596831281,0.822177248416337
82,28,2,high,none,0.116320206896856,-0.0093750263201193,0.1145111360981512,0.1230294771281462,-0.2011954197106769,0.8753714074610672,0.7838413037178669,0.8723557167996187,0.7768883120692053,0.8233269852384688
82,30,2,high,none,0.116706347944693,-0.0348070106380898,0.1219301360014218,0.1831276475999985,-0.1772589563261888,0.8740075459463879,0.7698565548111054,0.8665486928627679,0.7571216670823971,0.8283459128479279
82,36,2,high,none,0.118149764230338,-0.032134334169048,0.1519651130620938,0.1291173914138463,-0.2115874452001215,0.8730641311033255,0.7495038011613022,0.8350261768733627,0.7408822822816059,0.829234504023651
82,38,2,high,none,0.1119668811601545,-0.0661759787498756,0.1162429251058395,0.109216760168238,-0.2427885462358868,0.8793513758435243,0.7896458309827568,0.8724278846282453,0.7572201282819796,0.8381627666101072
82,59,2,high,none,0.113159652441146,-0.1013980072852342,0.1173742241290756,0.1520168150684648,-0.1650831320605887,0.8757686533057623,0.8053247100843292,0.8675644527689194,0.7745783736660223,0.8111931889865851
82,93,2,high,none,0.122503062110638,0.0501871333565706,0.1384242604299489,0.125734380210148,-0.1921840153125292,0.867560334591915,0.6015336663139152,0.8443207674194981,0.7474917219588589,0.8429776661061801
82,96,2,high,none,0.1150770974875439,-0.0141590558757789,0.1102915888321994,0.1560206600173702,-0.1961632772854766,0.8772376095288732,0.7920278525079552,0.8790135334520921,0.7789039045832431,0.8432221008148886
82,106,2,high,none,0.1093897559084995,-0.0601565227985687,0.1103627182111164,0.1155553817017855,-0.2446476240912372,0.8807110932091088,0.7945335355587129,0.8753379865005176,0.7878824862165926,0.8383976240912372
82,110,2,high,none,0.1140342254210937,-0.0125975661821819,0.135922178262617,0.1590709690022577,-0.2050629773585696,0.8776539915853151,0.7818818036335691,0.8527633199170663,0.7375981402743164,0.8567173891232756
82,116,2,high,none,0.1133020346234918,-0.003185448168005,0.1070959098194824,0.1483592259966397,-0.2135710010301575,0.8791336653932633,0.7825551655973957,0.8824838013477366,0.7706002775153237,0.8326186200777765
82,141,2,high,none,0.1107078171743316,-0.0585196162731466,0.0985644818522943,0.1243207330438094,-0.182312311413169,0.8808610929704402,0.8262939427403095,0.8896392922209917,0.783697744684824,0.8413678381386491
82,154,2,high,none,0.1080019200269339,-0.1080509158931609,0.110580045915827,0.1191200897015087,-0.189588781038306,0.8836456455548156,0.7817150941443485,0.87841389715997,0.7684743603524682,0.8324459238954488
82,163,2,high,none,0.111530504083221,-0.0119135019646429,0.1005839260551573,0.1098643083592301,-0.2169145481459254,0.8789848504602981,0.7820645803735549,0.8858341557278024,0.7796841616749565,0.8454859767173539
82,181,2,high,none,0.1221166340152675,0.021825088863641,0.1304616909754753,0.1601681529790709,-0.2058186954279276,0.8699991120281083,0.6911192700012005,0.859895270701047,0.7531103439727297,0.8489121611020385
82,189,2,high,none,0.104473680596191,-0.0490841710419749,0.1023978835441604,0.1448532243957163,-0.1702236304189879,0.8871974698506366,0.7477444150187771,0.8852821550767597,0.7537147663288705,0.8264736304189879
82,196,2,high,none,0.1182178632242527,-0.0745311203657302,0.1141571759501302,0.1159903763521044,-0.2305034446208167,0.8707435809276673,0.7555380973994431,0.869777845675938,0.760837392874667,0.8458880600054322
82,201,2,high,none,0.1274734519628613,-0.0020910476272679,0.1398855945085942,0.1347826577864952,-0.2475094536380724,0.8642289069509735,0.7391826009681969,0.8463982237745469,0.754265460122382,0.8308427869714057
82,204,2,high,none,0.1423974205460061,0.0671827051164716,0.1879299046591435,0.1838744867255033,-0.3045141198576323,0.8465584017291998,0.5387737320372296,0.7924553638663512,0.6841971237394366,0.8499686653121777
82,211,2,high,none,0.1141548471690668,0.0111033503127161,0.124177254203991,0.1195544792400925,-0.1943641468076883,0.8795938773854506,0.8041104902923706,0.8672456320745721,0.7821894249450811,0.8399337670608528
82,216,2,high,none,0.1223423870932306,0.0727459393335255,0.1561658562013356,0.1824646221785011,-0.298728466625356,0.8678888964668983,0.6861388033217277,0.8297693903144026,0.7340851915206507,0.8542840221809116
86,3,2,high,none,0.1267809334091205,-0.0070214461781907,0.1644812537709051,0.1665943305082532,-0.2403736935813832,0.8663285159681131,0.6861911041933406,0.8260909418018141,0.7483897339772679,0.8312827844904742
86,5,2,high,none,0.1304920923205265,0.0543134038919437,0.1399823041061806,0.1800758938779589,-0.2651689620368715,0.8626937403869419,0.690335935637074,0.8504499217605165,0.7239888692738766,0.8465363188014359
86,12,2,high,none,0.1105511736640768,0.0057407168219411,0.11199778791708,0.108587631179337,-0.213843516116482,0.8823064796115567,0.7696496182332567,0.8780845882691425,0.7691009821238188,0.8374546272275931
86,28,2,high,none,0.1162705649416429,-0.0401411245952763,0.1204519497494488,0.1117989501691631,-0.2339934396209826,0.8765220020485458,0.7510433231515472,0.868802230365129,0.7514420420436323,0.8265860322135752
86,30,2,high,none,0.1296427175985234,0.006725905881835,0.1654135692270391,0.1489091811321787,-0.2551834213802804,0.8631889414355576,0.6781543135061991,0.8245339290138872,0.7146431407932574,0.8266119928088518
86,36,2,high,none,0.1336537512456399,0.0129450106166348,0.2155813145972201,0.1201047472472631,-0.2264206207156625,0.8596171236616917,0.5875964074703359,0.773588569169997,0.7359757714037212,0.8033436976387394
86,38,2,high,none,0.1216801270141233,-0.0256937105514588,0.1327676276064171,0.1355796793652867,-0.2579969479047059,0.8716398622613538,0.7506507491836437,0.8578040302431403,0.7397215449006475,0.8349200248277828
86,59,2,high,none,0.1122470175764802,-0.0273960287620518,0.1121812506924785,0.1336032756814273,-0.2092123041602526,0.8803882168021508,0.7812829675606889,0.8771018617826187,0.7583288953120975,0.8207380089695395
86,93,2,high,none,0.1370271036053829,0.0674661377480752,0.2103321934723878,0.201662461653166,-0.2430377339571485,0.8555528876038577,0.5892122876805603,0.7772320750165315,0.6625238141229621,0.8517333861310616
86,96,2,high,none,0.1139935002118553,0.0155294805104236,0.1240019469333654,0.0808792514525913,-0.2264008403738742,0.8791093758210945,0.7415105385010069,0.8656668752492233,0.7670685704590086,0.8350964925477873
86,106,2,high,none,0.1196236417970117,0.0089250823298709,0.1319657182652605,0.1172386439359491,-0.3100393529230867,0.8725806885824727,0.7034205672799867,0.8583207708682694,0.7452379408524776,0.8235528664366003
86,110,2,high,none,0.1305367773400987,-0.0426173319175224,0.1750408996187439,0.1461877008666839,-0.2275546812410344,0.8624316889209621,0.6679569940178682,0.8147721189474814,0.7293675060960128,0.8232993620920982
86,116,2,high,none,0.125719875192672,0.0576696282958205,0.1277808363705957,0.117108751483393,-0.2149690369620723,0.8677269673119634,0.6960620061927891,0.8629635314133253,0.7634342543919117,0.835603957596993
86,141,2,high,none,0.1186441889464938,0.0215228019631203,0.1243843906717194,0.1689140007217802,-0.2354855263312355,0.8742185704620251,0.7267696649577544,0.865094650962049,0.7424183175043053,0.8325004517043698
86,154,2,high,none,0.1111216507864089,-0.1073607947761482,0.1146943152986716,0.1409257013872916,-0.2670525655501927,0.8815785945108656,0.8096565332612258,0.8757891482837302,0.7733145515347942,0.8439756424732696
86,163,2,high,none,0.1236092360220091,-0.0460421343616566,0.13149611438848,0.1154839204893802,-0.2103118295571461,0.8690299814627322,0.709877965369987,0.8573578861860384,0.7520106636805062,0.8190074817310592
86,181,2,high,none,0.1395641444574892,0.0398074290131902,0.1860570678672651,0.1868473961870507,-0.1807745020261515,0.8541607054118594,0.5918050221310767,0.8040488946583391,0.7190350367526002,0.8207745020261514
86,189,2,high,none,0.1335301722789387,0.0881462481167079,0.1899042529315339,0.1515293774357585,-0.231074213414241,0.8598265823598816,0.5677599102459465,0.8005796373674785,0.7317495001328796,0.831074213414241
86,196,2,high,none,0.1144847987066349,-0.0883674890228017,0.12021936225189,0.1183915596127118,-0.2539129830765355,0.8773365381455979,0.8113024841708302,0.8690456973452473,0.7652175857656772,0.8229606021241546
86,201,2,high,none,0.1261875432078369,-0.0116351891309518,0.1602300044728579,0.1844467599911181,-0.2530260910160684,0.8667258126817822,0.6260259644413408,0.8283287545610639,0.7042201104947101,0.8102156334997286
86,204,2,high,none,0.1469209142227103,0.066125088793057,0.2456841901820962,0.1884528039454066,-0.3274064231011993,0.8448025441801502,0.5146340027462637,0.7410638549667674,0.676828451134821,0.8416921373869135
86,211,2,high,none,0.1181929386295991,0.0167893076858957,0.1266890582476789,0.1194635491288974,-0.1795478503444394,0.8762599418756825,0.7554372457669865,0.864600034673923,0.7699705795481058,0.8317217633879177
86,216,2,high,none,0.1294828845970046,0.040190787241815,0.1583744142524362,0.1788428384717129,-0.3904626036385097,0.8625675269096776,0.6334843698235044,0.8296343015935743,0.6966355660333121,0.8476054607813668
87,3,2,high,none,0.112428880832449,-0.0914356410268648,0.1207672997014961,0.0868070948811831,-0.1756059199844648,0.8808637336948939,0.81773363188457,0.8707609525082479,0.7848611208133502,0.8422725866511315
87,5,2,high,none,0.1253679646169337,-0.0687942761859352,0.117076742745661,0.1256170885593467,-0.1872181098861849,0.8674620089856209,0.8049922036336064,0.8720787121541367,0.7857872785628752,0.8235817462498214
87,12,2,high,none,0.1169936311189093,-0.0384425187128079,0.0964950373045415,0.1513576102128109,-0.1634343731028975,0.8749912272454039,0.7747823245294485,0.8923561367029208,0.7829161333476483,0.8301010397695642
87,28,2,high,none,0.1087963988418125,-0.0185083991319707,0.1055792807882863,0.1849372742739857,-0.1804455466181295,0.8827763479117221,0.8003564574723041,0.8823732180321158,0.7628426039838455,0.8330317535146813
87,30,2,high,none,0.1212701375204171,0.0069335979556786,0.1156345055527549,0.1633813066047807,-0.1872684349151039,0.8694634836407694,0.766529913613153,0.8728890976333642,0.7673384588732587,0.8206017682484372
87,36,2,high,none,0.1140305547733302,0.0407083329510908,0.1177270944358367,0.2028986765554622,-0.1766200024001369,0.876604225844277,0.6825510238724428,0.8687049025548088,0.7468343625518139,0.8540393572388467
87,38,2,high,none,0.1030111553486221,-0.0793702890158674,0.1082156373939281,0.0702011779154372,-0.1586569639825426,0.8897829691411716,0.8004595900007891,0.8823322664755318,0.7990690831964306,0.813829377775646
87,59,2,high,none,0.1094788000993741,-0.0403475610656727,0.120388014859859,0.1511975889684189,-0.1874415240141602,0.8808271004612379,0.7982401751229116,0.8660510195242872,0.7572916524226336,0.830298666871303
87,93,2,high,none,0.1212258243458705,-0.1258421960290912,0.1381318832772688,0.1734022524935623,-0.1682647744340832,0.8695305342300621,0.6979821115880547,0.8483017151464363,0.7045928494437559,0.8482647744340832
87,96,2,high,none,0.1089155436032364,-0.0554050484044419,0.0990959273870258,0.1638518150272471,-0.1992810688296132,0.8831328452658928,0.7912897512501449,0.8889292707267629,0.7684848230229303,0.8392810688296132
87,106,2,high,none,0.1258862716099912,-0.0630969136352523,0.1280430467662987,0.1397035335638564,-0.2139171705977576,0.8655892832670218,0.8126184870347619,0.8621531153976183,0.780568909769841,0.8502808069613941
87,110,2,high,none,0.1180269020884455,-0.0627040197393613,0.1159652249553216,0.1830128715651857,-0.1950658459829145,0.8747575332964513,0.7845526555381075,0.873852061873194,0.7545039917836706,0.8299143308313994
87,116,2,high,none,0.1141312722124802,-0.0611561540724108,0.1078981277334822,0.166906195348144,-0.1841264830423087,0.8781474531235507,0.8206132113656737,0.8812015186254956,0.7782919083553953,0.8204901194059452
87,141,2,high,none,0.112038229454134,0.0227089633888301,0.1101865758149072,0.115392805915115,-0.205491352446262,0.8802277757848176,0.8057689311771213,0.8793812549104836,0.767688328578404,0.8431176150725247
87,154,2,high,none,0.1140630333003061,-0.0960347492843233,0.12956566770781,0.1090369070190613,-0.1746578387062221,0.8779852678929191,0.772934876250454,0.860114424940362,0.7684975176589179,0.832031279645327
87,163,2,high,none,0.105253652180728,0.0374404138366839,0.1145094430542746,0.1576199341208434,-0.1723311929784472,0.8850027173039,0.7637340272591484,0.8725887246781151,0.7667066663670606,0.8245051060219255
87,181,2,high,none,0.1195079259513758,-0.0324660329324817,0.1371102758157645,0.1948347500211185,-0.1879268341752251,0.8723794002807804,0.702062051232961,0.8518113698617584,0.7431013907010047,0.8417729880213791
87,189,2,high,none,0.1197371673840602,-0.0672247320658814,0.1103083483636451,0.1814860047352284,-0.1741189306831753,0.8711721143125147,0.7572261420505753,0.8766945306040046,0.7695340898733831,0.828777315776343
87,196,2,high,none,0.1085912899340134,-0.0487545301957336,0.1113609503102751,0.1226111606574277,-0.1494131892030117,0.8816579388117872,0.7738827877802299,0.8750105426536653,0.7507754290579791,0.8307478120269962
87,201,2,high,none,0.1165271711689452,-0.0090929859232203,0.1237029014761573,0.1706892447113059,-0.16235323481816,0.8758096479329349,0.7352317954910224,0.8645393401297774,0.7598815579915728,0.8409246633895886
87,204,2,high,none,0.1346971668482938,0.0076175539511722,0.2098594178224107,0.2022817306998441,-0.065232186052738,0.8550076966430561,0.5331319363698357,0.7736430417070722,0.7139305420325461,0.7548873584665312
87,211,2,high,none,0.121863586552568,-0.046712550500537,0.1185786310308202,0.1237473332471005,-0.191868347973913,0.8720970056981411,0.790057690872759,0.8728601979309134,0.7921208628532391,0.8493871449663942
87,216,2,high,none,0.1017874858900143,-0.061179851415972,0.1151528702255078,0.1639112455430939,-0.1758556462242395,0.8882836332512835,0.7340750935303663,0.8718980559847247,0.7777391003719346,0.8280295592677178
123,3,2,high,none,0.1102207471225452,-0.1447553095975116,0.1181284287978888,0.1399995136732861,-0.1454220029209157,0.8835348651856305,0.8077117067571846,0.8746405202882956,0.7823505635459199,0.8537553362542492
123,5,2,high,none,0.1125733343413715,-0.1327165808584192,0.0949273324599017,0.0629612332145804,-0.1520303626818772,0.8797035020754975,0.8103361358156452,0.8954440612774973,0.7909992898394634,0.8320303626818771
123,12,2,high,none,0.1126973204962996,-0.012539181630909,0.1238985955538005,0.1575756327545584,-0.1605786799551911,0.8790915541314788,0.7285929135644864,0.8650103841783181,0.7524474115214916,0.8375236514921931
123,28,2,high,none,0.1076140427748647,-0.0805638404198382,0.1054231934184243,0.0952417523854459,-0.1463954523645425,0.8836684572306155,0.8094602341627447,0.8826858126163555,0.7541885918448569,0.8130621190312093
123,30,2,high,none,0.1160815207607577,-0.0747279299065143,0.115595779071344,0.1354327704774108,-0.1449137464621064,0.8755765525774575,0.8072480673710402,0.8723969185187992,0.7623482821982739,0.8249137464621064
123,36,2,high,none,0.1228490012024238,0.0394869824954635,0.1008253572795842,0.1687199796042807,-0.1558164362323888,0.8682865207385873,0.6996851297531592,0.8867070930165792,0.7734932779849721,0.8445628749788275
123,38,2,high,none,0.1112358031728283,-0.0922860762682284,0.1052736862818629,0.0988077929761728,-0.0826845820357115,0.8808312514009591,0.8095644580615218,0.8844661299202488,0.7905915119426881,0.8458424767725536
123,59,2,high,none,0.1123590466336056,-0.0558221231252558,0.1135810329007576,0.1285434905817299,-0.1746993712299195,0.8777720345745537,0.7792656908044722,0.8728723248075222,0.7733926532262847,0.8467423819826078
123,93,2,high,none,0.1212099393355247,-0.0516270125420947,0.121860204289674,0.1293280450914532,-0.0549886237765103,0.8691850313421537,0.6754246400769186,0.8630614863501758,0.7383038108849179,0.8327664015542883
123,96,2,high,none,0.1157597467040527,-0.0408366073396571,0.1116278939832531,0.1355465507797604,-0.276394826562282,0.8762950146970869,0.7816389476110387,0.8775207232595759,0.7726826236368226,0.8478233979908534
123,106,2,high,none,0.115980633818753,-0.0671843781413956,0.0965466297752124,0.0948046525317635,-0.0780460962504708,0.8748385479453812,0.8011735349185014,0.8923761269209205,0.7805388598555075,0.8226113136417752
123,110,2,high,none,0.121963742888053,-0.0858768996924587,0.1362422035589343,0.1020651256729716,-0.1243373164858938,0.8703105967544505,0.8179219957363556,0.8539654659708258,0.7583955053202117,0.8243373164858939
123,116,2,high,none,0.11638862652504,-0.0659745051400528,0.0975472689532804,0.1100512909872858,-0.2052915438513409,0.8754034779253744,0.8175547708778143,0.8900706669641759,0.7643420894391655,0.8386248771846743
123,141,2,high,none,0.1150115179953977,-0.0369264994048327,0.1005447829333521,0.0558805878803381,-0.1880007118436859,0.8761628277510877,0.7861546055716285,0.8875337111463829,0.809265373777467,0.8280007118436858
123,154,2,high,none,0.1223377725740965,-0.0868333098087932,0.1299139875562963,0.1301650228933577,-0.1121469052115039,0.8695399731027806,0.7228679561541285,0.8591927681706009,0.7649715558241506,0.8362848362459867
123,163,2,high,none,0.1083326806510249,-0.0381625637083742,0.1160690163714189,0.1369278518488034,-0.2118937289296455,0.881488464443132,0.7989972372411542,0.86906496663989,0.76982624614302,0.8482573652932819
123,181,2,high,none,0.1102696714641362,-0.0213106874621784,0.1075886279327762,0.1660611114433385,-0.1510342390500509,0.8806352331331301,0.7540828648050911,0.8787107411484782,0.741671748158282,0.8510342390500509
123,189,2,high,none,0.1169356096025135,-0.1071008957926882,0.1065644397721803,0.1392945827300448,-0.1903454627710673,0.8737057528215187,0.7841787867579718,0.8807917077026064,0.7759129233000124,0.8167989511431604
123,196,2,high,none,0.1172569494384354,-0.0563456170053962,0.1106124787085668,0.1285240341609285,-0.0867082518531603,0.8717711812058793,0.7351940472211207,0.8735302046375417,0.7531891841503514,0.8367082518531603
123,201,2,high,none,0.1131669365103954,-0.0890668778083314,0.1320885762087923,0.1754351049373811,-0.1070309345469247,0.8793359465294778,0.7989726196958468,0.8583083173370704,0.7502796298316216,0.8327362637005298
123,204,2,high,none,0.1405869990995955,-0.0398826788825804,0.210272954429038,0.2338230419784928,-0.0333810218443966,0.8474502609242197,0.5799031425791737,0.7727672093369997,0.6695548228840491,0.8246853696704836
123,211,2,high,none,0.116444042614341,-0.0541521454001017,0.1081215192540613,0.1236088879174599,-0.1467913327897676,0.8775813262547613,0.8075983898912054,0.88372307112411,0.7581617980276676,0.8267913327897676
123,216,2,high,none,0.1107013599421965,-0.1069876601064514,0.1051548405468498,0.1434980452773501,-0.0709197958202139,0.8783603851529292,0.772562620436819,0.8811553815045883,0.7324685927053958,0.8352055101059281
178,3,2,high,none,0.1188448943291425,-0.0833077295356933,0.1249410418483468,0.1251001212177263,-0.1233246550537329,0.8752644447305663,0.791057441726852,0.8691235391316467,0.7768608073129251,0.83984251219659
178,5,2,high,none,0.1183736069974373,-0.0528166956573763,0.1093456069748762,0.1803229918313859,-0.1057244469566848,0.8750256587094667,0.8170431224018279,0.8823415322467416,0.7639878649321601,0.8057244469566848
178,12,2,high,none,0.1126904716181111,-0.0476235211611427,0.0998504387867056,0.1504531723554647,-0.2191408720428352,0.8792086869794228,0.7974104401720187,0.8883730179850258,0.7788721310036953,0.840296510439853
178,28,2,high,none,0.1145614316059195,-0.0938003975536132,0.1122712187001467,0.1559578299012141,-0.2509431917690401,0.8768571799545348,0.8078369787047517,0.8755802002304152,0.7692246892709537,0.8421112829371313
178,30,2,high,none,0.1052471090048009,-0.1153147881883143,0.1113939712429322,0.1526935493871578,-0.1127213517368512,0.8873642599266262,0.8159529699364105,0.880757314821554,0.7670924356378571,0.8399940790095786
178,36,2,high,none,0.1214012134357153,-0.000965428539488,0.1459875870567678,0.1760928555166468,-0.1516891906754929,0.8711098572377899,0.7077573120504805,0.8463917561942063,0.7340968536434236,0.856482218997933
178,38,2,high,none,0.1145259778497004,-0.1073687389555562,0.1152783350151548,0.0650387578637862,-0.09239954057504,0.8780045188249187,0.818000595605441,0.8752494729122011,0.7893983588187118,0.8304947786702781
178,59,2,high,none,0.1162977791867949,-0.0876506380507893,0.1088031104680102,0.1609435808492806,-0.1792415116543581,0.8737724001735512,0.8071683374924465,0.879373252764404,0.7589681257645317,0.8314154246978364
178,93,2,high,none,0.1197656764526587,-0.0375489592586559,0.1648505956544246,0.1463593809642343,-0.1597663520234792,0.872320457534153,0.684834596593703,0.8234428954292226,0.7346796565946043,0.8264330186901458
178,96,2,high,none,0.1021457963798444,-0.0513831828379778,0.1032184113481322,0.128730996055022,-0.2387589976332809,0.8908147420632164,0.804006818689111,0.8882115142286092,0.7822921188932745,0.8101875690618523
178,106,2,high,none,0.1176443988380662,-0.055726639013405,0.1150663370604169,0.102658005314031,-0.0549063628577153,0.8745105817249594,0.7871069376603245,0.8764062821396345,0.7905231819909443,0.8409475527890654
178,110,2,high,none,0.1137120365253976,-0.0103779816101758,0.1264158930794692,0.1762587309181866,-0.0943084438382755,0.8798581925694098,0.7622989612268252,0.865666952335115,0.7710663701052732,0.8322947138611588
178,116,2,high,none,0.1119003532917242,-0.0833694822572989,0.1092866513920093,0.178304260346743,-0.1601970302206377,0.8808400299681286,0.7924811428959478,0.8831447107920631,0.7648635324842741,0.8268636968873043
178,141,2,high,none,0.1055197561904168,-0.0576060599455451,0.0969022077123522,0.1555409948524551,-0.2545671966749103,0.8851889674707079,0.813799865571174,0.8929908283194302,0.7723843248844227,0.8449811400300302
178,154,2,high,none,0.1132648114779493,-0.0752728801468829,0.1188421713341925,0.11593532926267,-0.1208506563656429,0.8795200880967875,0.7557632150412696,0.8720830147901729,0.7660438169024869,0.8351363706513573
178,163,2,high,none,0.1213639517058791,-0.0296042189219977,0.0937717792394661,0.1349357983920329,-0.1481048098068123,0.8692611174082645,0.7596920831689212,0.8931944370123405,0.7809138779725193,0.8404125021145046
178,181,2,high,none,0.1236267132778049,-0.0086006998381689,0.1243901168406717,0.2088995770091969,-0.1040579760451556,0.8697481438409389,0.7308332774814887,0.8679103032526697,0.7572726782366428,0.8330789550661347
178,189,2,high,none,0.1260459407178721,-0.0831981583377891,0.1182542331453714,0.1562143688930136,-0.1873144475284462,0.8664250016438542,0.7650153211658085,0.8720718645602442,0.7602419855223118,0.8203076448073578
178,196,2,high,none,0.1194621423626136,-0.0357830718596784,0.1123146465078079,0.1272757058074614,-0.0989703552026651,0.8705073389125851,0.7520793862780394,0.8744065404365279,0.765360255250117,0.8381007899852739
178,201,2,high,none,0.1088925295943264,-0.0464860765604172,0.1110504298633155,0.1606984503685066,-0.1127104856993919,0.8847349843187533,0.7573867711068037,0.879477826027286,0.7670416629811728,0.8292283428422491
178,204,2,high,none,0.1409802969026354,0.0374438282820948,0.1506964658040469,0.2050798589799893,-0.0393061497423912,0.8505629746257608,0.5309215934775722,0.8349846791934971,0.704620479176947,0.8393061497423913
178,211,2,high,none,0.1073433114809016,-0.0380471801080497,0.0976916008971193,0.1973173868382298,-0.2116794191218508,0.8871069364367294,0.781870552118972,0.8952669672366566,0.7589605781751041,0.849861237303669
178,216,2,high,none,0.1157103300630166,-0.051139078065982,0.1257040891040912,0.1394972197796892,-0.0537229246272754,0.8770099015272739,0.7173598010821928,0.8630689378813583,0.761236319873726,0.8363316202794493
