exp_a,exp_b,expertise_a,expertise_b,render_a,render_b,code_a,code_b,Shape,Direction,Length,Position,Duration
10,15,Intermediate,Intermediate,r2,r2,c2,c2,0.9879389833937952,0.9175309630721618,0.984452632108136,0.941786839502679,0.7318840579710144
10,18,Intermediate,Intermediate,r2,r2,c2,c2,0.989074495209336,0.9018236693488102,0.9890199317829006,0.9617817463266963,0.7340920881971466
10,21,Intermediate,Intermediate,r2,r2,c2,c2,0.9909690783641769,0.9499288716887009,0.9900822545001701,0.9427069871623351,0.7580487804878049
10,22,Intermediate,Intermediate,r2,r2,c2,c2,0.9885958985812119,0.9027368382707815,0.9888775819620844,0.9392304733046607,0.7262773722627738
10,32,Intermediate,Intermediate,r2,r2,c2,c2,0.989173635431162,0.8621652344149313,0.988312915308545,0.912976438807297,0.7065217391304348
10,35,Intermediate,Intermediate,r2,r2,c2,c2,0.9914716812829379,0.92528012875378,0.9906885364483432,0.9228719342900927,0.7272727272727272
10,45,Intermediate,Intermediate,r2,r2,c2,c2,0.9925812798153572,0.9499177293255946,0.9901007920234336,0.9412960745040896,0.7497835974755661
10,53,Intermediate,Intermediate,r2,r2,c2,c2,0.9911794542096499,0.9314030138585714,0.9911347604298901,0.9617052961881862,0.7504021349711194
11,12,Intermediate,Intermediate,r2,r2,c1,c1,0.9891190388519716,0.9117518854729157,0.9891824367139428,0.9552735793903367,0.752851711026616
11,13,Intermediate,Intermediate,r2,r2,c1,c1,0.9892985092494286,0.8892951716934479,0.985543327865383,0.9423317131696088,0.736111111111111
11,19,Intermediate,Intermediate,r2,r2,c1,c1,0.991035983444936,0.9340639259344001,0.9877461340934626,0.9530735312577907,0.7275541795665634
11,20,Intermediate,Intermediate,r2,r2,c1,c1,0.9882945948115225,0.9248423347868555,0.9884290172761896,0.8980523355108277,0.717718753593193
11,23,Intermediate,Intermediate,r2,r2,c1,c1,0.9897360366416483,0.9285377866202194,0.9886799334429279,0.9453870612227856,0.7406260269470917
11,34,Intermediate,Intermediate,r2,r2,c1,c1,0.9914854871644028,0.9302114718855707,0.9897805067832162,0.9534072180873282,0.6865300546448088
11,44,Intermediate,Intermediate,r2,r2,c1,c1,0.9908039299866847,0.932465641565158,0.9889100235676579,0.9600240718117548,0.7585847105513219
12,13,Intermediate,Intermediate,r2,r2,c1,c1,0.9891570778338624,0.8696842831369002,0.9873422431829327,0.9545508675565113,0.7155555555555555
12,19,Intermediate,Intermediate,r2,r2,c1,c1,0.9898854509140232,0.9351530718973637,0.988654151745723,0.9386906286498906,0.7467023946558979
12,20,Intermediate,Intermediate,r2,r2,c1,c1,0.9872724329534253,0.9069252655355934,0.98535339509736,0.9587422465919544,0.6979591836734694
12,23,Intermediate,Intermediate,r2,r2,c1,c1,0.990302518628453,0.9258388024381815,0.9885404862916974,0.8416341436316963,0.7809162899422298
12,34,Intermediate,Intermediate,r2,r2,c1,c1,0.9906050634392386,0.9319344719479229,0.9890668135337174,0.9567989112900122,0.6646766169154228
12,44,Intermediate,Intermediate,r2,r2,c1,c1,0.99021760053138,0.9097102076923725,0.9899109211604176,0.9029292580606144,0.7167832167832169
13,19,Intermediate,Intermediate,r2,r2,c1,c1,0.9893072315030017,0.8885203639692121,0.9854610545008498,0.9177268142811219,0.6574074074074073
13,20,Intermediate,Intermediate,r2,r2,c1,c1,0.9859503749719901,0.8384041410010112,0.9828248448794743,0.943306102407023,0.687373031995937
13,23,Intermediate,Intermediate,r2,r2,c1,c1,0.9865153363996014,0.9223294972243007,0.981137664019557,0.907157524006543,0.7253218884120172
13,34,Intermediate,Intermediate,r2,r2,c1,c1,0.9891793221826127,0.8459451505091292,0.9858862502344983,0.9466345912978372,0.674642103462043
13,44,Intermediate,Intermediate,r2,r2,c1,c1,0.9874414472609045,0.8950286763534783,0.984934738582248,0.9374376487633836,0.6871848181898611
14,17,Intermediate,Intermediate,r2,r2,c3,c3,0.9886367487447973,0.9208383903826965,0.986607509741576,0.9555985334037083,0.7551867219917012
14,31,Intermediate,Intermediate,r2,r2,c3,c3,0.9928514792686618,0.937936162705105,0.9925788541901696,0.9689445225226935,0.7847490347490347
14,42,Intermediate,Intermediate,r2,r2,c3,c3,0.9897996506088201,0.94156842020671,0.9863275895606642,0.960711663237507,0.610878661087866
14,51,Intermediate,Intermediate,r2,r2,c3,c3,0.987043959891967,0.9207725595389824,0.9840617519038674,0.9050471422344673,0.7376385771611236
15,18,Intermediate,Intermediate,r2,r2,c2,c2,0.989335258619427,0.9241760440330409,0.9879718205169842,0.9440949050439214,0.6741573033707864
15,21,Intermediate,Intermediate,r2,r2,c2,c2,0.9878926494426191,0.9343486669274693,0.9836341356207392,0.9511522365127677,0.7365435485451162
15,22,Intermediate,Intermediate,r2,r2,c2,c2,0.9874943645361217,0.8636064808133073,0.9854643745756401,0.945536240625092,0.715431627196333
15,32,Intermediate,Intermediate,r2,r2,c2,c2,0.9858035646753412,0.8437782523308537,0.9819753411203332,0.9520248903925294,0.7575757575757576
15,35,Intermediate,Intermediate,r2,r2,c2,c2,0.9872531634980322,0.9057756098544947,0.9853907031484963,0.960049144952929,0.7137404580152671
15,45,Intermediate,Intermediate,r2,r2,c2,c2,0.9902580404022505,0.9425420288823786,0.9857796380640808,0.938285627503675,0.7333476706761788
15,53,Intermediate,Intermediate,r2,r2,c2,c2,0.9899242544061241,0.9398853820668946,0.9861993533243961,0.9473061787494373,0.7275474780477844
17,31,Intermediate,Intermediate,r2,r2,c3,c3,0.9892787339105299,0.9230298594150452,0.9871056317639672,0.9486413538701789,0.7352941176470589
17,42,Intermediate,Intermediate,r2,r2,c3,c3,0.9852428631868194,0.8813407709557015,0.9841160181829722,0.9569766946901724,0.6285493827160493
17,51,Intermediate,Intermediate,r2,r2,c3,c3,0.9802084427608988,0.8675893789811064,0.9773578638882185,0.9177424167487885,0.6830357142857142
18,21,Intermediate,Intermediate,r2,r2,c2,c2,0.9906539606076097,0.9248194238765376,0.9873661369228359,0.954823613502091,0.7579617834394904
18,22,Intermediate,Intermediate,r2,r2,c2,c2,0.9889768363317261,0.9072040331418131,0.9893550855865363,0.8967912376297571,0.7091780873636123
18,32,Intermediate,Intermediate,r2,r2,c2,c2,0.9890097442044031,0.8890762153862581,0.9878013045146016,0.9345379753090387,0.5913346952672796
18,35,Intermediate,Intermediate,r2,r2,c2,c2,0.9904315006911502,0.9344174925823779,0.9919285523241532,0.9580291074345308,0.7430132708821233
18,45,Intermediate,Intermediate,r2,r2,c2,c2,0.9917933263008208,0.9467004895386817,0.99142181320352,0.9128956201931377,0.7514970059880239
18,53,Intermediate,Intermediate,r2,r2,c2,c2,0.9922862376039644,0.961281673782102,0.9934230399505114,0.9575520518313617,0.7376204523107178
19,20,Intermediate,Intermediate,r2,r2,c1,c1,0.9877870705491887,0.923857535528544,0.9847265854011645,0.9430223975869064,0.7391304347826088
19,23,Intermediate,Intermediate,r2,r2,c1,c1,0.9914099556089493,0.9303353402514102,0.9876818037432957,0.958161157664417,0.7447447447447447
19,34,Intermediate,Intermediate,r2,r2,c1,c1,0.9909907422915013,0.9398382668313716,0.988444145148029,0.9530173121564178,0.7115384615384615
19,44,Intermediate,Intermediate,r2,r2,c1,c1,0.9909646895247504,0.9224958166265264,0.9881965061028022,0.950173976320536,0.7263157894736842
20,23,Intermediate,Intermediate,r2,r2,c1,c1,0.9864546319506582,0.9094074375824882,0.9854128978726472,0.840494720887734,0.7457627118644068
20,34,Intermediate,Intermediate,r2,r2,c1,c1,0.9876925019837555,0.9170041502872555,0.9882077212415938,0.9557316222522421,0.7265917602996255
20,44,Intermediate,Intermediate,r2,r2,c1,c1,0.9846933792981232,0.8754460240570706,0.982077258735968,0.939589749159925,0.7500000000000001
21,22,Intermediate,Intermediate,r2,r2,c2,c2,0.9864969612794465,0.9070143705729412,0.9834464833747184,0.9426769682987447,0.7055837563451777
21,32,Intermediate,Intermediate,r2,r2,c2,c2,0.9882422453721453,0.9117406029846383,0.9870269589389102,0.8789071934545425,0.7811158798283261
21,35,Intermediate,Intermediate,r2,r2,c2,c2,0.9891601673762105,0.9342524812747519,0.9895616065558586,0.9474077787363919,0.725690933602966
21,45,Intermediate,Intermediate,r2,r2,c2,c2,0.9908737333761177,0.9405353986570181,0.9890752926241446,0.9555449863833406,0.7601809954751132
21,53,Intermediate,Intermediate,r2,r2,c2,c2,0.9902212642085783,0.9423702418387861,0.9867498255340718,0.957390467527102,0.78125
22,32,Intermediate,Intermediate,r2,r2,c2,c2,0.9862675598490025,0.7961509534848148,0.9818327657304486,0.9408889682646594,0.6275752604555043
22,35,Intermediate,Intermediate,r2,r2,c2,c2,0.9897072307035639,0.919319787967325,0.9868893821520467,0.9240058716150699,0.7557251908396947
22,45,Intermediate,Intermediate,r2,r2,c2,c2,0.989449614390211,0.9273883149751014,0.9880785313533332,0.9378229994850675,0.7451264076366619
22,53,Intermediate,Intermediate,r2,r2,c2,c2,0.9897412920558976,0.9352881002614706,0.9877007353610604,0.942849196163134,0.6962025316455696
23,34,Intermediate,Intermediate,r2,r2,c1,c1,0.9905070887790102,0.939018112630561,0.9894991961847817,0.9629869784120823,0.7287234042553192
23,44,Intermediate,Intermediate,r2,r2,c1,c1,0.9888169127523205,0.9227026200957599,0.9872894476576201,0.9580396485373396,0.7339007565643079
31,42,Intermediate,Intermediate,r2,r2,c3,c3,0.991240262937753,0.930066272205912,0.9896770922497329,0.9751123750728912,0.5958549222797928
31,51,Intermediate,Intermediate,r2,r2,c3,c3,0.9864987815410512,0.9004672058125007,0.9841638937395032,0.8719701415267495,0.6878504491569818
32,35,Intermediate,Intermediate,r2,r2,c2,c2,0.9898491834429737,0.8304046495209937,0.9850469696799887,0.9410487988226913,0.6492647796848339
32,45,Intermediate,Intermediate,r2,r2,c2,c2,0.9881148199591868,0.8924001548366898,0.9851304883117009,0.9229409464697892,0.672340425531915
32,53,Intermediate,Intermediate,r2,r2,c2,c2,0.9907321710641563,0.8600720226073288,0.9864853124604663,0.9573428149960067,0.6319181613734848
34,44,Intermediate,Intermediate,r2,r2,c1,c1,0.9908052847745049,0.9235586822296328,0.98839798225174,0.9633208788251361,0.6889665653495441
35,45,Intermediate,Intermediate,r2,r2,c2,c2,0.9904209608974827,0.931753476905192,0.98887522885294,0.9661127229006015,0.7414965986394558
35,53,Intermediate,Intermediate,r2,r2,c2,c2,0.9912063771410059,0.9537830076834551,0.9888283507904373,0.9479871353684589,0.7391304347826086
42,51,Intermediate,Intermediate,r2,r2,c3,c3,0.983611522559418,0.8647282886953725,0.9808517477412598,0.9113249120556073,0.576
45,53,Intermediate,Intermediate,r2,r2,c2,c2,0.9932693999835147,0.960335039124607,0.9922436436142406,0.949840274752261,0.7706422018348624
10,16,Intermediate,Beginner,r2,r2,c2,c2,0.9879457964224744,0.8821153412795361,0.9878193919397091,0.9329155608634205,0.726027397260274
10,26,Intermediate,Beginner,r2,r2,c2,c2,0.9895116132679826,0.9128511896797871,0.9894737388697152,0.957367710765333,0.7168949771689498
10,29,Intermediate,Beginner,r2,r2,c2,c2,0.9891665634982086,0.9189446661721565,0.9852901766243792,0.9337964596670845,0.7469879518072289
10,36,Intermediate,Beginner,r2,r2,c2,c2,0.9891643986573676,0.9001818008934477,0.9879171300530514,0.9488021330490237,0.7300613496932515
10,46,Intermediate,Beginner,r2,r2,c2,c2,0.98921346428907,0.9233407302029522,0.9883461314799142,0.9316349134425301,0.7232154400221626
11,30,Intermediate,Beginner,r2,r2,c1,c1,0.9885264140554237,0.9051358577191755,0.9867626032183036,0.9351320525275421,0.7380160550458715
11,37,Intermediate,Beginner,r2,r2,c1,c1,0.9934328444859871,0.9433138199585165,0.991880940129978,0.9504424553814234,0.7425149700598802
11,38,Intermediate,Beginner,r2,r2,c1,c1,0.9890723439608667,0.871558555518005,0.9852329516068816,0.9056358508155171,0.7041918502632092
11,39,Intermediate,Beginner,r2,r2,c1,c1,0.9913103783598688,0.9334174851043464,0.9914849386345352,0.944326082760116,0.6692015209125475
11,43,Intermediate,Beginner,r2,r2,c1,c1,0.990812366040925,0.91267625708821,0.9883519768699737,0.9382029340336443,0.6654088050314465
11,47,Intermediate,Beginner,r2,r2,c1,c1,0.9865670751630938,0.8903761229470852,0.985423759941629,0.9374355981620373,0.7431192660550459
11,50,Intermediate,Beginner,r2,r2,c1,c1,0.9932696065606592,0.9489655130361943,0.991961587364223,0.9320565727314931,0.7598253275109169
11,9,Intermediate,Beginner,r2,r2,c1,c1,0.991229442673847,0.9021270554241654,0.9881258794449042,0.9563869447827277,0.738206497552292
12,30,Intermediate,Beginner,r2,r2,c1,c1,0.9900044569603741,0.9103219087113229,0.9886859842949132,0.936429508928921,0.7473776223776224
12,37,Intermediate,Beginner,r2,r2,c1,c1,0.989592323822024,0.9145088855142629,0.9898259517826586,0.9543145205716578,0.7149274020370772
12,38,Intermediate,Beginner,r2,r2,c1,c1,0.9877667002537195,0.8862397786026901,0.9881936018483467,0.9564722417551527,0.7584312239484653
12,39,Intermediate,Beginner,r2,r2,c1,c1,0.991750713518203,0.9394418883566193,0.9904955713966721,0.9613644384009481,0.7527634660421547
12,43,Intermediate,Beginner,r2,r2,c1,c1,0.9895265288739867,0.9332005137895643,0.9882031536933977,0.9587552231711858,0.6885616010836797
12,47,Intermediate,Beginner,r2,r2,c1,c1,0.9847334434002969,0.8960868744004431,0.9852306345482216,0.957971789606423,0.7512953367875647
12,50,Intermediate,Beginner,r2,r2,c1,c1,0.9902768023737671,0.9254324395956791,0.9902363714009005,0.9557899072122757,0.7273657691702095
12,9,Intermediate,Beginner,r2,r2,c1,c1,0.9905672892244239,0.9007526665627902,0.9885935154677172,0.9617535685556878,0.7552742616033755
13,30,Intermediate,Beginner,r2,r2,c1,c1,0.9887469060711594,0.848995584950222,0.9847383602001444,0.9428964382846982,0.7269195189639224
13,37,Intermediate,Beginner,r2,r2,c1,c1,0.9893592714266868,0.8698993365371139,0.985418345669947,0.9268545606327725,0.6519433060614579
13,38,Intermediate,Beginner,r2,r2,c1,c1,0.98373616438595,0.847560153970297,0.9828044761425117,0.9554232409585581,0.6460930808032739
13,39,Intermediate,Beginner,r2,r2,c1,c1,0.9885455073025043,0.8202961016164104,0.9859561986587907,0.9547813439550774,0.7315789473684211
13,43,Intermediate,Beginner,r2,r2,c1,c1,0.9868205792041981,0.8575325992784351,0.9845034236313421,0.9368369573743994,0.680473372781065
13,47,Intermediate,Beginner,r2,r2,c1,c1,0.9840122383820151,0.8223755791688772,0.9819923030077518,0.9269597064958522,0.6990740740740741
13,50,Intermediate,Beginner,r2,r2,c1,c1,0.9888074816686261,0.9059774597898387,0.985273225804005,0.9572639031719483,0.6969204737732657
13,9,Intermediate,Beginner,r2,r2,c1,c1,0.9878837372912059,0.8683717837390214,0.9857064613635007,0.8865002126781346,0.6562936175612232
14,24,Intermediate,Beginner,r2,r2,c3,c3,0.9844102634756522,0.9184241457781588,0.9821369381075629,0.9574897638288745,0.6847290640394088
14,25,Intermediate,Beginner,r2,r2,c3,c3,0.9893080389870015,0.9421123853034364,0.9869792630693034,0.9421257794331486,0.7488335756602504
14,27,Intermediate,Beginner,r2,r2,c3,c3,0.9848219054566995,0.8690836652064703,0.9861294956930469,0.9352852269001024,0.7906976744186047
14,28,Intermediate,Beginner,r2,r2,c3,c3,0.9901885360546683,0.9439021170004449,0.9848446269710694,0.9253475321836054,0.699680076237152
14,33,Intermediate,Beginner,r2,r2,c3,c3,0.9890520645258656,0.8972791871545942,0.9876621238063958,0.8817210942851228,0.7290836653386454
14,40,Intermediate,Beginner,r2,r2,c3,c3,0.9925581683875497,0.9370189232491415,0.9911165262337233,0.9485678600430236,0.7899999999999999
14,41,Intermediate,Beginner,r2,r2,c3,c3,0.9876273016671662,0.8140320184982481,0.9874988530202818,0.8789188996522713,0.708133971291866
14,48,Intermediate,Beginner,r2,r2,c3,c3,0.9860818673524414,0.9038458583369136,0.9858587953971958,0.9528332019413347,0.7590683031436785
14,52,Intermediate,Beginner,r2,r2,c3,c3,0.9897764139645294,0.9283356806896942,0.9889807459667292,0.8637305923968515,0.7652173913043477
15,16,Intermediate,Beginner,r2,r2,c2,c2,0.9851415352332643,0.8446215315405867,0.9839998310768716,0.9462770681440869,0.75
15,26,Intermediate,Beginner,r2,r2,c2,c2,0.9899897447215155,0.9297076625627816,0.9864653953960105,0.9540040170937417,0.7390949000560433
15,29,Intermediate,Beginner,r2,r2,c2,c2,0.9864384706687412,0.8927106986150913,0.9822615643012705,0.9300224326717434,0.7083333333333333
15,36,Intermediate,Beginner,r2,r2,c2,c2,0.9875780544716425,0.8722107271052361,0.9830725081972738,0.9473516192117153,0.7324840764331211
15,46,Intermediate,Beginner,r2,r2,c2,c2,0.9870746350919168,0.9329828094052128,0.9816866134735687,0.9356283794614064,0.721841704718417
17,24,Intermediate,Beginner,r2,r2,c3,c3,0.9836700083368464,0.8479150364265865,0.982620837918709,0.8453880214497895,0.706060606060606
17,25,Intermediate,Beginner,r2,r2,c3,c3,0.9829107519634,0.8825005410789587,0.982592913601145,0.9543821248801071,0.7538819875776398
17,27,Intermediate,Beginner,r2,r2,c3,c3,0.9830490508164355,0.774138023481787,0.9794040961213663,0.9001051539305758,0.7562449433656958
17,28,Intermediate,Beginner,r2,r2,c3,c3,0.9847472123054004,0.8900295863497436,0.9832051002881843,0.9596531134874958,0.7435064935064936
17,33,Intermediate,Beginner,r2,r2,c3,c3,0.987515722238235,0.8534881697704624,0.9872511366297954,0.9518670500007628,0.7147587511825922
17,40,Intermediate,Beginner,r2,r2,c3,c3,0.9889896272537813,0.9116085051399072,0.9891348711573685,0.9320894003139532,0.7493718915038712
17,41,Intermediate,Beginner,r2,r2,c3,c3,0.9806267843605692,0.6820573870244079,0.980450758699827,0.930600301849593,0.6912442396313364
17,48,Intermediate,Beginner,r2,r2,c3,c3,0.9841218610313567,0.8364794496204526,0.9844620804962886,0.9514248655573476,0.75
17,52,Intermediate,Beginner,r2,r2,c3,c3,0.9815908884041361,0.881432722668518,0.9858593642809333,0.884615647643616,0.7184466019417476
18,16,Intermediate,Beginner,r2,r2,c2,c2,0.9906045173270952,0.9174491296686074,0.9882780799591422,0.9474960721979668,0.6711409395973156
18,26,Intermediate,Beginner,r2,r2,c2,c2,0.9923904622208024,0.9334142253787091,0.9904122129269533,0.9516141880370783,0.7792792792792792
18,29,Intermediate,Beginner,r2,r2,c2,c2,0.9854991170235564,0.9129003685350798,0.9852920425469409,0.9258942309359447,0.7153284671532847
18,36,Intermediate,Beginner,r2,r2,c2,c2,0.9900088405272663,0.894968314250867,0.9914945643056898,0.9604966448092972,0.7037037037037037
18,46,Intermediate,Beginner,r2,r2,c2,c2,0.9948804800445897,0.9514534449936017,0.9928480635165136,0.9706191904126724,0.6967213114754098
19,30,Intermediate,Beginner,r2,r2,c1,c1,0.989241862118263,0.9253847604080169,0.9882124058227598,0.9319142059523513,0.7014218009478672
19,37,Intermediate,Beginner,r2,r2,c1,c1,0.9913947789380925,0.9305317566868465,0.988730381124717,0.952719953566648,0.7515151515151515
19,38,Intermediate,Beginner,r2,r2,c1,c1,0.9881990259699155,0.9036653985146996,0.9884527823696807,0.9217188974614369,0.7458303969931876
19,39,Intermediate,Beginner,r2,r2,c1,c1,0.9913256596998766,0.9172575846652606,0.9904593710217969,0.9484194107301538,0.7065806878306878
19,43,Intermediate,Beginner,r2,r2,c1,c1,0.9902492355597391,0.9353913579269002,0.9879280039329936,0.9461625653214861,0.6765578635014837
19,47,Intermediate,Beginner,r2,r2,c1,c1,0.9878766702624785,0.9109498955446504,0.9866518061619138,0.9338562100159716,0.7191011235955056
19,50,Intermediate,Beginner,r2,r2,c1,c1,0.9913622075312564,0.9474088651124934,0.9877970386717728,0.9232379376803028,0.7078651685393259
19,9,Intermediate,Beginner,r2,r2,c1,c1,0.9918861665690955,0.9136458719425715,0.9903376376989618,0.966693989955589,0.7404105392156862
20,30,Intermediate,Beginner,r2,r2,c1,c1,0.986444361334048,0.9170600811887244,0.9866132478125449,0.9491466105913468,0.7324547105667583
20,37,Intermediate,Beginner,r2,r2,c1,c1,0.9879645804096736,0.9230066852941723,0.9858615033982105,0.9520915678973645,0.6963350785340314
20,38,Intermediate,Beginner,r2,r2,c1,c1,0.9866362611128254,0.8919310782672255,0.9865957017399986,0.9438704992575295,0.7418032786885246
20,39,Intermediate,Beginner,r2,r2,c1,c1,0.9875694153443083,0.9208814299843963,0.982738017726379,0.9633198007585185,0.6742081447963801
20,43,Intermediate,Beginner,r2,r2,c1,c1,0.9875548136506883,0.9306058177664273,0.9855578701969254,0.9473989168587993,0.6558470764617691
20,47,Intermediate,Beginner,r2,r2,c1,c1,0.9873691272889907,0.8916352870228612,0.9856373252389787,0.9447673828770333,0.7060249496105029
20,50,Intermediate,Beginner,r2,r2,c1,c1,0.9898820288905168,0.934849234082644,0.9869102839235437,0.9548837496347043,0.7336244541484715
20,9,Intermediate,Beginner,r2,r2,c1,c1,0.9892060629451052,0.9140967750327504,0.9856623554476245,0.9354771919740297,0.7577017835709321
21,16,Intermediate,Beginner,r2,r2,c2,c2,0.9888917009994904,0.9391876760901235,0.9867243729775886,0.9482375628101614,0.7695652173913042
21,26,Intermediate,Beginner,r2,r2,c2,c2,0.9903859956859085,0.9405260815049601,0.987294660264502,0.9461479800201515,0.7336194563662375
21,29,Intermediate,Beginner,r2,r2,c2,c2,0.989687637231293,0.9379327516141829,0.987302786712791,0.8992013972369765,0.75
21,36,Intermediate,Beginner,r2,r2,c2,c2,0.9875689738982026,0.9142108145379102,0.9845390114116179,0.9582899360406941,0.7297297297297298
21,46,Intermediate,Beginner,r2,r2,c2,c2,0.9911245667386571,0.9531160725615069,0.9881971003924735,0.9471659520534003,0.728
22,16,Intermediate,Beginner,r2,r2,c2,c2,0.9858174738171008,0.8628166071991876,0.9832920104848712,0.9476718328081363,0.6594427244582043
22,26,Intermediate,Beginner,r2,r2,c2,c2,0.9877096007527317,0.9008865914587673,0.9891617143511896,0.9450880801204502,0.7310606060606061
22,29,Intermediate,Beginner,r2,r2,c2,c2,0.9865711766318321,0.8689902198020576,0.9860298506441431,0.9463087371750111,0.6727272727272726
22,36,Intermediate,Beginner,r2,r2,c2,c2,0.9878589330114014,0.851856985409794,0.9878275516201909,0.938420722207995,0.6967509025270757
22,46,Intermediate,Beginner,r2,r2,c2,c2,0.9877227154561695,0.9056261519288015,0.9888054231278612,0.9183899876431042,0.693488545816733
23,30,Intermediate,Beginner,r2,r2,c1,c1,0.9901532051594389,0.9358993594883238,0.987951892973449,0.9182963125136183,0.7309479860241281
23,37,Intermediate,Beginner,r2,r2,c1,c1,0.9890507396716806,0.934497344435101,0.9888427285957262,0.949622129763483,0.7279579716765646
23,38,Intermediate,Beginner,r2,r2,c1,c1,0.9875419037526317,0.9258720592880882,0.9854954649748721,0.8916176618651583,0.7118131685602286
23,39,Intermediate,Beginner,r2,r2,c1,c1,0.9910345557919613,0.9316500885792645,0.9896065621860677,0.953857839877027,0.7217391304347827
23,43,Intermediate,Beginner,r2,r2,c1,c1,0.9866784035855526,0.9370738396385637,0.9879285799502701,0.9526816749378118,0.6871165644171779
23,47,Intermediate,Beginner,r2,r2,c1,c1,0.9841086927377349,0.8843696387160541,0.9868630992715292,0.9290110074738398,0.7441860465116279
23,50,Intermediate,Beginner,r2,r2,c1,c1,0.9895363155011789,0.9407359574471259,0.9889878933769085,0.9316698253601015,0.7501780626780628
23,9,Intermediate,Beginner,r2,r2,c1,c1,0.9893690157896442,0.9163992918768337,0.9874714495831771,0.9511160070867599,0.7224843524313914
31,24,Intermediate,Beginner,r2,r2,c3,c3,0.9872222628671545,0.9258302996493742,0.9871137269610407,0.9534149264407674,0.6779661016949152
31,25,Intermediate,Beginner,r2,r2,c3,c3,0.9871548632211911,0.902073397329686,0.98426241612552,0.9501009055915712,0.7169811320754718
31,27,Intermediate,Beginner,r2,r2,c3,c3,0.9847715006578585,0.8414980605889978,0.9845459122517068,0.9379673197059468,0.790349686510245
31,28,Intermediate,Beginner,r2,r2,c3,c3,0.986942020939105,0.8659794001867519,0.9853658343520842,0.8564838973489768,0.7145441829349874
31,33,Intermediate,Beginner,r2,r2,c3,c3,0.990604245620764,0.9159928651692362,0.9880998325972334,0.9449868438746251,0.676328502415459
31,40,Intermediate,Beginner,r2,r2,c3,c3,0.9917174390345708,0.9340827741255079,0.9901046438658108,0.9659327326587245,0.7938537813803415
31,41,Intermediate,Beginner,r2,r2,c3,c3,0.9880059649037373,0.7887196220070543,0.9866296343135679,0.8611201734708673,0.7021583265577648
31,48,Intermediate,Beginner,r2,r2,c3,c3,0.9898731821315478,0.9185172382721796,0.9883161354368154,0.9543340747157106,0.7610294117647058
31,52,Intermediate,Beginner,r2,r2,c3,c3,0.987265495490329,0.9225488817769031,0.9863085291651229,0.8926309420368532,0.7079207920792079
32,16,Intermediate,Beginner,r2,r2,c2,c2,0.9867137236890996,0.877612641142017,0.9821928021500554,0.9570341237078791,0.6920980926430518
32,26,Intermediate,Beginner,r2,r2,c2,c2,0.9888839505835478,0.8200011307693572,0.9852610560448515,0.9429388380106564,0.6348513598987982
32,29,Intermediate,Beginner,r2,r2,c2,c2,0.9863861582276584,0.8283683428909059,0.9816198790572942,0.9494233041190383,0.727614472928523
32,36,Intermediate,Beginner,r2,r2,c2,c2,0.9902316754955628,0.8203316225712993,0.9854048613449258,0.9513426435623892,0.7327810266406757
32,46,Intermediate,Beginner,r2,r2,c2,c2,0.9894788524915138,0.9063056804085013,0.9905505764359342,0.9140527867154601,0.6335403726708073
34,30,Intermediate,Beginner,r2,r2,c1,c1,0.99154626714745,0.955319673533112,0.9885885590015536,0.9465363677643056,0.7429188563284939
34,37,Intermediate,Beginner,r2,r2,c1,c1,0.9918550606028242,0.9470207284476142,0.9885799788403492,0.9466721405381149,0.7463768115942028
34,38,Intermediate,Beginner,r2,r2,c1,c1,0.9878413198430952,0.8526716344884613,0.983862890923201,0.9520625770677444,0.7534883720930233
34,39,Intermediate,Beginner,r2,r2,c1,c1,0.9914994865353377,0.9134989125880001,0.9891248140134572,0.9392131791210676,0.6896551724137931
34,43,Intermediate,Beginner,r2,r2,c1,c1,0.9908452145253821,0.9218213979512228,0.9872627671515509,0.9485260375792616,0.6525821596244132
34,47,Intermediate,Beginner,r2,r2,c1,c1,0.9874238136308183,0.9119780648981626,0.9867952208699132,0.9544538084906494,0.7308462918660288
34,50,Intermediate,Beginner,r2,r2,c1,c1,0.9909459975029754,0.9370311209148863,0.9907562728575521,0.9577736219858842,0.7283152627189324
34,9,Intermediate,Beginner,r2,r2,c1,c1,0.9913579830095209,0.8967013961783448,0.9907212880372885,0.9487667825526408,0.7380315762668703
35,16,Intermediate,Beginner,r2,r2,c2,c2,0.989877344439364,0.8889322117016148,0.9871403627252412,0.9452304837246217,0.6796095181836083
35,26,Intermediate,Beginner,r2,r2,c2,c2,0.9902694882844992,0.9082733699656454,0.9903992204056159,0.9440392717464727,0.7411764705882353
35,29,Intermediate,Beginner,r2,r2,c2,c2,0.988022337812343,0.8980167994310512,0.98702287228276,0.9404676746345869,0.7293577981651376
35,36,Intermediate,Beginner,r2,r2,c2,c2,0.9891565536692434,0.8907724631610429,0.9873603355625373,0.944079345831108,0.6864406779661018
35,46,Intermediate,Beginner,r2,r2,c2,c2,0.9910015898540129,0.9233373667206709,0.9888329270275967,0.9428336462476875,0.7460941954612841
42,24,Intermediate,Beginner,r2,r2,c3,c3,0.9887095291830194,0.9272722164452148,0.9880322123599197,0.9445572444774522,0.6562148876404494
42,25,Intermediate,Beginner,r2,r2,c3,c3,0.9867071712208294,0.8766552788034117,0.9851863291303815,0.9504944888904243,0.5767918088737203
42,27,Intermediate,Beginner,r2,r2,c3,c3,0.9854036619707346,0.8846595390160938,0.9841639295031632,0.9304525342973331,0.6576576576576576
42,28,Intermediate,Beginner,r2,r2,c3,c3,0.9841502400143537,0.8621720577612659,0.9815938209536059,0.951847700131649,0.6395939086294415
42,33,Intermediate,Beginner,r2,r2,c3,c3,0.9887816914705876,0.9021007479467159,0.9863952743926241,0.9383262180492067,0.5707964601769911
42,40,Intermediate,Beginner,r2,r2,c3,c3,0.9915689973465176,0.9386490552960395,0.9894466605369348,0.9402490104201587,0.5799373040752351
42,41,Intermediate,Beginner,r2,r2,c3,c3,0.9867087772062032,0.8218496791433079,0.9838312494215432,0.8564023457672025,0.6272092980215794
42,48,Intermediate,Beginner,r2,r2,c3,c3,0.9866967785749989,0.8427541199131652,0.9846538770912474,0.9575956420841795,0.595307917888563
42,52,Intermediate,Beginner,r2,r2,c3,c3,0.9867879940959401,0.8884529923427005,0.9858406392902982,0.8824709121455139,0.5415384615384615
44,30,Intermediate,Beginner,r2,r2,c1,c1,0.9896386381957315,0.9224924536445506,0.9894978535610306,0.9487862582182637,0.7291273313377848
44,37,Intermediate,Beginner,r2,r2,c1,c1,0.9897826461954204,0.9193633900372273,0.988459846082946,0.945976076535948,0.6994623655913978
44,38,Intermediate,Beginner,r2,r2,c1,c1,0.9883542089960132,0.9086207942034817,0.9858354987670938,0.9070951463063834,0.7767857142857143
44,39,Intermediate,Beginner,r2,r2,c1,c1,0.9869586764930917,0.927426966336399,0.9887220221680816,0.9501716387255252,0.7243956043956044
44,43,Intermediate,Beginner,r2,r2,c1,c1,0.9878350838761504,0.9228382215695843,0.9880901406491346,0.9439695933915834,0.6792452830188679
44,47,Intermediate,Beginner,r2,r2,c1,c1,0.9859697357494804,0.8958336315999222,0.9846127915082711,0.8876100740949258,0.7202216066481995
44,50,Intermediate,Beginner,r2,r2,c1,c1,0.9897739459485315,0.9017497117950626,0.9870030726080519,0.936871441254675,0.7348897264098269
44,9,Intermediate,Beginner,r2,r2,c1,c1,0.9902321360680965,0.9145677567907683,0.9888648935577583,0.9676263038934672,0.7525773195876289
45,16,Intermediate,Beginner,r2,r2,c2,c2,0.9876436377716175,0.8970822573627878,0.9869607038959075,0.9483489346935462,0.7250730994152047
45,26,Intermediate,Beginner,r2,r2,c2,c2,0.9928121370542758,0.9539084694355208,0.9891521250926338,0.9436997923975635,0.7831715210355987
45,29,Intermediate,Beginner,r2,r2,c2,c2,0.9900071879202073,0.9371394453661793,0.9864072192344304,0.9280274725170915,0.7048192771084337
45,36,Intermediate,Beginner,r2,r2,c2,c2,0.9890648534233993,0.9262497842630852,0.9882328446346523,0.9409036630806513,0.6769166506008611
45,46,Intermediate,Beginner,r2,r2,c2,c2,0.9925108631344215,0.945687726256108,0.9893497440854095,0.943209742155886,0.7524752475247525
51,24,Intermediate,Beginner,r2,r2,c3,c3,0.980514021436538,0.8895628694937342,0.9792968419958652,0.9047877005358413,0.7037037037037037
51,25,Intermediate,Beginner,r2,r2,c3,c3,0.9794122542437235,0.8532925105466062,0.9826489850150105,0.9022515347789037,0.7445414847161572
51,27,Intermediate,Beginner,r2,r2,c3,c3,0.9832226942115893,0.8867752002801434,0.978433396908165,0.9483892602831279,0.7471698113207548
51,28,Intermediate,Beginner,r2,r2,c3,c3,0.9832924347130201,0.8909060573151121,0.9772875942290725,0.9427582176177793,0.7120922715251248
51,33,Intermediate,Beginner,r2,r2,c3,c3,0.9853744258565891,0.8921656246591593,0.9826505704565193,0.945762752186494,0.6695873916711405
51,40,Intermediate,Beginner,r2,r2,c3,c3,0.9845258681841851,0.9011945490871102,0.9840966651631028,0.9038205265397071,0.7365269461077844
51,41,Intermediate,Beginner,r2,r2,c3,c3,0.9844682208967668,0.8324606294656289,0.9837546450532301,0.9451355738002439,0.6985556637455372
51,48,Intermediate,Beginner,r2,r2,c3,c3,0.9809219187754434,0.8291674053615955,0.9809759040145027,0.8986055328312955,0.7715279974691553
51,52,Intermediate,Beginner,r2,r2,c3,c3,0.9845657348631849,0.8935266174082424,0.9802292825052908,0.9203849342205107,0.6959569280780171
53,16,Intermediate,Beginner,r2,r2,c2,c2,0.9915483709982399,0.9175726159088975,0.9895281425426555,0.9662428206729843,0.7477064220183487
53,26,Intermediate,Beginner,r2,r2,c2,c2,0.9927442505587762,0.944316144805616,0.9896511167614284,0.9524924665936287,0.7510729613733904
53,29,Intermediate,Beginner,r2,r2,c2,c2,0.9895751013529677,0.9064000383440545,0.988136723970916,0.9325471403748844,0.7295657449943659
53,36,Intermediate,Beginner,r2,r2,c2,c2,0.9925553081739209,0.9394232902425986,0.9908248182908598,0.9714216320409248,0.7150259067357514
53,46,Intermediate,Beginner,r2,r2,c2,c2,0.9911630095767903,0.9476653810978244,0.9911082562198799,0.9487011927007768,0.7947857634031252
16,26,Beginner,Beginner,r2,r2,c2,c2,0.9903683411978479,0.9091962015651747,0.9899246302876935,0.957712289626358,0.7085216325100718
16,29,Beginner,Beginner,r2,r2,c2,c2,0.986078227175551,0.8616581294084474,0.9848723140528968,0.9277683268092785,0.7086956521739131
16,36,Beginner,Beginner,r2,r2,c2,c2,0.989549114630392,0.8616726682547842,0.9865355258123057,0.9620272418501378,0.7072710979265164
16,46,Beginner,Beginner,r2,r2,c2,c2,0.9911081894730673,0.9413982106444357,0.9875416432744032,0.9114772966152379,0.7080338085887475
24,25,Beginner,Beginner,r2,r2,c3,c3,0.9845996835905112,0.926973003503472,0.9850191097731993,0.9578886499170379,0.729730229120473
24,27,Beginner,Beginner,r2,r2,c3,c3,0.9869268521324378,0.9338523842971053,0.9849362390735712,0.9425444946827622,0.7366412213740459
24,28,Beginner,Beginner,r2,r2,c3,c3,0.985177736374931,0.899236870713352,0.9845109976397491,0.8943038403812676,0.699169110459433
24,33,Beginner,Beginner,r2,r2,c3,c3,0.9865674407067058,0.8677790247604311,0.9860145918016568,0.8555190715899302,0.6878172588832487
24,40,Beginner,Beginner,r2,r2,c3,c3,0.9861919220768146,0.9128013120033621,0.9867124437861403,0.9569989097061383,0.695266272189349
24,41,Beginner,Beginner,r2,r2,c3,c3,0.9851276116560461,0.87781970945857,0.9828716063511854,0.8840023138322983,0.6893939393939393
24,48,Beginner,Beginner,r2,r2,c3,c3,0.9834687979253913,0.8911414218737332,0.9812805388002461,0.9400240619681061,0.7496533967122203
24,52,Beginner,Beginner,r2,r2,c3,c3,0.9854644052543432,0.9182371303821505,0.9837710385655398,0.8857405549719887,0.6690140845070423
25,27,Beginner,Beginner,r2,r2,c3,c3,0.9831373233649172,0.8627678480160799,0.9821317522682612,0.9515365175133227,0.7746736457085199
25,28,Beginner,Beginner,r2,r2,c3,c3,0.9861000928540092,0.8942506890244522,0.9841373600072509,0.9070900843737507,0.6920121951219512
25,33,Beginner,Beginner,r2,r2,c3,c3,0.9857688984494644,0.8662045800778043,0.9852187363659352,0.9489772860822197,0.7413844325609031
25,40,Beginner,Beginner,r2,r2,c3,c3,0.9866182500211501,0.9300147720268487,0.9850637118853685,0.962710469719346,0.7687861271676302
25,41,Beginner,Beginner,r2,r2,c3,c3,0.9843726913948162,0.8219231074168913,0.9795563676988215,0.913395129116,0.7005425652042193
25,48,Beginner,Beginner,r2,r2,c3,c3,0.9833176472078391,0.8497060444482878,0.9842337060293628,0.9261435503257109,0.7367033968157564
25,52,Beginner,Beginner,r2,r2,c3,c3,0.9836739264166817,0.9020500323822416,0.9826453649669604,0.8508742374414575,0.7578895699645628
26,29,Beginner,Beginner,r2,r2,c2,c2,0.9887214335769092,0.9225934411439536,0.9881950096393716,0.9274577879784498,0.6676706827309237
26,36,Beginner,Beginner,r2,r2,c2,c2,0.9898738921718273,0.9041922311803245,0.987585377719931,0.9502496200309397,0.7163729561866278
26,46,Beginner,Beginner,r2,r2,c2,c2,0.993073768822809,0.9401623006970892,0.9908589926125736,0.9479215617860877,0.7222222222222222
27,28,Beginner,Beginner,r2,r2,c3,c3,0.9845652245966651,0.8337546485628772,0.9819704838245222,0.9162153450283523,0.7270287481804949
27,33,Beginner,Beginner,r2,r2,c3,c3,0.983244843672216,0.845034538797601,0.9840304023575734,0.9326483606912243,0.7004577237370475
27,40,Beginner,Beginner,r2,r2,c3,c3,0.9810239887808131,0.8632721384165772,0.9838317512791908,0.9419822806881706,0.799163179916318
27,41,Beginner,Beginner,r2,r2,c3,c3,0.9830719282801514,0.8257121192968188,0.9824397715051064,0.8800150484109757,0.6912442396313364
27,48,Beginner,Beginner,r2,r2,c3,c3,0.9836147848053547,0.8660293246035674,0.9814826425760843,0.9223697600764398,0.7792228212039533
27,52,Beginner,Beginner,r2,r2,c3,c3,0.9841972679281759,0.8898217521130708,0.9816247749506571,0.8814984121366211,0.7457741211667913
28,33,Beginner,Beginner,r2,r2,c3,c3,0.9876994447009264,0.8592727892285561,0.9858536899273026,0.9289204516230554,0.7150837988826816
28,40,Beginner,Beginner,r2,r2,c3,c3,0.9863986948423282,0.9209220278362653,0.9850786706961804,0.8912311916312756,0.721311475409836
28,41,Beginner,Beginner,r2,r2,c3,c3,0.9844877871566424,0.8571713022588234,0.9802037659593584,0.9449447200841349,0.6871517890305807
28,48,Beginner,Beginner,r2,r2,c3,c3,0.9825361174993279,0.8035558843684681,0.979829595610752,0.9502147682004434,0.7389143323747648
28,52,Beginner,Beginner,r2,r2,c3,c3,0.9863594961067156,0.9020176212691572,0.9853829620765908,0.9212632026435609,0.7102622424404602
29,36,Beginner,Beginner,r2,r2,c2,c2,0.9871509919491065,0.8768696385150923,0.9841201653487001,0.9215195137698486,0.7058823529411765
29,46,Beginner,Beginner,r2,r2,c2,c2,0.9887499404106974,0.9203732731742913,0.9850494728385764,0.9245466687709492,0.742032020160842
30,37,Beginner,Beginner,r2,r2,c1,c1,0.9896687253265677,0.9218265853456298,0.9886754795032547,0.9349654041597499,0.7267441860465117
30,38,Beginner,Beginner,r2,r2,c1,c1,0.9902478935504517,0.9278205853409224,0.9877983538908933,0.9440332034435694,0.7757009345794393
30,39,Beginner,Beginner,r2,r2,c1,c1,0.9904244494575575,0.9272382398342358,0.9911897415425504,0.9540637428786922,0.70162567644859
30,43,Beginner,Beginner,r2,r2,c1,c1,0.9890962146416306,0.9325399675819863,0.989001556726865,0.937631138431654,0.7114381229106134
30,47,Beginner,Beginner,r2,r2,c1,c1,0.9861086635387657,0.8962982132816594,0.9864653978229739,0.9356062848797642,0.7534246575342466
30,50,Beginner,Beginner,r2,r2,c1,c1,0.9890599672669954,0.8962872851770669,0.9894835233448683,0.9511601019891421,0.7198953888860329
30,9,Beginner,Beginner,r2,r2,c1,c1,0.9905870666474644,0.9075438186653495,0.9876194207758732,0.9238934285822287,0.7624309392265194
33,40,Beginner,Beginner,r2,r2,c3,c3,0.9897398774671171,0.8880141945142783,0.9893316575546335,0.9080225587605161,0.7112299465240642
33,41,Beginner,Beginner,r2,r2,c3,c3,0.9868000498592697,0.8381956511416461,0.9848457446628195,0.8249737001278858,0.6571920403255033
33,48,Beginner,Beginner,r2,r2,c3,c3,0.9879510297183403,0.8937905298549023,0.9865685820041363,0.9492661978088965,0.7391692188754422
33,52,Beginner,Beginner,r2,r2,c3,c3,0.9860281873879221,0.8775563326538659,0.9845766405808105,0.9198254361006073,0.6970954356846474
36,46,Beginner,Beginner,r2,r2,c2,c2,0.9915496241586002,0.9169913229169653,0.9890594889344363,0.9422384345825477,0.7333333333333333
37,38,Beginner,Beginner,r2,r2,c1,c1,0.9897073643866752,0.9223921456641451,0.9883639069139125,0.9339030160767684,0.7558139534883722
37,39,Beginner,Beginner,r2,r2,c1,c1,0.9931906226774664,0.9469044622602031,0.9899874939412395,0.9691465962583689,0.710121694763333
37,43,Beginner,Beginner,r2,r2,c1,c1,0.9901131665061058,0.9296297853816393,0.9857306606545255,0.9593416084401118,0.7058501956931659
37,47,Beginner,Beginner,r2,r2,c1,c1,0.9864496961707752,0.9130757829378415,0.9849631089048233,0.9445877311377711,0.7035318535798827
37,50,Beginner,Beginner,r2,r2,c1,c1,0.9913795379671193,0.9398193026240168,0.9904030840953755,0.9467339059372478,0.6839237057220708
37,9,Beginner,Beginner,r2,r2,c1,c1,0.9908791020914315,0.9065957366169352,0.9874385666093302,0.9564516358796267,0.7335305719921104
38,39,Beginner,Beginner,r2,r2,c1,c1,0.9864223780796021,0.883068974935391,0.9858000517185329,0.9687850374953888,0.6641337386018237
38,43,Beginner,Beginner,r2,r2,c1,c1,0.9866173794163616,0.8777501423261049,0.9871023234401228,0.9395292925100344,0.6331877729257641
38,47,Beginner,Beginner,r2,r2,c1,c1,0.9838466052838466,0.8452250572267455,0.9837469443902185,0.9516322739421469,0.6749116607773853
38,50,Beginner,Beginner,r2,r2,c1,c1,0.9901957473781474,0.9152798070105852,0.9872168590089441,0.9479623914446313,0.7232142857142857
38,9,Beginner,Beginner,r2,r2,c1,c1,0.9858905006087474,0.8700815043632858,0.9854223714105507,0.9281118621543488,0.7477678571428572
39,43,Beginner,Beginner,r2,r2,c1,c1,0.9885043929314622,0.9301147168287947,0.9882266220367912,0.9524146535387802,0.7488461538461538
39,47,Beginner,Beginner,r2,r2,c1,c1,0.9852835412905173,0.8996661307052753,0.9873397024022299,0.9578255403611883,0.6663775207591933
39,50,Beginner,Beginner,r2,r2,c1,c1,0.9922143131190345,0.9390546489981298,0.989184644834036,0.9508245500662817,0.705240174672489
39,9,Beginner,Beginner,r2,r2,c1,c1,0.9904595186161971,0.886215077741855,0.9872586446096345,0.9624283527364484,0.7
40,41,Beginner,Beginner,r2,r2,c3,c3,0.9873587131541833,0.8794446119183225,0.9878954063242205,0.8105983975859645,0.7356673633920573
40,48,Beginner,Beginner,r2,r2,c3,c3,0.9843214487062167,0.7991259247484062,0.9854018745252658,0.9492234713924619,0.7688441653538065
40,52,Beginner,Beginner,r2,r2,c3,c3,0.9875127850913523,0.9314065382798762,0.9885113559740247,0.8546059892455836,0.75760582010582
41,48,Beginner,Beginner,r2,r2,c3,c3,0.988150003610028,0.8084322901384865,0.9839189691446336,0.8915461869775956,0.6931140350877194
41,52,Beginner,Beginner,r2,r2,c3,c3,0.9843036529996222,0.7898792418178413,0.9823651239879385,0.9486293619189611,0.6749669873608752
43,47,Beginner,Beginner,r2,r2,c1,c1,0.9857256106241002,0.8966266683412593,0.9856361665487258,0.9568297251682449,0.6958374505928854
43,50,Beginner,Beginner,r2,r2,c1,c1,0.9917171922887486,0.9306529228178548,0.9892097348821276,0.9416831681759874,0.6685226429101707
43,9,Beginner,Beginner,r2,r2,c1,c1,0.9893029131570985,0.9095177301440586,0.987341379504087,0.9596717796423955,0.6980488772272395
47,50,Beginner,Beginner,r2,r2,c1,c1,0.9870063840679179,0.927376259502076,0.9872006943948416,0.9578824915274867,0.710421888053467
47,9,Beginner,Beginner,r2,r2,c1,c1,0.9875112401407452,0.8936617341494525,0.98523159782474,0.9455964959821115,0.7425149700598802
48,52,Beginner,Beginner,r2,r2,c3,c3,0.986522343022031,0.8989117343098411,0.9847957890999374,0.8719989085952595,0.752808988764045
50,9,Beginner,Beginner,r2,r2,c1,c1,0.9914424229560709,0.9049083308415906,0.9901056616226106,0.9557990773941183,0.7551867219917012
